mookid,total_losses,quintile,asset_cost,losses/asset_cost
178,,1,,
457,25700,2,12800,2.0078125
699,20000,1,10700,1.869158864
930,32200,2,33500,0.961194038
183,25800,1,20700,1.246376753
184,61800,4,40900,1.511002421
933,11000,1,28000,0.392857134
359,13500,4,14000,0.964285731
8,6500,1,1400,4.642857075
464,17000,1,7700,2.207792282
936,39150,1,,
465,18500,2,13900,1.33093524
191,48900,1,19000,2.573684216
469,19000,,17800,1.067415714
713,52650,2,17000,3.097058773
473,40800,1,29300,1.39249146
198,8400,1,10000,0.839999974
474,37500,2,17300,2.167629957
475,63500,2,37000,1.716216207
716,115000,3,7500,15.33333302
478,20250,1,6300,3.214285612
479,2000,1,,
721,15450,1,53500,0.28878504
481,22500,1,32000,0.703125
956,26000,,,
382,13500,1,13500,1
211,86000,1,40700,2.113022089
213,61700,1,26200,2.354961872
961,13300,,,
214,67600,1,25200,2.682539701
731,50000,2,25000,2
217,62000,1,50000,1.24000001
38,28900,1,17300,1.670520186
968,6300,,1200,5.25
970,50800,,4000,12.69999981
223,72000,2,43600,1.651376128
740,43600,2,48000,0.908333361
44,25500,1,58000,0.439655185
500,7200,1,10500,0.685714304
225,17500,1,10700,1.635514021
226,26500,1,59000,0.449152529
744,15500,1,16500,0.939393938
401,43300,3,36000,1.202777743
402,59500,4,25600,2.32421875
229,74600,1,30700,2.429967403
746,80000,1,,
404,44200,1,1700,26
234,13900,1,5200,2.673076868
410,57500,1,25000,2.299999952
237,500,1,16500,0.030303029
59,2200,1,3000,0.733333349
412,126500,4,26000,4.865384579
988,80200,,,
758,31250,1,15000,2.083333254
990,60000,,,
760,2000,1,7500,0.266666681
64,,1,5500,
244,15000,1,11700,1.282051325
246,47000,3,90000,0.522222221
994,63650,,,
764,22000,1,13000,1.692307711
248,30000,1,18000,1.666666627
249,111000,3,32000,3.46875
424,49000,4,22000,2.227272749
252,159000,4,56000,2.839285612
426,3250,1,550,5.909090996
529,45000,1,30000,1.5
772,37300,2,97500,0.382564098
533,20500,1,14200,1.443661928
431,24000,2,20000,1.200000048
776,3000,1,23500,0.127659574
1011,47000,1,60000,0.783333361
783,1700,1,13500,0.125925928
440,25500,1,8300,3.072289228
785,550,,250,2.200000048
787,35500,,30100,1.179401994
1019,65400,,,
272,17500,4,32000,0.546875
1022,1600,2,20000,0.079999998
1024,11000,2,22700,0.4845815
1025,500,1,4000,0.125
451,8260,1,3800,2.17368412
1027,700,3,38000,0.018421054
280,105200,2,29900,3.518394709
1028,45500,2,85600,0.531542063
557,163500,4,136000,1.202205896
282,31000,1,16000,1.9375
1031,17250,3,15500,1.112903237
561,84000,4,34500,2.434782505
1034,1500,1,,
804,31000,1,26700,1.161048651
1035,15650,1,2450,6.387754917
1036,15500,1,16250,0.953846157
806,16950,,,
567,38500,1,34450,1.117561698
571,67700,4,24200,2.797520638
1043,2400,2,38700,0.062015504
1044,19500,2,10000,1.950000048
575,134000,5,80500,1.664596319
1047,21600,2,,
576,96500,4,35500,2.718309879
1048,1400,2,7650,0.18300654
301,2000,1,,
1049,10500,1,21900,0.479452044
1052,16000,1,,
305,129000,3,67000,1.925373077
581,109000,4,39000,2.794871807
1053,41000,2,14000,2.928571463
582,63000,5,36500,1.726027369
583,115000,4,46500,2.473118305
585,60000,1,30100,1.993355513
588,50000,4,10000,5
1060,21580,1,22400,0.963392854
590,35000,4,39700,0.881612062
822,6000,,,
1062,16100,1,8500,1.894117594
591,45000,4,28700,1.567944288
1063,110000,1,7500,14.66666698
592,31000,4,5000,6.199999809
595,88000,4,4002,21.98900604
828,45420,,,
597,76700,3,34000,2.255882263
1071,41500,1,18000,2.305555582
600,99000,4,50450,1.962338924
602,99800,4,44500,2.242696524
834,16400,,,
147,37500,1,64400,0.58229816
835,10250,,,
328,32000,2,102951,0.310827494
604,97000,4,59500,1.630252123
838,18450,,,
608,97000,4,50250,1.930348277
840,15000,,7000,2.142857075
153,41600,1,48300,0.86128366
842,26500,,,
611,69000,4,47000,1.468085051
158,1010400,1,5000,202.0800018
615,18000,5,21000,0.857142866
848,43500,,9700,4.484536171
617,59000,4,18000,3.277777672
849,6300,,,
850,55250,,500,110.5
344,50000,1,45500,1.098901153
852,7500,,12700,0.590551198
1093,180000,1,480000,0.375
346,210550,1,32950,6.389984608
624,100200,4,16500,6.072727203
625,114000,4,33000,3.454545498
858,8880,2,16850,0.52700299
351,77000,1,74850,1.028724074
859,3220,1,12070,0.266777128
628,51000,4,15000,3.400000095
176,34500,1,13500,2.555555582
177,64000,1,19700,3.248730898
633,57000,5,36000,1.583333373
636,55000,1,26000,2.115384579
637,91600,2,33450,2.73841548
638,73000,3,27000,2.703703642
639,22500,3,17000,1.323529363
640,89500,3,37500,2.386666775
1112,13800,1,21300,0.647887349
873,5100,2,28200,0.180851057
643,40900,1,10400,3.932692289
647,43000,1,20000,2.150000095
881,5700,4,19700,0.289340109
885,3000,2,24000,0.125
886,14000,3,60000,0.233333334
1126,9300,1,1900,4.894736767
655,49700,1,21800,2.279816628
887,5200,1,25500,0.203921571
656,58300,1,11800,4.94067812
888,16000,5,38500,0.415584415
1128,6100,1,3200,1.90625
889,3900,4,21300,0.183098599
894,28750,3,50000,0.574999988
898,97500,1,21500,4.534883499
667,26000,1,35000,0.742857158
899,17000,3,87200,0.194954127
668,14200,1,23000,0.617391288
669,25150,2,11100,2.265765667
902,3500,1,33200,0.105421685
904,21920,,,
905,28900,,,
678,32300,2,27200,1.1875
679,24500,2,27000,0.907407403
1153,57000,1,16000,3.5625
1154,31700,2,17500,1.811428547
684,30000,3,10000,3
922,26850,,4300,6.244185925
1164,23150,2,19000,1.218421102
693,8500,1,8000,1.0625
695,79440,1,28700,2.767944336
1,16250,1,16740,0.970728815
354,38500,3,23500,1.638297915
698,47650,2,14200,3.355633736
929,40000,2,18200,2.197802305
2,19000,1,33500,0.567164183
355,48000,1,36500,1.315068483
182,73500,2,34000,2.161764622
458,37500,3,28000,1.339285731
3,25000,4,9500,2.631578922
356,24000,1,11500,2.086956501
459,30200,4,9500,3.178947449
700,14200,3,8000,1.774999976
931,115000,1,10000,11.5
4,26200,1,1350,19.40740776
357,2281000,2,12500,182.4799957
460,29800,2,13500,2.207407475
701,112000,2,41000,2.731707335
932,3000,1,42000,0.071428575
5,46000,1,27200,1.691176414
358,12000,1,42500,0.282352954
185,94500,1,42202,2.239230394
461,7800,1,10300,0.757281542
702,60000,3,28250,2.123893738
6,58400,3,46350,1.259978414
186,116000,4,104000,1.115384579
462,15800,5,2700,5.85185194
703,48700,2,37500,1.298666716
934,14200,2,18000,0.788888872
7,102500,4,40500,2.530864239
360,33500,4,10000,3.349999905
187,91200,5,100905,0.903820395
463,45300,5,27000,1.677777767
704,148800,3,91400,1.628008723
935,27000,1,22200,1.216216207
361,39500,4,29000,1.362069011
188,79500,4,102800,0.773346305
705,49400,3,5700,8.666666985
362,161000,4,62400,2.580128193
189,72500,5,86500,0.838150263
937,2000,2,1700,1.176470637
363,35000,4,5000,7
190,134500,4,114000,1.179824591
466,44800,4,29500,1.518644094
707,9500,,56800,0.167253524
938,41200,1,5500,7.4909091
364,12700,2,20400,0.622548997
467,29000,2,21300,1.36150229
708,76500,4,39500,1.936708808
939,3400,4,8000,0.425000012
12,17000,5,31000,0.54838711
192,36200,4,37500,0.965333343
468,121500,1,74600,1.628686309
709,43000,2,8000,5.375
940,71500,3,45000,1.588888884
366,8200,1,150,54.66666794
193,12750,4,28500,0.447368413
710,79600,1,28000,2.842857122
941,9000,5,34500,0.260869563
14,24000,1,65500,0.366412222
367,5800,1,7000,0.828571439
194,25700,3,28500,0.901754379
470,79600,2,42500,1.872941136
942,16200,3,20200,0.801980197
368,,1,,
195,59000,1,81700,0.7221542
471,43000,1,22300,1.928251147
943,3000,1,,
16,39170,5,25160,1.556836247
369,10500,4,20000,0.524999976
196,70000,5,8000,8.75
472,35500,1,30000,1.183333278
944,17100,2,13000,1.315384626
17,131000,4,37000,3.540540457
370,16700,5,8000,2.087500095
197,15000,3,7900,1.898734212
714,103000,5,25000,4.119999886
945,27000,3,500,54
18,143000,5,31000,4.612903118
371,33500,4,18900,1.772486806
715,48000,4,,
946,20200,,,
19,100000,4,19000,5.263157845
199,98500,3,21500,4.581395149
947,20000,,,
20,39000,4,12000,3.25
373,3000,3,,
200,51000,5,23500,2.170212746
476,51000,3,9500,5.368421078
21,32000,4,18000,1.777777791
201,31900,5,17000,1.876470566
477,43000,1,29000,1.482758641
718,108500,4,26500,4.094339848
22,32900,3,5150,6.388349533
375,31000,3,28000,1.107142806
202,46000,5,20000,2.299999952
719,450000,4,150000,3
950,25000,,,
23,26500,1,2500,10.60000038
203,64000,1,96500,0.663212419
24,7000,3,22500,0.311111122
204,134500,1,11900,11.30252075
480,20800,1,11200,1.857142806
952,101500,,,
25,73000,1,11500,6.347826004
378,26000,3,37500,0.693333328
205,126200,4,44500,2.835955143
722,114850,2,24000,4.785416603
953,42700,,5000,8.539999962
26,35000,1,18500,1.891891837
379,32000,4,39200,0.816326559
206,68500,3,21200,3.23113203
482,31400,5,4400,7.136363506
27,35500,4,36500,0.972602725
380,28500,4,49000,0.581632674
207,66900,3,8200,8.158536911
483,32000,5,20000,1.600000024
724,75000,1,17500,4.285714149
955,40400,,,
28,14000,4,10000,1.399999976
484,74500,4,56000,1.330357194
725,60250,1,4500,13.38888931
29,43900,4,34800,1.261494279
209,25600,4,16000,1.600000024
485,37000,4,12000,3.083333254
726,42000,2,39500,1.063291192
957,65700,,8000,8.212499619
30,44000,2,17000,2.588235378
210,87000,2,12500,6.960000038
486,11000,4,4000,2.75
727,24000,4,2505,9.580838203
958,35100,,,
31,40000,1,,
384,45500,2,67200,0.677083313
487,22300,1,7300,3.05479455
728,82500,4,51000,1.617647052
32,57000,4,27500,2.072727203
385,44000,4,41300,1.065375328
212,29700,3,12500,2.375999928
488,51000,1,16000,3.1875
729,80000,5,30000,2.666666746
960,49800,,,
33,35000,4,18000,1.944444418
386,81000,1,88500,0.915254235
489,54000,1,25000,2.160000086
730,72400,1,39500,1.832911372
34,57000,5,27000,2.111111164
387,36000,3,21900,1.643835664
490,21500,2,24500,0.877551019
962,10600,,,
35,40000,5,24500,1.632653117
388,100300,3,34200,2.932748556
215,107000,3,153000,0.699346423
491,7800,1,2600,3
732,90500,2,673500,0.134372681
963,24950,,1250,19.95999908
389,56000,4,40000,1.399999976
492,29500,2,27500,1.072727323
733,122000,2,30000,4.066666603
964,23200,,600,38.66666794
37,41000,4,26500,1.547169805
390,48000,4,27500,1.74545455
493,68000,4,68000,1
734,97100,1,3000,32.36666489
965,20700,,,
391,39200,3,20000,1.960000038
735,95250,3,49000,1.943877578
966,82200,,500,164.3999939
39,56000,5,37500,1.49333334
392,55000,4,30000,1.833333373
495,41500,1,40000,1.037500024
736,88500,4,38000,2.328947306
967,12800,,500,25.60000038
40,20700,1,40300,0.513647616
393,46500,4,30500,1.524590135
496,212000,4,427300,0.496138543
737,132800,1,20000,6.639999866
41,36900,1,62500,0.590399981
394,46500,4,27000,1.722222209
221,40800,5,80500,0.506832302
497,23600,5,37300,0.632707775
738,48000,3,,
969,47950,,600,79.91666412
42,24000,1,34000,0.70588237
395,53000,5,21500,2.465116262
222,94900,3,74000,1.282432437
498,33500,3,37000,0.905405402
739,89000,2,50000,1.779999971
43,17750,3,66500,0.266917288
396,74000,3,42000,1.761904716
499,38600,4,31000,1.245161295
971,61800,,1200,51.5
397,47000,5,26000,1.807692289
224,76500,4,61000,1.254098415
741,90000,4,30000,3
972,75300,,15000,5.019999981
45,25000,3,72000,0.347222209
398,56000,5,36500,1.534246564
742,106300,2,43500,2.443678141
973,62000,,8002,7.748063087
46,32150,2,50200,0.640438259
399,38000,4,14000,2.714285612
502,7500,1,19000,0.394736856
743,46300,2,8500,5.447058678
974,86700,,8001,10.8361454
47,31800,3,34450,0.923076928
400,71000,5,38000,1.868421078
227,51800,3,95500,0.542408407
503,71500,2,40300,1.774193525
975,107200,,15000,7.146666527
228,20200,5,152000,0.13289474
504,19500,2,53500,0.364485979
976,53500,,8000,6.6875
49,18500,1,35600,0.519662917
505,19500,3,26800,0.727611959
403,50500,5,28900,1.747404814
230,95800,3,145000,0.660689652
506,11800,2,21700,0.543778777
747,180700,5,754500,0.23949635
978,76000,,5000,15.19999981
51,35200,3,26200,1.343511462
231,195000,4,118500,1.645569563
507,13500,1,22800,0.592105269
52,27000,4,45400,0.594713628
405,74500,3,65200,1.142638087
508,81000,5,52700,1.537001848
980,62000,,,
406,20100,3,12250,1.640816331
233,85000,2,36000,2.361111164
509,18500,2,28200,0.65602839
981,28000,,,
407,61500,4,26000,2.365384579
510,43300,4,46200,0.937229455
751,437500,4,27500,15.909091
982,48750,,,
408,63000,4,28000,2.25
752,113000,1,62100,1.819645762
983,49950,,,
409,49000,5,23000,2.130434752
512,47500,1,46200,1.028138518
753,141350,3,41000,3.447561026
984,87200,,,
57,67000,2,28000,2.392857075
985,128600,,,
58,500,1,,
411,74700,5,36500,2.046575308
238,109100,,69700,1.565279722
514,23600,3,12500,1.888000011
755,106200,4,29000,3.662069082
239,5900,4,59500,0.099159665
515,38500,4,12500,3.079999924
756,80000,3,30000,2.666666746
987,65020,,,
60,26000,2,29700,0.875420868
413,344350,1,32500,10.5953846
516,11000,1,3000,3.666666746
757,15000,1,10000,1.5
61,,2,27100,
414,37000,3,27000,1.370370388
241,86500,,29500,2.932203293
517,37300,4,21300,1.751173735
989,26700,,,
62,500,2,,
415,33000,3,10250,3.219512224
242,3000,2,43200,0.06944444
518,60000,3,31200,1.923076868
759,143000,4,36500,3.917808294
63,14000,2,20000,0.699999988
416,37500,4,21000,1.785714269
243,48800,2,56000,0.871428549
519,37400,4,21300,1.755868554
991,55550,,,
417,42000,3,27700,1.516245484
520,105650,5,75200,1.40492022
761,51200,3,131200,0.390243888
418,19000,1,14500,1.310344815
245,15000,4,75000,0.200000003
521,20000,4,22000,0.909090936
762,19000,5,20000,0.949999988
419,95000,4,33000,2.878787994
522,79200,5,65300,1.212863684
763,78630,3,70800,1.1105932
67,62000,4,30500,2.032786846
420,18850,3,19000,0.992105246
247,89500,1,98500,0.908629417
523,51000,4,27500,1.854545474
68,20000,5,45250,0.441988945
421,118500,5,24500,4.836734772
524,30000,1,15000,2
765,55000,1,17200,3.197674513
69,8900,1,700,12.71428585
422,43000,4,27000,1.592592597
525,227000,5,55000,4.127272606
70,18000,4,20000,0.899999976
423,54600,4,27500,1.985454559
250,40000,3,15000,2.666666746
526,55900,4,38700,1.444444418
767,27800,2,15600,1.782051325
71,68000,4,42000,1.619047642
251,43000,4,45000,0.955555558
527,87500,3,14650,5.972696304
768,36000,1,12800,2.8125
999,100200,,,
72,36000,3,16000,2.25
425,29700,3,14000,2.12142849
528,27600,3,8700,3.172413826
769,97250,1,37000,2.628378391
1000,130000,4,30000,4.333333492
73,53000,5,35000,1.514285684
770,82000,2,31400,2.611464977
1001,97000,2,80000,1.212499976
74,104000,5,67000,1.552238822
427,28000,3,18500,1.513513565
254,40800,2,23200,1.758620739
530,451500,4,376000,1.200797915
771,12600,1,1500,8.399999619
1002,30000,1,100000,0.300000012
75,21000,4,21000,1
428,16000,3,26000,0.615384638
255,96000,4,53000,1.811320782
531,24000,5,3000,8
76,27500,5,38050,0.722733259
429,29850,3,5500,5.427272797
256,21500,1,13300,1.616541386
532,17000,4,5000,3.400000095
773,9000,1,17000,0.529411793
1004,41350,4,31800,1.300314426
77,70000,4,42800,1.635514021
430,23000,4,11250,2.044444561
257,74700,3,8800,8.488636017
774,4500,5,1500,3
1005,165000,3,150000,1.100000024
78,36500,5,27000,1.351851821
258,123500,3,37000,3.337837934
534,102300,3,40000,2.557499886
775,12500,3,25000,0.5
79,40500,4,30500,1.327868819
432,22500,1,11400,1.973684192
259,7400,3,650,11.38461494
535,30000,2,7400,4.05405426
1007,117000,4,50000,2.339999914
80,37300,5,16400,2.274390221
433,22400,4,17500,1.279999971
260,24800,5,9200,2.695652246
536,28000,3,4000,7
777,13500,3,,
1008,75000,1,250000,0.300000012
81,44500,4,21500,2.069767475
434,33200,3,26500,1.252830148
261,91000,4,47000,1.93617022
537,70350,4,400,175.875
1009,95000,3,70000,1.357142806
82,40500,4,32000,1.265625
262,59400,3,8300,7.156626701
538,20000,2,16000,1.25
436,32500,1,19000,1.710526347
263,46600,4,4500,10.35555553
539,27000,3,8000,3.375
780,47010,1,3200,14.69062519
84,73000,4,38000,1.921052575
437,23000,4,15000,1.533333302
264,60000,4,25000,2.400000095
540,25350,3,8950,2.832402229
1012,62000,3,30000,2.066666603
85,62000,4,24600,2.520325184
438,51000,4,27000,1.888888836
265,39000,3,36700,1.06267035
1013,135000,2,30000,4.5
86,70000,3,28000,2.5
439,48000,4,26500,1.811320782
266,94800,2,29600,3.202702761
542,21000,1,15000,1.399999976
1014,113300,,,
87,40000,4,17000,2.352941275
267,123000,4,64800,1.898148179
784,140000,5,50000,2.799999952
1015,22700,,,
88,41000,3,42000,0.976190448
441,41000,5,37100,1.105121255
268,56000,4,24000,2.333333254
544,49350,4,11550,4.272727489
1016,59300,,,
89,82000,4,46000,1.782608747
442,22700,4,7100,3.197183132
269,78000,4,27000,2.888888836
545,42700,3,8150,5.239264011
786,79200,1,58500,1.353846192
1017,61000,,,
90,54000,5,43000,1.255813956
443,43700,4,12000,3.641666651
270,117500,5,51000,2.303921461
546,27000,1,7900,3.41772151
1018,5000,,,
444,28000,1,12600,2.222222328
547,160300,3,8250,19.43030357
92,56000,1,16500,3.393939495
445,7750,5,24580,0.315296978
548,42000,4,52250,0.803827763
789,32700,,16000,2.043750048
1020,13100,2,33000,0.396969706
93,68800,4,32500,2.116923094
446,20400,4,40000,0.50999999
273,61000,4,26000,2.346153736
549,29800,3,14250,2.091228008
790,44000,,21000,2.095238209
1021,61000,2,8300,7.349397659
94,38500,3,28000,1.375
447,10500,1,1400,7.5
550,38000,2,23000,1.652173877
791,75800,1,108000,0.701851845
95,42500,4,21000,2.023809433
448,39500,3,18300,2.158469915
275,100000,4,64260,1.556177974
792,14900,,19500,0.764102578
1023,13200,3,3700,3.567567587
96,38000,4,18000,2.111111164
449,29800,2,9250,3.221621513
276,37000,4,20500,1.804877996
552,25500,3,13000,1.961538434
793,4500,,9500,0.473684222
97,70000,4,29100,2.405498266
450,10400,1,1450,7.172413826
277,81000,3,35500,2.281690121
553,27000,2,5000,5.400000095
794,7000,,25600,0.2734375
98,44000,4,33000,1.333333373
554,27000,2,13000,2.076923132
1026,3700,2,49000,0.075510204
99,46400,4,33800,1.372781038
279,47000,1,58000,0.810344815
555,39000,2,33500,1.164179087
796,70200,,,
100,41600,5,28500,1.459649086
453,21000,2,13500,1.555555582
797,47700,,,
101,49500,4,32500,1.523076892
454,21000,4,21000,1
281,24000,4,12500,1.919999957
1029,21000,2,31350,0.669856489
102,31800,3,36950,0.860622466
558,7500,3,28000,0.267857134
799,28550,,,
1030,18000,2,27500,0.654545426
456,39000,1,52500,0.742857158
283,277200,4,40500,6.844444275
559,83000,5,39500,2.101265907
800,26700,,,
284,60800,4,21700,2.801843405
560,55000,4,26000,2.115384579
1032,16400,2,18000,0.911111116
285,26000,1,7500,3.466666698
802,87200,,250,348.7999878
1033,2500,1,,
286,51400,4,33500,1.534328341
562,89000,5,25500,3.49019599
803,46000,,,
287,4050,,9000,0.449999988
563,91900,4,28700,3.202090502
288,77000,1,28700,2.682926893
564,81200,3,22100,3.674208164
805,32900,,,
109,23400,4,19400,1.206185579
289,40700,1,8000,5.087500095
565,67400,4,24600,2.739837408
1037,95250,1,26200,3.63549614
110,41000,3,30000,1.366666675
290,41500,2,22800,1.820175409
566,86000,4,37000,2.324324369
807,7500,,,
1038,10000,5,,
111,52000,2,25000,2.079999924
291,5000,1,3000,1.666666627
808,41400,,,
112,75800,2,37800,2.005290985
292,47700,2,39500,1.207594991
568,69000,5,35350,1.951909423
809,79500,,,
1040,52800,2,10000,5.28000021
113,73200,1,8200,8.926829338
293,21300,2,37000,0.575675666
569,54500,4,38100,1.430446148
1041,35000,2,17200,2.034883738
114,40000,4,23000,1.739130378
294,22600,1,22500,1.00444448
811,8850,,,
1042,7500,2,78700,0.095298603
115,28800,4,48850,0.589559853
295,48500,1,3300,14.69696999
812,94700,,,
116,100000,5,44000,2.272727251
296,7000,1,150,46.66666794
572,108500,1,39900,2.719298363
813,45200,,,
117,66500,4,50500,1.316831708
297,65500,3,16000,4.09375
814,57600,3,12500,4.607999802
1045,84000,3,39000,2.153846264
298,17200,1,13500,1.274074078
574,104700,4,80450,1.30142951
815,126900,1,53500,2.371962547
1046,40900,2,7200,5.680555344
119,43000,1,37800,1.13756609
816,34800,,,
120,20100,2,20000,1.004999995
121,21400,4,13400,1.597014904
577,43000,4,18500,2.324324369
122,19300,3,10300,1.873786449
302,42000,4,21500,1.95348835
578,63400,4,26000,2.438461542
1050,1900,2,18000,0.105555557
123,95000,4,25000,3.799999952
303,97000,4,10300,9.4174757
579,99000,4,42500,2.329411745
1051,36200,1,26700,1.355805278
124,71200,4,13900,5.122302055
580,73200,4,32800,2.231707335
125,58000,3,23000,2.521739244
126,44700,1,36650,1.219645262
306,31000,2,15000,2.066666603
1054,15400,1,22000,0.699999988
127,91000,2,153500,0.592833877
307,38000,4,20000,1.899999976
1055,5000,1,600,8.333333015
128,54200,5,73300,0.73942703
308,9300,4,4000,2.325000048
584,86500,5,34300,2.521865845
1056,42200,2,32100,1.314641714
129,22500,3,24000,0.9375
309,18000,3,20000,0.899999976
1057,12900,1,17200,0.75
130,19900,1,42100,0.472684085
310,42850,2,18650,2.297587156
586,84200,4,35000,2.405714273
818,55500,,,
1058,3950,3,13800,0.286231875
131,20800,5,28700,0.724738657
311,36000,4,15000,2.400000095
587,32000,2,33000,0.969696999
819,63950,,,
1059,17000,3,9500,1.789473653
132,43500,3,39900,1.090225577
312,26500,4,39200,0.676020384
820,65650,2,,
133,31600,5,26500,1.192452788
313,21800,3,37500,0.581333339
589,27000,4,8000,3.375
821,52000,,,
1061,6050,1,7700,0.785714269
134,30000,3,31500,0.952380955
314,31000,3,27600,1.123188376
135,56700,4,38000,1.492105246
315,25000,3,27300,0.915750921
823,11700,,,
136,33500,1,35500,0.943661988
316,43600,5,30100,1.448504925
317,44000,5,36100,1.218836546
593,58000,4,30000,1.933333278
825,51600,,,
318,20300,5,26500,0.766037762
594,17000,3,5500,3.090909004
826,20800,,,
1066,70000,4,3000,23.33333397
319,23500,4,47700,0.49266246
827,57700,,,
1067,115000,5,27500,4.181818008
140,14300,4,21200,0.674528301
320,12500,4,12000,1.041666627
596,75000,5,55001,1.363611579
321,14500,4,35750,0.405594409
829,8700,,,
322,26400,5,42200,0.625592411
598,144000,5,29200,4.931506634
1070,140000,4,50000,2.799999952
323,12500,3,33500,0.373134315
599,128300,5,16000,8.018750191
831,34750,3,,
144,27000,2,41600,0.649038434
324,23500,4,33600,0.699404776
832,109800,1,,
1072,15000,1,10000,1.5
601,129000,4,37000,3.486486435
833,42700,,,
1073,60000,2,15000,4
146,3200,1,8400,0.380952388
326,10200,4,18250,0.558904111
1074,60850,4,28500,2.135087729
327,16500,3,24500,0.673469365
603,60000,4,23400,2.56410265
1075,124000,3,27000,4.592592716
836,18700,,,
1076,117300,2,62500,1.876799941
329,25350,1,30600,0.828431368
605,51300,4,30000,1.710000038
837,32200,,14500,2.220689774
330,9400,1,26300,0.357414454
606,109100,4,34050,3.204111576
331,26800,4,32300,0.829721391
607,52000,5,30500,1.704918027
839,21700,2,29200,0.743150711
1079,262500,3,10000,26.25
332,23700,3,31450,0.753577113
1080,65000,1,10000,6.5
333,47200,3,24700,1.91093123
609,48900,4,4700,10.40425491
841,45200,,,
154,41400,1,3000,13.80000019
334,17900,3,9700,1.845360875
610,75000,4,30000,2.5
335,58000,3,54000,1.07407403
1083,51500,3,30000,1.716666698
156,15700,1,16000,0.981249988
336,21000,3,24600,0.853658557
844,48900,,,
157,19000,1,26200,0.725190818
337,42500,4,49200,0.863821149
845,38750,,,
338,14000,4,23550,0.594479859
614,120000,4,70000,1.714285731
846,11350,,2750,4.127272606
159,18500,1,9500,1.947368383
339,45500,2,37850,1.202113628
1087,42000,2,15000,2.799999952
160,17500,1,350,50
340,29500,3,52000,0.567307711
616,40500,4,43050,0.940766573
161,9000,1,9500,0.947368443
341,34500,4,33000,1.045454502
1089,67500,3,140000,0.482142866
162,27500,1,17000,1.617647052
342,36900,3,57000,0.647368431
618,67400,5,32000,2.106250048
163,60000,4,27000,2.222222328
343,57200,3,43800,1.305936098
619,78400,5,35400,2.214689255
851,36000,,4500,8
1091,480000,3,300000,1.600000024
164,18400,1,4650,3.956989288
620,91000,4,45000,2.022222281
165,,1,,
345,17600,4,38100,0.461942255
621,88200,4,34300,2.571428537
166,13000,3,,
622,91000,4,30000,3.033333302
167,50800,5,8200,6.195121765
347,114000,5,118500,0.962025344
623,67750,4,50710,1.336028337
855,103500,3,95000,1.089473724
1095,150000,3,24000,6.25
168,78000,4,24500,3.183673382
348,32800,2,25300,1.296442747
856,1350,3,15350,0.087947883
1096,75000,4,30000,2.5
169,4500,1,4500,1
349,22700,4,41300,0.549636781
857,28700,,28000,1.024999976
1097,70000,3,55000,1.272727251
170,92800,3,20300,4.571428776
350,40500,4,39000,1.038461566
626,122000,4,15000,8.133333206
1098,300000,3,50000,6
171,30150,4,8000,3.768749952
627,61200,5,12000,5.099999905
1099,83500,3,15000,5.566666603
172,1500,5,3500,0.428571433
352,57000,5,77000,0.740259767
860,51800,3,29100,1.780068755
1100,95000,3,50000,1.899999976
173,33700,4,41150,0.818955064
353,51000,3,38900,1.311053991
629,156000,4,20500,7.609755993
861,65550,5,37200,1.762096763
1101,150000,1,31500,4.761904716
174,164500,5,24502,6.713737488
630,128000,5,29000,4.413793087
1102,700000,5,150000,4.666666508
175,40000,3,21000,1.90476191
863,33400,1,8300,4.024096489
1103,80000,3,20000,4
632,77000,2,49000,1.571428537
1104,231800,3,30000,7.726666451
865,49300,1,15700,3.14012742
1105,25000,4,15000,1.666666627
634,33200,1,54400,0.610294104
1106,142000,4,50000,2.839999914
635,57700,1,34500,1.672463775
867,38150,2,2200,17.34090996
1107,230000,3,50000,4.599999905
868,4575,1,7375,0.620338976
1108,125000,3,100000,1.25
869,2700,2,16500,0.163636357
870,21580,3,29800,0.724161088
1110,250000,3,48000,5.208333492
871,11500,4,71500,0.160839155
1111,71800,3,146500,0.490102381
872,18700,3,12400,1.508064508
641,78000,,32000,2.4375
642,55500,3,33500,1.656716466
1114,12800,3,16400,0.780487776
1115,40400,2,14500,2.786206961
644,57000,1,28000,2.035714388
876,12750,4,22150,0.57562077
1116,79600,1,23000,3.460869551
645,82700,3,41300,2.002421379
877,,,29750,
1117,11225,1,15500,0.724193573
878,32150,3,3000,10.71666622
1118,13400,2,12500,1.072000027
879,1400,1,21000,0.06666667
648,63900,3,26700,2.393258333
880,40800,,,
1120,54600,2,22500,2.426666737
1121,33400,3,14700,2.272108793
882,5050,2,23000,0.219565213
1122,40600,2,25000,1.623999953
651,49500,1,24500,2.020408154
883,57550,1,106800,0.538857698
1123,23800,1,18500,1.286486506
652,50500,2,14300,3.53146863
884,38000,2,44500,0.853932559
1124,206400,2,26000,7.938461304
1125,60800,1,7750,7.845161438
654,58000,3,36000,1.611111164
1127,,1,,
657,42500,1,27500,1.545454502
1129,37500,3,10000,3.75
658,62000,5,53000,1.169811368
890,23200,3,57500,0.403478265
659,63200,4,17000,3.717647076
891,54850,1,34200,1.603801131
1131,106500,3,16000,6.65625
660,37500,3,19500,1.923076868
892,19500,2,16000,1.21875
1132,188200,,93500,2.012834311
661,59400,2,24200,2.454545498
893,471000,5,954000,0.493710697
1133,112300,,1650,68.06060791
662,32000,4,24000,1.333333373
1134,10300,3,12200,0.844262302
663,38700,1,28000,1.382142901
895,19500,2,27000,0.722222209
1135,18450,,11500,1.604347825
664,32250,3,13850,2.328519821
896,1150,2,24000,0.047916666
1136,10500,1,22000,0.477272719
665,38000,4,44700,0.850111842
897,4000,2,29000,0.137931034
666,19000,1,18600,1.021505356
1139,16700,2,20200,0.826732695
900,4450,4,500,8.899999619
1140,112300,2,53500,2.099065304
901,14300,2,33500,0.426865667
670,59500,3,24000,2.479166746
1142,38650,1,24500,1.577551007
671,64000,2,28500,2.245614052
903,17000,2,19000,0.894736826
1144,30000,2,,
1145,14400,1,4900,2.938775539
674,76200,2,72600,1.049586773
906,72200,5,71000,1.016901374
675,17000,2,8300,2.048192739
1147,25800,1,11300,2.283185959
1148,121000,4,8200,14.75609779
677,35000,2,44000,0.795454562
909,48800,2,17500,2.788571358
1149,57100,3,9500,6.01052618
910,87700,2,27000,3.248148203
911,16600,2,8800,1.886363626
680,50900,3,36400,1.398351669
912,82500,3,47000,1.755319118
1152,51000,3,15700,3.248407602
681,20000,1,20200,0.990099013
913,83800,5,16000,5.237500191
914,41700,1,13000,3.207692385
683,21000,1,29000,0.724137902
915,58000,2,15000,3.866666555
1155,93000,2,38000,2.447368383
916,12500,3,3100,4.032258034
1156,27600,,70000,0.394285709
685,14000,1,16000,0.875
686,11000,4,10000,1.100000024
918,123000,5,10400,11.82692337
1158,8000,1,15000,0.533333361
687,8650,3,8050,1.074534178
919,155000,3,40000,3.875
1159,60000,3,8000,7.5
688,57000,3,46000,1.239130378
920,107800,3,29600,3.641891956
1160,40000,2,15000,2.666666746
689,124200,5,33000,3.763636351
921,29400,1,4600,6.391304493
1161,103700,3,16500,6.28484869
690,25400,1,8200,3.097560883
1162,54000,3,72500,0.744827569
691,14000,2,4500,3.111111164
923,17000,1,200,85
1163,12400,2,7000,1.771428585
692,20000,3,6000,3.333333254
924,59900,1,4900,12.22449017
925,139000,3,38900,3.573264837
694,23000,1,5000,4.599999905
926,48000,2,12050,3.983402491
1166,9500,1,20500,0.463414639
927,41400,1,6300,6.571428776
1167,52000,2,15000,3.466666698
696,32750,3,17240,1.899652004
928,79500,2,13000,6.115384579
697,73000,5,37500,1.946666718
365,10250,4,550,18.63636398
15,81000,5,42000,1.928571463
372,33500,5,55500,0.603603601
374,22000,4,33500,0.656716406
949,35700,,,
376,64500,1,68200,0.945747793
951,88800,,,
377,47500,5,65500,0.725190818
723,70000,3,50000,1.399999976
954,77300,,1501,51.49900055
381,83500,3,170000,0.491176456
959,54000,,600,90
36,62000,5,41000,1.51219511
216,72800,4,70500,1.032624125
218,14000,5,139000,0.100719422
494,136000,5,122700,1.108394504
219,119100,5,96000,1.240625024
220,113400,5,138000,0.821739137
501,22500,5,19500,1.153846145
48,21200,5,36850,0.575305283
745,70700,3,26200,2.698473215
977,97300,,8001,12.16098022
50,89500,4,24500,3.653061152
748,68500,5,83500,0.82035929
979,48000,,,
54,59000,5,82550,0.714718342
55,76000,4,86500,0.878612697
235,90500,5,175000,0.517142832
511,40700,5,32200,1.263975143
56,35500,5,25500,1.392156839
236,142400,3,74500,1.911409378
513,130000,5,140600,0.924608827
986,80500,,,
240,340500,2,77000,4.422078133
992,71000,,,
65,35000,4,,
66,11000,5,50000,0.219999999
995,98000,,,
996,29000,,,
766,40000,3,117000,0.341880351
997,66000,,,
998,73000,,,
1006,100000,4,60000,1.666666627
778,16500,2,75000,0.219999999
435,36000,4,23000,1.565217376
1010,115000,2,30000,3.833333254
83,71000,4,27000,2.629629612
541,125500,4,21000,5.976190567
543,26000,3,9700,2.680412292
551,23000,4,14000,1.642857194
795,58700,,,
452,23000,4,8000,2.875
556,47300,4,28200,1.677304983
798,36450,,,
455,7000,4,12500,0.560000002
104,84000,3,111700,0.752014339
801,62100,,,
105,54600,3,113200,0.48233214
106,85000,2,133000,0.63909775
107,100800,3,117500,0.857872367
108,82000,5,210000,0.390476197
810,68500,,,
570,58500,4,22000,2.659090996
573,68500,5,59300,1.15514338
299,94500,3,21700,4.354838848
304,53300,3,34500,1.544927478
824,82000,,,
1064,97500,4,19500,5
139,33500,5,46000,0.728260875
1068,70000,1,,
1069,100000,4,,
142,66500,5,65700,1.012176514
830,33200,,,
143,16500,5,13500,1.222222209
325,19000,5,45500,0.417582422
148,124000,5,,
149,110000,5,500000,0.219999999
1077,145000,5,80000,1.8125
150,220000,4,,
1078,80000,3,25000,3.200000048
152,124000,4,214000,0.579439223
1081,60300,5,62100,0.9710145
1082,113000,1,30000,3.766666651
155,441500,5,71000,6.218309879
843,37400,,,
612,130000,4,27000,4.814815044
1084,15000,1,10000,1.5
613,110000,5,40000,2.75
1085,105000,3,30000,3.5
1086,61500,2,15000,4.099999905
847,86200,,,
1088,110500,3,38000,2.90789485
1090,351500,4,160000,2.196875095
1092,110000,4,210000,0.523809552
853,40350,3,28900,1.396193743
854,59250,,,
1094,132000,5,17000,7.764705658
862,33800,4,17800,1.898876429
864,118500,2,84200,1.407363415
866,23500,4,26000,0.903846145
1109,34000,4,27500,1.236363649
1113,318000,5,17500,18.17142868
874,112000,4,25000,4.480000019
875,23500,5,17000,1.382352948
646,82000,5,30000,2.733333349
1119,22000,2,9000,2.444444418
650,56500,4,18000,3.138888836
1130,243000,5,5000,48.59999847
1137,52300,2,24000,2.179166555
1138,10000,3,,
1141,124600,3,277800,0.448524117
1143,9380,2,9650,0.972020745
672,50500,4,37700,1.3395226
673,73900,5,50700,1.457593679
907,21900,1,17600,1.244318128
676,61300,5,45200,1.356194735
908,140600,3,743900,0.1890039
1150,35500,1,,
1151,29700,2,17850,1.663865566
682,10000,5,4500,2.222222328
917,147300,3,172800,0.852430582
1157,18300,1,12800,1.4296875
1165,60000,3,8200,7.317073345
1168,16000,2,3500,4.571428776
10,15500,5,,
11,12500,5,15000,0.833333313
13,10200,4,,
383,77000,5,117000,0.658119678
749,37500,4,19100,1.963350773
750,63700,3,26500,2.403773546
1003,30600,5,47500,0.644210517
788,53000,,5000,10.60000038
103,284000,5,291000,0.975944996
137,720000,5,,
1065,70300,5,14500,4.848275661
138,2000,5,,
141,27000,5,,
151,234000,5,602000,0.38870433
649,58000,4,17100,3.391812801
9,20500,5,20500,1
706,110000,4,,
711,50000,5,31500,1.587301612
712,40000,2,11000,3.636363745
717,75000,4,14600,5.136986256
720,87000,5,39600,2.196969748
754,172000,2,54500,3.155963421
779,100000,3,3000,33.33333206
781,110000,4,20000,5.5
782,113000,5,108000,1.046296239
948,75400,,,
53,38000,4,54300,0.69981581
993,20000,,,
253,80200,5,40500,1.980246902
91,67000,4,27000,2.481481552
271,100400,4,37700,2.663130045
274,242500,1,24800,9.778225899
278,177500,5,116200,1.527538776
1039,6000,5,21000,0.285714298
118,31200,4,25000,1.248000026
300,,,1000,
817,13900,,,
145,27000,5,25000,1.080000043
631,66750,4,29350,2.274276018
653,96000,3,33950,2.82768774
1146,,,,
