country,gdp_pc_pp,pop,share1,plgp,unemp,axfin_p,axfin_r,bashs,ophe,social_p,social_r,axhealth
Afghanistan,1883.7633205312,30551674.0,0.094,,0.08,0.0,0.04701794000000001,0.386,0.737918301689184,0.11107429685686761,0.04316252283353993,0.324040849155408
Albania,9960.94072581355,2897366.0,0.0885,0.986670379638672,0.16,0.07585278999999999,0.092387,0.993,0.514646547616325,0.2629495641629598,0.17935972626416477,0.7391767261918375
Algeria,12892.942492651599,39208194.0,,0.9276751708984379,0.0980000019073486,0.006872764,0.06935566,0.9690000000000001,0.251247841677351,,,0.8588760791613246
American Samoa,,55165.0,,,,,,1.0,,,,
Andorra,,79218.0,,,,,,,0.18401142540682602,,,
Angola,7488.01175983409,21471618.0,0.054000000000000006,0.31872850418090803,0.0680000019073486,0.09179081,0.20126910000000003,0.473,0.244036932751657,,,0.6144815336241716
Antigua and Barbuda,20353.2908243918,89985.0,,0.913220672607422,,,,1.0,0.26712282489765604,,,0.866438587551172
Arab World,15426.846787221699,369762523.0,,0.832042694091797,0.11413683804125199,,,0.7779512045595791,0.32352934865623495,,,0.7272109279516721
Argentina,18087.196261682242,41446246.0,0.0458,0.970972366333008,0.075,0.004365798,0.06037133,0.982,0.210991454510741,0.20015344553599781,0.14264750646937888,0.8855042727446295
Armenia,7526.83641911287,2976566.0,0.0877,0.9561711120605471,0.16200000762939498,0.001895716,0.01239363,0.995,0.546947124395628,0.5050600974072442,0.2457265032536369,0.724026437802186
Aruba,36016.4837574639,102911.0,,0.9311888122558589,,,,0.96,,,,
Australia,42834.0167597384,23129300.0,0.0703,0.998382568359375,0.0569999980926514,0.5201536,0.6854684,1.0,0.194171489728757,,,0.9029142551356215
Austria,44056.254416802,8479823.0,0.08460000000000001,0.9973828125,0.0490000009536743,0.4380794,0.5678905000000001,1.0,0.158064275956296,,,0.920967862021852
Azerbaijan,16593.1887600482,9416801.0,0.08130000000000001,0.9818643188476558,0.055,0.001134416,0.024682880000000004,0.9940000000000001,0.710592353544924,0.8571289621356334,0.38777251599754,0.641703823227538
"Bahamas, The",22517.995142032796,377374.0,,0.8949990081787109,0.136000003814697,,,0.99,0.30211059551319197,,,0.843944702243404
Bahrain,42444.2784449127,1332171.0,,0.978074264526367,0.07400000095367429,0.1536534,0.17169779999999998,0.995,0.146060459328656,,,0.924469770335672
Bangladesh,2853.4477401556605,156594962.0,0.0888,0.6620095825195311,0.043000001907348595,0.1456589,0.1823108,0.344,0.602287568924825,0.05676295243871604,0.0553770944413467,0.37085621553758746
Barbados,15298.7155167979,284644.0,,0.9337465667724609,0.121999998092651,,,1.0,0.31899663942823897,,,0.8405016802858805
Belarus,17054.5583344525,9466000.0,0.09369999999999999,0.986681365966797,0.05800000190734861,0.04172604,0.08594028,1.0,0.31856300870952897,0.4917469369193375,0.31017039879218267,0.8407184956452355
Belgium,40608.9720093428,11182817.0,0.08349999999999999,0.865133590698242,0.0839999961853027,0.4380374,0.4174232,1.0,0.199116577128342,,,0.900441711435829
Belize,8214.653712573629,331900.0,,0.909105377197266,0.146000003814697,,,0.9620000000000001,0.261955113517451,0.420367529660433,0.11287637643952123,0.8500224432412746
Benin,1733.30939936435,10323474.0,0.061399999999999996,0.532349014282227,0.01,0.01619615,0.1062553,0.809,0.408636505009212,0.04725879624981513,0.07452986615849086,0.700181747495394
Bermuda,52118.640227698204,65024.0,,0.8424221038818359,,,,,,,,
Bhutan,7167.20580923455,753947.0,0.0675,0.7885830688476559,0.020999999046325702,,,0.645,0.25409259310633603,,,0.695453703446832
Bolivia,5934.38797771874,10671200.0,0.0332,0.967308197021484,0.025999999046325696,0.08907469000000001,0.22580279999999997,0.8404,0.19813271829565499,0.3472089336125369,0.22686933124290842,0.8211336408521726
Bosnia and Herzegovina,9387.35003138015,3829307.0,0.0747,0.8277214813232421,0.283999996185303,0.03455922,0.07855196,0.9990000000000001,0.290359088854402,0.21952171315065594,0.12545992207249582,0.854320455572799
Botswana,15246.6087973119,2021144.0,0.028399999999999998,0.929721221923828,0.183999996185303,0.08854125,0.2164499,0.946,0.05434369771217001,0.2327888197915706,0.04377653874540727,0.945828151143915
Brazil,14555.0821953115,200361925.0,0.0339,0.806246566772461,0.05900000095367429,0.0636212,0.1296786,0.9808,0.299612416351158,0.22567230651126025,0.20561131320709558,0.8405937918244211
Brunei Darussalam,69474.17897293,417784.0,,0.963691864013672,0.037999999523162804,,,0.9990000000000001,0.0794413769899421,,,0.959779311505029
Bulgaria,15695.0177942759,7265115.0,0.0641,0.969386520385742,0.128999996185303,0.014634659999999999,0.07025403,0.995,0.396330201442252,0.4612280619455438,0.22424749942962993,0.799334899278874
Burkina Faso,1630.4444967271697,16934839.0,0.0672,0.6907449340820311,0.030999999046325697,0.0373907,0.10709830000000001,0.659,0.332343755139197,0.49467539015609324,0.3235166050780195,0.6633281224304015
Burundi,746.960151427392,10162532.0,0.08960000000000001,0.47495601654052705,0.06900000095367428,0.005427960000000001,0.051618910000000004,0.603,0.20233346786826,,,0.70033326606587
Cabo Verde,6210.492954660251,498897.0,0.0579,0.9140057373046879,0.07,,,0.775,0.230562777168227,0.11215629287022583,0.08850635522282173,0.7722186114158864
Cambodia,2943.52466835185,15135169.0,0.08990000000000001,0.642295989990234,0.0030000001192092896,0.0021845939999999998,0.0120755,0.74,0.59739799120384,0.02478883990859972,0.028243106138826066,0.57130100439808
Cameroon,2739.34394480018,22253959.0,0.0635,0.6975482177734379,0.04,0.09631175,0.1015309,0.636,0.6148367448398971,0.149924286778418,0.02986213188812069,0.5105816275800514
Canada,41898.8823594636,35154279.0,0.071,0.998382568359375,0.07099999904632572,0.3688955,0.6416325,1.0,0.15121760279456198,,,0.924391198602719
Caribbean small states,14252.8204697025,7002414.0,,0.8656566619873051,0.117028731688285,,,0.97318892162527,0.335593051190944,,,0.818797935217163
Cayman Islands,,58435.0,,0.746488265991211,,,,1.0,,,,
Central African Republic,584.375944042188,4616417.0,0.0337,0.465562896728516,0.0759999990463257,0.006212666,0.037263269999999994,0.5379999999999999,0.45005968492499504,,,0.5439701575375024
Central Europe and the Baltics,22152.224468066,104186502.0,,0.9735376739501949,0.10092983784124401,,,0.9962983006961821,0.221405794787698,,,0.8874462529542421
Chad,2021.59347086517,12825314.0,0.048799999999999996,0.509875793457031,0.07,0.0492537,0.08138166,0.22699999999999998,0.6102063567497631,,,0.30839682162511844
Channel Islands,,162018.0,,,,,,,,,,
Chile,21714.0315564501,17619708.0,0.0452,0.986675415039063,0.06,0.07033718,0.16054310000000002,0.9984999999999999,0.317453447212696,,,0.840523276393652
China,11524.567506563,1357380000.0,0.0467,,0.0459999990463257,0.17047620000000002,0.4205325999999999,0.998,0.338780573827922,,,0.829609713086039
Colombia,12025.385371844199,48321405.0,0.033,0.8471189117431641,0.105,0.02795298,0.1365075,0.9904999999999999,0.139249199109682,0.12269429867232788,0.08732756485972662,0.925625400445159
Comoros,1399.7808484349,734917.0,0.0255,0.554069290161133,0.065,0.03531137,0.1475529,0.8220000000000001,0.45135675310298207,0.036605229136707475,0.02693787180592966,0.685321623448509
"Congo, Dem. Rep.",783.259253578526,67513677.0,0.0547,0.7072544860839841,0.08,0.008708673000000002,0.01915755,0.8009999999999999,0.327046790662679,0.012981287634021593,0.03017523822148268,0.7369766046686604
"Congo, Rep.",5680.229982744329,4447632.0,0.056100000000000004,0.7029091644287111,0.065,0.017709810000000003,0.08744304,0.925,0.21652714823540503,0.1719690500661691,0.1521444160488617,0.8542364258822975
Costa Rica,13430.743207071202,4872166.0,0.0421,0.877201766967773,0.0759999990463257,0.07918306,0.2792255,0.991,0.23345354422344602,0.4696688141506717,0.20280860501907427,0.8787732278882769
Cote d'Ivoire,3107.4688875175298,20316086.0,0.0519,0.7311875152587891,0.04,,,0.594,0.511924545461815,,,0.5410377272690925
Croatia,20048.9871590995,4255700.0,0.0801,0.994395370483398,0.177000007629395,0.07799293,0.1524273,1.0,0.12462929180337999,0.4117870853363053,0.19234059685290206,0.93768535409831
Cuba,18796.192523146103,11265629.0,,0.9579328155517579,0.032000000476837195,,,1.0,0.0704797950968119,,,0.964760102451594
Curacao,,153817.0,,,,,,,,,,
Cyprus,27393.93980965,1141166.0,,0.952674102783203,0.158000001907349,0.2383044,0.3485212,0.99,0.468590524731997,,,0.7607047376340015
Czech Republic,28124.4644802821,10514272.0,0.0933,0.992513885498047,0.06900000095367428,0.2615189,0.4178777,0.9990000000000001,0.157077590951439,,,0.9209612045242805
Denmark,42482.7324552521,5614932.0,0.0913,0.9888683319091801,0.07,0.4418966,0.6474435,1.0,0.127923230332797,,,0.9360383848336015
Djibouti,2902.5462446952697,872932.0,0.0603,0.844022979736328,,0.01797438,0.043676589999999994,0.8740000000000001,0.396653891163679,0.2858701354316727,0.08565180357270068,0.7386730544181606
Dominica,10011.3654275603,72003.0,,0.864302215576172,,,,1.0,0.268878516679002,0.5815343307526244,0.08303201217611587,0.865560741660499
Dominican Republic,11795.4705790204,10403761.0,0.0501,0.911387329101563,0.148999996185303,0.05700692,0.2295297,0.986,0.390149834998209,0.1917471414625228,0.11760695886439583,0.7979250825008954
East Asia & Pacific (all income levels),13361.3645537254,2248612976.0,,0.925960311889648,0.044647502498053895,,,0.9244524362664239,0.256045293260125,,,0.8342035715031495
East Asia & Pacific (developing only),10448.5183922431,2005810617.0,,0.9244515991210942,0.045156657343902805,0.1533484,0.37245269999999997,0.9244346317934391,0.345663218621629,,,0.789385706585905
Ecuador,10540.6573666533,15737878.0,0.043,0.889004974365234,0.041999998092651404,0.09387966,0.1769659,0.905,0.439937880944244,0.27929296085767535,0.17364544512629723,0.732531059527878
"Egypt, Arab Rep.",10733.488722812801,82056378.0,0.0925,0.9609768676757808,0.126999998092651,0.002091735,0.01016893,0.789,0.579689623482569,0.10013164023017088,0.11927926539328736,0.6046551882587154
El Salvador,7515.082656377621,6340454.0,0.057,0.837892837524414,0.06300000190734861,0.04984934,0.18161670000000002,0.995,0.2843736458961,0.18429042105884486,0.1773739959750223,0.85531317705195
Equatorial Guinea,32685.0623108539,757014.0,,0.7206935882568359,0.08,,,0.6829999999999999,0.19213476316236,,,0.74543261841882
Eritrea,1157.3215429849001,6333135.0,,0.690192184448242,0.0719999980926514,,,0.341,0.545976813370913,,,0.39751159331454355
Estonia,25253.7672011471,1317997.0,0.0717,0.969785385131836,0.0880000019073486,0.1892857,0.3582999,0.998,0.188871429883955,,,0.9045642850580224
Ethiopia,1335.73227522925,94100756.0,0.0796,0.366042785644531,0.0569999980926514,,,0.231,0.353824812823999,,,0.4385875935880005
Euro area,36770.1038826781,337301537.0,,0.9590928649902339,0.120737127286527,0.40125609999999995,0.41564370000000006,,0.13795663178911702,,,
Europe & Central Asia (all income levels),27339.6260580812,899372723.0,,0.950469512939453,0.0959883483317746,,,,0.17036491797765302,,,
Europe & Central Asia (developing only),13645.9213896471,272357073.0,,0.9480947113037109,0.09724344667449651,0.02438396,0.06565853999999999,0.9687776886873621,0.29499037901421105,,,0.8368936548365755
European Union,34295.059805254,507048450.0,,0.9514370727539059,0.10919430159230599,,,,0.136280027625165,,,
Faeroe Islands,,49469.0,,,,,,,,,,
Fiji,7501.810430476,881065.0,0.062,0.965088272094727,0.0810000038146973,,,0.996,0.20889977092240103,0.193288704870383,0.12634736653352485,0.8935501145387995
Finland,38820.821824728104,5438972.0,0.09179999999999999,0.9955172729492192,0.08199999809265139,0.4118611,0.6638473,0.9990000000000001,0.18540314596854,,,0.9067984270157301
Fragile and conflict affected situations,3380.73108850607,446374282.0,,0.6464202880859379,0.0811781688369576,,,0.598068792472636,0.480591087020945,,,0.5587388527258454
France,37216.8018998205,65939866.0,0.0781,0.998382568359375,0.103999996185303,0.4022605,0.5575401999999999,1.0,0.0739863036312876,,,0.9630068481843562
French Polynesia,,276831.0,,,,,,0.99,,,,
Gabon,18646.3698144321,1671711.0,0.058600000000000006,0.598094902038574,0.196000003814697,0.01964613,0.1312962,0.893,0.389006879405873,0.22083996445867293,0.12165273695354185,0.7519965602970635
"Gambia, The",1608.12799895875,1849285.0,0.0479,0.7296015167236329,0.07,,,0.5660000000000001,0.210469253137611,,,0.6777653734311946
Georgia,6930.291380152889,4487200.0,0.0528,0.9982044982910161,0.14300000190734902,0.001567924,0.01637902,0.998,0.6190708447252,0.9832011784414143,0.5428108927360503,0.6894645776374
Germany,42883.6868079517,80651873.0,0.08289999999999999,0.962423629760742,0.053000001907348604,0.5698233,0.5140285,1.0,0.128850979073437,,,0.9355745104632816
Ghana,3864.0307887795,25904598.0,0.0524,0.837136611938477,0.0459999990463257,0.04551203,0.24017770000000002,0.684,0.361868838884229,,,0.6610655805578856
Greece,24305.0596068933,11027549.0,0.0645,0.9441726684570309,0.272999992370605,0.1293717,0.2479624,1.0,0.263867458319883,,,0.8680662708400585
Greenland,,56483.0,,,,,,,,,,
Grenada,11271.7784894489,105897.0,,,,,,0.99,0.504833692941407,,,0.7425831535292965
Guam,,165124.0,,,,,,0.9940000000000001,,,,
Guatemala,7062.530674821691,15468203.0,0.0387,0.667277297973633,0.027999999523162802,0.053363350000000004,0.1347752,0.523,0.5082508508966079,0.21925287935117188,0.10471864953838116,0.507374574551696
Guinea,1212.8881328330199,11745189.0,0.0755,0.585807113647461,0.0179999995231628,0.01277901,0.02541692,0.45299999999999996,0.564413048313437,,,0.4442934758432815
Guinea-Bissau,1361.89181999599,1704255.0,0.0728,,0.07099999904632572,,,0.43,0.43332407385886895,,,0.49833796307056555
Guyana,6335.95019984798,799613.0,,0.921871871948242,0.111000003814697,,,0.919,0.313208461091081,,,0.8028957694544595
Haiti,1648.3991533882001,10317461.0,0.023799999999999998,,0.07,0.09045759,0.2400352,0.373,0.297119104279104,0.01029806614756764,0.015753787709690964,0.537940447860448
Heavily indebted poor countries (HIPC),1933.0463959370397,673564609.0,,0.547599182128906,0.0616879492228603,,,0.523784855061193,0.433798275707215,,,0.544993289676989
High income,39386.7190390732,1306396050.0,,0.9430687713623052,0.0772488205788821,0.3416771,0.4637011,,0.14502986715762803,,,
High income: OECD,40651.0411673828,1054701323.0,,0.9418286895751948,0.0815184286936759,0.3776466,0.5158542,,0.13535452569092699,,,
High income: nonOECD,34662.4502279002,251694727.0,,0.9483116912841801,0.05804916185246411,0.131747,0.2143467,0.9884729868819642,0.39634218410155797,,,0.7960654013902031
Honduras,4445.2710541232,8097688.0,0.026099999999999998,0.696548690795898,0.041999998092651404,0.0431121,0.118058,0.8290000000000001,0.45857799651257297,0.2579741926798659,0.13477151366151952,0.6852110017437136
"Hong Kong SAR, China",51508.863393328895,7187500.0,,0.9899713897705079,0.0329999995231628,0.2219831,0.5649668000000001,1.0,,,,
Hungary,22706.6118964343,9893899.0,0.0825,0.980723037719727,0.10199999809265099,0.0918939,0.22392620000000002,0.991,0.27493289491964995,0.7957704395524086,0.3988530630522048,0.858033552540175
Iceland,40789.4181051148,323764.0,0.0956,0.979173736572266,0.05599999904632571,,,,0.18095332150331303,,,
India,5243.95705971261,1252139596.0,0.08539999999999999,0.6137311172485349,0.0359999990463257,0.10608599999999999,0.1227241,0.523,0.582127675457295,,,0.4704361622713525
Indonesia,9254.42217970391,249865631.0,0.07629999999999999,0.8897506713867191,0.06300000190734861,0.07181267,0.20722079999999998,0.831,0.45812714364556,,,0.68643642817722
"Iran, Islamic Rep.",15090.047220074799,77447168.0,0.0643,0.9617577362060551,0.131999998092651,0.1211886,0.24928379999999997,0.9640000000000001,0.521103369137571,,,0.7214483154312146
Iraq,14471.473317625,33417476.0,0.08800000000000001,,0.16,0.0292944,0.07414198,0.909,0.36530727909022803,0.13105041321080904,0.08987146573864697,0.771846360454886
Ireland,44647.2359111421,4597558.0,0.0762,0.998382568359375,0.131000003814697,0.4951397,0.5241702,1.0,0.16838536504729798,,,0.915807317476351
Isle of Man,,85888.0,,,,,,,,,,
Israel,30926.8490945208,8059500.0,0.0461,0.989402618408203,0.06300000190734861,0.18581630000000002,0.290902,,0.263461124638444,,,
Italy,33923.5598171182,60233948.0,0.060700000000000004,0.993345489501953,0.121999998092651,0.11888060000000002,0.17877559999999998,0.99,0.180080383584826,,,0.9049598082075869
Jamaica,8607.498562766179,2714734.0,0.0535,0.860790634155273,0.15,0.2945098,0.31051059999999997,0.991,0.253651313039636,0.266518589381954,0.1474314747293658,0.868674343480182
Japan,35614.3100226829,127338621.0,0.0737,0.998382568359375,0.04,0.4561238,0.5513969,0.998,0.14378354821940598,,,0.927108225890297
Jordan,11404.7388595369,6460000.0,0.0823,0.978990631103516,0.126000003814697,0.01290732,0.1260008,0.996,0.23512147294390304,0.24754125076743594,0.20254922683467025,0.8804392635280485
Kazakhstan,22469.6790194365,17035275.0,0.09449999999999999,0.9927625274658198,0.05199999809265139,0.0495838,0.07945224000000001,0.9990000000000001,0.46336461800379103,,,0.7678176909981045
Kenya,2705.3232181398103,44353691.0,0.0484,0.7763126373291019,0.0919999980926514,0.10053339999999998,0.32159240000000006,0.43799999999999994,0.446425516392436,0.05486851859573319,0.07183448406098354,0.495787241803782
Kiribati,1796.2971464148602,102351.0,,0.7890505981445309,,,,0.7979999999999999,0.000939363097842664,0.09119600859349575,0.08826577847818604,0.8985303184510787
"Korea, Dem. Rep.",,24895480.0,,,0.0459999990463257,,,1.0,,,,
"Korea, Rep.",32708.1074382641,50219669.0,,0.991911087036133,0.030999999046325697,0.3501086,0.5564819,1.0,0.366374987574264,,,0.8168125062128679
Kosovo,8598.55955756445,1824000.0,,,,0.01993255,0.07123180000000001,,,0.19792748058848167,0.11673657822825764,
Kuwait,82357.8241817504,3368572.0,,0.9407154083251948,0.030999999046325697,0.5218066,0.3411517,1.0,0.15692555335471,,,0.921537223322645
Kyrgyz Republic,3109.8128288413104,5719600.0,0.0768,0.970536422729492,0.08,0.001899116,0.01364074,0.991,0.36364908627885606,0.7217599301569062,0.4621961027620737,0.813675456860572
Lao PDR,4667.34005886512,6769727.0,0.0762,0.7333741760253909,0.013999999761581401,0.13250879999999998,0.2385275,0.415,0.399903039365661,0.03728431799420904,0.13347582175320616,0.5075484803171695
Latin America & Caribbean (all income levels),14599.7526966521,615332389.0,,0.719713363647461,0.06188337701883099,,,0.9260266907133541,0.319945393069332,,,0.803040648822011
Latin America & Caribbean (developing only),14146.6344808921,588019237.0,,0.7162669372558591,0.06148321728590231,0.048339480000000004,0.12895769999999998,0.923822718188044,0.321438808106345,,,0.8011919550408495
Latvia,21832.5707415661,2012647.0,0.062400000000000004,0.9028720855712891,0.111000003814697,0.08001866999999999,0.1686562,1.0,0.364838974498186,0.5695951191444618,0.21415530061340335,0.817580512750907
Least developed countries: UN classification,2077.34176637156,898289508.0,,0.5499494934082029,0.05715672408963861,,,0.4823565212656139,0.454082115161734,,,0.51413720305194
Lebanon,16622.935484094298,4467390.0,,0.932877197265625,0.065,0.06073539,0.25196470000000004,0.98,0.34270836903798396,,,0.818645815481008
Lesotho,2493.6137341397302,2074465.0,0.028399999999999998,0.567543716430664,0.247000007629395,0.02873374,0.11368269999999998,0.615,0.14447772311793497,,,0.7352611384410326
Liberia,849.830924236094,4294077.0,0.0644,0.677655029296875,0.0370000004768372,0.044962499999999996,0.20074909999999999,0.611,0.26038407321742,0.04503793391523511,0.12573070699110653,0.67530796339129
Libya,20371.2174108149,6201521.0,,,0.196000003814697,,,0.998,0.297477305624893,,,0.8502613471875535
Liechtenstein,,36925.0,,0.7939875030517579,,,,,,,,
Lithuania,24469.622500843598,2957689.0,0.0703,0.9749952697753911,0.11800000190734901,0.13165970000000002,0.2553146,1.0,0.326323027699747,0.7555093413432173,0.20816938520035233,0.8368384861501265
Low & middle income,8276.254754103109,5818700658.0,,0.722159729003906,0.055440902497651504,0.1046698,0.22430350000000002,0.676631514447313,0.3566326976289221,,,0.6599994084091955
Low income,1871.89230701395,848667515.0,,0.568959808349609,0.0506697639661888,0.07760552999999999,0.1416367,0.505368452687856,0.45303183294818,,,0.526168309869838
Lower middle income,5809.9533811969895,2561101967.0,,0.7052120971679691,0.0534456489991845,0.07680661999999999,0.13385729999999998,0.5792469566343429,0.543442772745201,,,0.5179020919445709
Luxembourg,88849.9952652285,543360.0,,,0.05900000095367429,0.4542485,0.5654266,0.9990000000000001,0.10797955213620501,,,0.9455102239318975
"Macao SAR, China",138024.90667496802,566375.0,,0.9827377319335941,0.0179999995231628,,,1.0,,,,
"Macedonia, FYR",11608.968970793701,2107158.0,0.0541,0.974930572509766,0.29,0.04312311,0.1010828,0.983,0.311040987750234,,,0.8359795061248829
Madagascar,1368.63241207592,22924851.0,0.065,0.37969799041748,0.0359999990463257,0.00467687,0.01990471,0.44299999999999995,0.300554385077365,0.07554764626798254,0.1054161434005338,0.5712228074613175
Malawi,754.981975267971,16362567.0,0.0541,0.597333717346191,0.0759999990463257,0.05031624,0.10417769999999998,0.7140000000000001,0.11680102048357599,0.03189209342110269,0.03962894099199903,0.798599489758212
Malaysia,22589.3714474966,29716965.0,0.0454,0.9911965179443359,0.032000000476837195,0.2476379,0.42786250000000003,0.9868000000000001,0.36112726994644295,0.1471422500216373,0.05773081708127114,0.8128363650267786
Maldives,11282.814960828799,345023.0,0.06509999999999999,0.828473815917969,0.116000003814697,,,0.988,0.374842622119418,0.031145207668181806,0.016503814270041425,0.806578688940291
Mali,1589.1673480781,15301650.0,0.0797,0.615925102233887,0.08199999809265139,0.026048720000000004,0.05730599,0.5870000000000001,0.600787761506963,0.024631705730870018,0.05299713321707195,0.49310611924651854
Malta,28821.6623967794,423374.0,,0.9446349334716801,0.065,0.3354295,0.5232763,1.0,0.316249257335749,,,0.8418753713321255
Marshall Islands,3775.8601550871504,52634.0,,0.834678192138672,,,,0.99,0.12367055785780302,,,0.9331647210710985
Mauritania,2945.22956949672,3889880.0,0.0602,0.641279296875,0.31,0.03011628,0.08601067999999999,0.6509999999999999,0.46308762506446705,,,0.5939561874677663
Mauritius,17145.783120153603,1258653.0,0.0739,0.958068084716797,0.08300000190734862,0.1841016,0.39104659999999997,0.992,0.4653395951211429,0.20302770408423365,0.10934859764325706,0.7633302024394285
Mexico,16290.8128214269,122332399.0,0.048600000000000004,0.957526702880859,0.0490000009536743,0.028012490000000004,0.09345214,0.96,0.44147349287612003,0.5340229455306378,0.25476890628986215,0.7592632535619399
"Micronesia, Fed. Sts.",3285.75294189917,103549.0,0.0159,,,,,1.0,0.0949314941668317,0.4911367616883895,0.13340977833450512,0.9525342529165841
Middle East & North Africa (all income levels),17302.1095238667,402607879.0,,0.8651049041748051,0.11220469779082999,,,0.8990398698579429,0.344351730224517,,,0.777344069816713
Middle East & North Africa (developing only),11467.7332961109,345448146.0,,0.851379013061523,0.12727879558715302,,,0.8901435878923191,0.45620069980347094,,,0.7169714440444241
Middle income,9375.216385184749,4970033143.0,,0.766807174682617,0.0562597550840693,0.1074579,0.2324205,0.726848282503927,0.354637487700659,,,0.686105397401634
Moldova,4521.084844788111,3558566.0,0.0849,0.946174697875977,0.050999999046325704,0.007158123000000001,0.05443321,0.992,0.445788611024026,0.4658781844872598,0.33756533499209274,0.773105694487987
Monaco,,37831.0,,,,,,,0.06999999997389411,,,
Mongolia,9132.30570379131,2839073.0,0.071,0.908974227905273,0.0490000009536743,0.1190915,0.3040792,0.988,0.37013190066106505,0.32451319459176803,0.18658999698714793,0.8089340496694675
Montenegro,14151.5411049103,621383.0,0.0825,0.8049859619140629,0.197999992370605,0.02271427,0.04095249,1.0,0.42668777701352,,,0.78665611149324
Morocco,6967.259245878559,33008150.0,0.0652,0.8925434112548829,0.0919999980926514,0.051415930000000006,0.1725484,0.736,0.58357664131688,,,0.5762116793415599
Mozambique,1069.62467709464,25833752.0,0.052300000000000006,0.31594970703125,0.08300000190734862,,,0.5429999999999999,0.0640594162295104,0.22864661567112732,0.0790302963912396,0.7394702918852447
Myanmar,,53259018.0,,0.747923278808594,0.0340000009536743,,,0.706,0.681959753796518,,,0.5120201231017409
Namibia,9275.77298948326,2303315.0,0.0337,0.844627227783203,0.16899999618530298,,,0.8140000000000001,0.0708867871555925,,,0.8715566064222038
Nepal,2172.79039161762,27797457.0,0.0827,0.603601417541504,0.027000000476837198,0.05736111,0.1267821,0.36,0.461547702516905,0.1957230900073423,0.3589367106901816,0.4492261487415475
Netherlands,45021.1574077338,16804432.0,0.084,0.9821536254882808,0.06699999809265139,0.5146725,0.6205978000000001,1.0,0.053943633376863094,,,0.9730281833115684
New Caledonia,,262000.0,,,,,,,,,,
New Zealand,33019.6033227233,4442100.0,,,0.061999998092651394,0.5283379,0.6550041,0.966,0.106708342227129,,,0.9296458288864355
Nicaragua,4493.766693912729,6080478.0,0.0464,0.48409271240234397,0.0719999980926514,0.022463570000000002,0.09348507000000002,0.88,0.40323082487602596,0.30955790148805923,0.18289249576700325,0.738384587561987
Niger,886.809611289333,17831270.0,0.08960000000000001,0.6932961273193361,0.050999999046325704,0.002041873,0.0181079,0.293,0.5307619941469729,0.05921709568758075,0.06195777077582977,0.3811190029265136
Nigeria,5422.6933427295,173615345.0,0.053899999999999997,0.7933840942382809,0.075,0.08466024000000001,0.33685740000000003,0.381,0.693498428534313,0.004318494866955536,0.0078094642485003855,0.3437507857328435
North America,50396.1264452195,351348142.0,,0.930418701171875,0.0736730104148192,,,,0.12030201393471501,,,
Northern Mariana Islands,,53855.0,,,,,,0.996,,,,
Norway,62411.3557791039,5080166.0,0.09,0.984884490966797,0.035,,,,0.139464034313376,,,
OECD members,36837.3138285252,1261860262.0,,0.940915374755859,0.0796388008758535,,,,0.13983837125727802,,,
Oman,44532.4548711515,3632444.0,,0.9356304931640629,0.0790000009536743,0.145017,0.2770396,0.986,0.12258380249131598,,,0.931708098754342
Other small states,8824.85953293705,20178690.0,,0.6794638061523439,0.137449550032413,,,0.648094632252913,0.229358080483962,,,0.7093682758844755
Pacific island small states,4882.42100702613,2280082.0,,0.797245635986328,,,,0.941932887033888,0.123700865438464,,,0.909116010797712
Pakistan,4454.07482878434,182142594.0,0.0959,0.6219412994384771,0.050999999046325704,0.01097432,0.01669716,0.521,0.548740285208274,0.06627475544327993,0.1375627297173065,0.486129857395863
Palau,14611.7353039229,20918.0,,,,,,1.0,0.10609577924670001,0.14801150969645407,0.10637442990521595,0.9469521103766501
Panama,18793.3933318045,3864170.0,0.032,0.9160964202880859,0.040999999046325696,0.1099336,0.1344137,0.935,0.249109631598326,0.13708015804999846,0.19584232441457686,0.8429451842008371
Papua New Guinea,2558.12599644713,7321262.0,,,0.020999999046325702,,,0.53,0.10967185952775199,0.053380642635932445,0.02093413029193003,0.710164070236124
Paraguay,7833.074001567579,6802295.0,0.0406,0.8011572265625,0.05199999809265139,0.02127697,0.14778729999999998,0.958,0.566324664936956,0.22254092286194477,0.18271037767433418,0.695837667531522
Peru,11396.493020613101,30375603.0,0.042199999999999994,0.738851318359375,0.039000000953674306,0.01947264,0.1296312,0.867,0.34922042902940603,0.17809290377262527,0.1438275088967906,0.758889785485297
Philippines,6326.2164238939795,98393574.0,0.058899999999999994,0.757798385620117,0.07099999904632572,0.0353108,0.2218852,0.728,0.5667290664336021,0.1881751680446434,0.22829866771306767,0.580635466783199
Poland,22835.2204608088,38514479.0,0.0789,0.9853228759765629,0.103999996185303,0.1469539,0.2018166,0.9990000000000001,0.228135762169209,,,0.8854321189153955
Portugal,25932.933700526002,10457295.0,,,0.165,0.14116910000000002,0.33172340000000006,0.9990000000000001,0.266285432111455,,,0.8663572839442726
Puerto Rico,33637.5807616376,3615086.0,,,0.141999998092651,,,0.998,,,,
Qatar,127562.19898871801,2168673.0,,0.977395782470703,0.005,0.181152,0.32098259999999995,1.0,0.0844671711099534,,,0.9577664144450233
Romania,18184.1097333037,19981358.0,0.0891,0.9404994201660161,0.07300000190734861,0.05476748000000001,0.10829119999999999,0.985,0.196850027208415,0.43626223856736895,0.3509887200203444,0.8940749863957924
Russian Federation,23564.2077363646,143499861.0,0.0646,0.9659703826904301,0.05599999904632571,0.06942263,0.1361298,0.997,0.4801094733727679,,,0.7584452633136161
Rwanda,1426.3662876262301,11776522.0,0.0516,0.347474708557129,0.006000000238418579,0.1784206,0.1783742,0.69,0.183940264981527,0.03711900809696269,0.022847104782541428,0.7530298675092365
Samoa,5583.92681868153,190372.0,,0.899505081176758,,,,0.8079999999999999,0.0656773872983242,,,0.8711613063508379
San Marino,,31448.0,,0.962455902099609,,,,,0.116356538318648,,,
Sao Tome and Principe,2875.7604563093396,192993.0,0.07490000000000001,0.661306304931641,,,,0.8170000000000001,0.599446785512801,,,0.6087766072435996
Saudi Arabia,52067.9660469226,28828870.0,,0.9868772125244141,0.0569999980926514,0.11855180000000001,0.20810779999999998,0.97,0.19796877895903897,,,0.8860156105204805
Senegal,2170.07720699017,14133280.0,0.0604,0.613669090270996,0.10300000190734901,0.02342184,0.04644672,0.6509999999999999,0.369216274272355,0.11367795298178585,0.21771700590819676,0.6408918628638225
Serbia,12892.4963006621,7164132.0,0.0837,0.9921752166748051,0.22200000762939498,0.014522389999999998,0.04309804,0.997,0.3790105103930311,0.3637292364118171,0.2908204681208248,0.8089947448034844
Seychelles,23798.762160219303,89173.0,0.0371,0.848789367675781,,,,,0.0294904359654172,,,
Sierra Leone,1494.64854833896,6092075.0,0.0781,0.477517204284668,0.032000000476837195,0.04347975,0.2132186,0.597,0.6132256798316089,0.02410150585142099,0.03956549728395411,0.49188716008419553
Singapore,76236.7936323961,5399200.0,,0.986768417358398,0.027999999523162802,0.4760371,0.6571514999999999,0.997,0.567898588772673,,,0.7145507056136635
Sint Maarten (Dutch part),,39689.0,,,,,,,,,,
Slovak Republic,25758.862634894904,5413393.0,0.0863,0.9795278930664059,0.141999998092651,0.29756340000000003,0.4171376,0.992,0.22142428977234002,0.32228808471304815,0.2523005022651217,0.88528785511383
Slovenia,27368.1720259118,2059953.0,0.0973,0.9882528686523442,0.10199999809265099,0.200224,0.35239329999999996,0.9990000000000001,0.12108809946525699,,,0.9389559502673716
Small states,9810.822145386679,29461186.0,,0.7209928894042971,0.128472602599092,,,0.7297358681459291,0.267345087113426,,,0.7311953905162516
Solomon Islands,2002.59241838617,561231.0,,0.748889083862305,0.037999999523162804,,,0.855,0.0341590836414279,0.05708569558230865,0.06716642587160629,0.9104204581792861
Somalia,,10495583.0,,,0.06900000095367428,,,0.33,,,,
South Africa,12454.1909220073,53157490.0,0.0245,0.7698593139648441,0.24899999618530302,0.13653189999999998,0.2775108,0.912,0.07106166442007099,0.7327359555846154,0.09087076465545328,0.9204691677899646
South Asia,4874.64232734339,1670808253.0,,0.628283882141113,0.038730506780741504,0.09974035,0.1190492,0.499853659426884,0.5786846233563271,,,0.46058451803527845
South Sudan,1964.62314955845,11296173.0,,,,,,0.19399999999999998,0.596797504174343,,,0.2986012479128285
Spain,31682.6447411771,46617825.0,0.0541,0.971474380493164,0.26600000381469696,0.2691136,0.40780740000000004,1.0,0.227953885337675,,,0.8860230573311625
Sri Lanka,9425.737382585941,20483000.0,0.07719999999999999,0.965749130249023,0.041999998092651404,0.2101409,0.32752829999999994,0.986,0.465375452667325,0.08488117518313967,0.08099955002727935,0.7603122736663375
St. Kitts and Nevis,20709.3568900198,54191.0,,0.928223037719727,,,,1.0,0.573420077807626,,,0.7132899610961869
St. Lucia,10151.5326402923,182273.0,,0.895732879638672,,,,0.987,0.42418035666977405,,,0.781409821665113
St. Martin (French part),,31264.0,,,,,,,,,,
St. Vincent and the Grenadines,10154.083975912901,109373.0,,0.685727462768555,,,,0.992,0.17307692307692302,,,0.9094615384615385
Sub-Saharan Africa (all income levels),3342.4208674874894,937014346.0,,0.583325004577637,0.07653099886471021,,,0.486352207954152,0.344903881921973,,,0.5707241630160895
Sub-Saharan Africa (developing only),3318.55465334129,936257332.0,,0.583244400024414,0.0765272234404903,0.06513961,0.1951246,0.48618672918231404,0.345806463477358,,,0.570190132852478
Sudan,3264.77297794563,37964306.0,0.0681,0.7986575,0.151999998092651,0.008296447,0.049888190000000006,0.231,0.758166319717374,,,0.23641684014131298
Suriname,15555.8427865772,539276.0,,0.9034835815429691,0.07800000190734861,,,0.912,0.14412136536030298,,,0.8839393173198485
Swaziland,6470.88419034393,1249514.0,0.0405,0.673093719482422,0.225,0.09158991,0.2348936,0.82,0.106364396073777,,,0.8568178019631114
Sweden,43540.494391932596,9600379.0,0.09519999999999999,0.955790405273438,0.0810000038146973,0.5881995,0.6711391999999999,1.0,0.163216087401734,,,0.918391956299133
Switzerland,54992.72293014191,8087875.0,0.076,,0.0440000009536743,,,1.0,0.258776788961965,,,0.8706116055190175
Syrian Arab Republic,4959.392523364486,22845550.0,0.0768,0.931637115478516,0.108000001907349,0.04674114,0.053670739999999995,0.9620000000000001,0.5393816275425789,0.0449077463751928,0.12255292524153776,0.7113091862287106
Tajikistan,2431.65906854526,8207834.0,0.08349999999999999,0.9798800659179692,0.106999998092651,0.0,0.0047790770000000005,0.8740000000000001,0.6011518097910941,,,0.6364240951044531
Tanzania,2364.7027567607897,49253126.0,0.0739,0.6665309906005861,0.035,0.0399119,0.17232039999999998,0.489,0.33215739589940596,0.04670887958789026,0.055755721231879295,0.5784213020502971
Thailand,13931.811471326699,67010502.0,0.0676,0.936392364501953,0.00699999988079071,0.35081870000000004,0.4738743,0.996,0.112679239376333,0.29254505240321776,0.5114841293292219,0.9416603803118335
Timor-Leste,2039.73507491863,1180069.0,0.0909,0.8355914306640629,0.0440000009536743,,,0.293,0.08214999467951291,0.00806678016807423,0.07302472708200894,0.6054250026602436
Togo,1345.9142762919698,6816982.0,0.0484,0.638565788269043,0.06900000095367428,0.01588689,0.04994747,0.594,0.405344111968626,,0.00048544190249847334,0.594327944015687
Tonga,5134.057037002261,105323.0,,0.9039115142822269,,,,0.98,0.12367095366748,,,0.92816452316626
Trinidad and Tobago,29469.3529907208,1341151.0,,0.893873672485352,0.05800000190734861,0.428774,0.45466229999999996,1.0,0.43813752550102,,,0.78093123724949
Tunisia,10767.6416787227,10886500.0,0.0675,0.9413144683837891,0.133000001907349,,,0.986,0.35319526168220206,,,0.816402369158899
Turkey,18567.1347101229,74932641.0,0.057999999999999996,0.9002465057373051,0.1,0.02105567,0.05568721,0.95,0.149821542045561,0.2914336039117214,0.20395487194075962,0.9000892289772195
Turkmenistan,13554.9311521902,5240072.0,,,0.106000003814697,0.0,0.0019879340000000002,0.995,0.34513009916126797,,,0.8249349504193659
Turks and Caicos Islands,,33098.0,,0.44014518737792996,,,,1.0,,,,
Tuvalu,3528.22765345742,9876.0,,,,,,0.9790000000000001,0.0007756964390428391,,,0.9891121517804786
Uganda,1620.57693909325,37578876.0,0.0581,0.248377990722656,0.037999999523162804,0.086366,0.2165355,0.574,0.38394849761063704,0.48205079604395046,0.11868131619167734,0.5950257511946815
Ukraine,8508.01478731021,45489600.0,0.10210000000000001,0.993542861938477,0.0790000009536743,0.014264940000000002,0.08083077000000001,0.99,0.428076923943047,0.4945787511353011,0.3007949956438002,0.7809615380284765
United Arab Emirates,57044.577654875895,9346129.0,,0.9195900726318359,0.037999999523162804,0.13683370000000003,0.2298127,1.0,0.187698395205128,,,0.9061508023974361
United Kingdom,36931.4742257195,64106779.0,0.057699999999999994,0.998382568359375,0.075,0.41194090000000005,0.4958916,1.0,0.092887860292756,,,0.9535560698536221
United States,51340.4876279117,316128839.0,0.047,0.998382568359375,0.07400000095367429,0.3361419,0.620944,0.993,0.118166648737415,,,0.9374166756312925
Upper middle income,13187.342261841799,2408931176.0,,0.857615280151367,0.0585163816991614,0.1369391,0.3263661,0.981275056264934,0.317831159708413,,,0.8317219482782605
Uruguay,18965.8165353822,3407062.0,0.052300000000000006,0.947436370849609,0.06599999904632571,0.01661895,0.08380116000000001,0.995,0.169927431180821,0.23173998070470125,0.21151627755013236,0.9125362844095894
Uzbekistan,5002.14912007417,30243200.0,0.07440000000000001,0.980783233642578,0.106999998092651,0.0068921519999999995,0.009112436,0.9990000000000001,0.460958699794217,,,0.7690206501028916
Vanuatu,2894.9734613373,252763.0,,0.714520111083984,,,,0.894,0.07174706937212572,,,0.9111264653139372
"Venezuela, RB",17614.5982099448,30405207.0,0.042199999999999994,0.951233291625977,0.075,0.06972021,0.1806533,0.9570000000000001,0.688319225588857,,,0.6343403872055715
Vietnam,5124.60351980227,89708900.0,0.0703,0.9449783325195308,0.02,0.03995232,0.1027114,0.929,0.4940927494442329,0.2442000471920311,0.24756538336735967,0.7174536252778836
Virgin Islands (U.S.),,104737.0,,,,,,0.985,,,,
West Bank and Gaza,4484.4337874114,4169506.0,0.0771,0.964719390869141,0.233999996185303,0.005302937,0.08667673,0.99,,0.014591079566173278,0.0017812070065324117,
World,13960.630059871799,7125096708.0,,0.744925765991211,0.0596906165139148,0.15994450000000002,0.2722361,0.685113215255815,0.18575142273836,,,0.7496808962587276
"Yemen, Rep.",3832.28473991896,24407381.0,0.0784,0.594976081848145,0.17399999618530299,0.0,0.016879240000000004,0.35700000000000004,0.740566725662277,0.10970581006083205,0.07832728932803425,0.3082166371688615
Zambia,3799.54043558048,14538640.0,0.0358,0.5548900985717771,0.133000001907349,0.02737125,0.1767887,0.465,0.27809090315279195,0.14486472615327964,0.1068065684921182,0.593454548423604
Zimbabwe,1773.31322559935,14149648.0,,0.6207205963134771,0.05400000095367429,0.10452919999999999,0.2183384,0.662,,,,
