country,H,T_rebuild_K,T_rebuild_L,alpha,avg_prod_k,axfin_p,axfin_r,axhealth,bashs,borrow_abi,cp,cr,dC_destitution,dKpc,dKtot,dW_destitution,dW_no_transfers,dW_noupscale,dWsurWprime,delta_W,destitution_exposure,equivalent_cost,fa,fap,far,faref,finance_pre,gdp_pc_pp,income_elast,individual_exposure,institutional_exposure,iso3,macro_multiplier,ophe,original_country,pe,peref,pi,plgp,pop,pov_head,prepare_scaleup,protection,protectionref,pv,rating,resilience,resilience_no_shock,resilience_no_shock_no_SP,resilience_no_shock_no_uspcale,risk,risk_to_assets,rp,share1,share1_ref,shew,sigma_p,sigma_r,social_p,social_r,tot_p,tot_r,total_equivalent_cost,total_equivalent_cost_no_destitution,total_equivalent_cost_of_destitution,unemp,v,v_p,v_r,v_s,v_shew
Albania,0.53565,3.00000,40.00000,1.00000,0.18528,0.07585,0.09239,0.73918,0.99300,0.16250,4407.71627,11349.24684,79755.60082,83.86800,242996297.91744,0.00000,0.00000,0.00000,113.84761,0.00000,0.00057,118.08878,0.07071,0.06364,0.07248,0.07368,0.00000,9960.94073,1.50000,0.00392,0.14472,ALB,1.12901,0.51465,Albania,-0.10000,-0.10000,0.20000,0.98667,2897366.00000,0.20000,0.00000,15.54000,15.54000,0.86318,0.32500,0.71021,0.73667,0.66140,0.72824,0.01186,0.00842,85.33087,0.08850,0.08850,0.00000,0.04063,0.04063,0.26295,0.17936,0.29289,0.21270,342146407.70659,329858189.99902,12288217.70758,0.16000,0.33813,0.63000,0.31325,0.31325,0.33813
Argentina,0.53565,3.00000,40.00000,1.00000,0.26955,0.00437,0.06037,0.88550,0.98200,0.23333,4141.96794,21573.50334,144821.18153,20.13834,834658783.80912,0.00000,0.00000,0.00000,37.22996,0.00000,0.00026,38.08258,0.07364,0.08601,0.07055,0.07206,0.40000,18087.19626,1.50000,0.00358,0.07284,ARG,1.20938,0.21099,Argentina,0.16797,0.16797,0.20000,0.97097,41446246.00000,0.20000,0.66667,64.41000,64.41000,0.95066,0.06667,0.52881,0.54092,0.46009,0.50028,0.00211,0.00111,265.59147,0.04580,0.04580,0.80000,0.22500,0.22500,0.20015,0.14265,0.38012,0.33555,1578379840.69757,1543042216.09955,35337624.59802,0.07500,0.32297,0.52920,0.25620,0.30500,0.27129
Armenia,0.53565,3.00000,40.00000,1.00000,0.36670,0.00190,0.01239,0.72403,0.99500,0.38750,3300.51777,8583.41608,60266.13123,6.95181,20692527.82119,0.00000,0.00000,0.00000,9.98613,0.00000,0.00001,10.06378,0.03473,0.04056,0.03327,0.03800,0.40000,7526.83642,1.50000,0.00006,0.16060,ARM,1.30202,0.54695,Armenia,0.16797,0.16797,0.20000,0.95617,2976566.00000,0.20000,0.40000,11.46000,11.46000,0.04497,0.37500,0.69078,0.69615,0.68203,0.69333,0.00134,0.00092,66.17568,0.08770,0.08770,0.40000,0.19688,0.19688,0.50506,0.24573,0.60250,0.39422,29955503.64646,29724377.96512,231125.68135,0.16200,0.12441,0.11960,0.11385,0.12375,0.11445
Australia,0.53565,3.00000,40.00000,1.00000,0.27360,0.52015,0.68547,0.90291,1.00000,0.90000,15056.15689,49778.48173,342964.87013,23.17135,535937149.77911,0.00000,0.00000,0.00000,32.40848,0.00000,0.00001,32.48227,0.04256,0.04971,0.04077,0.04109,0.80000,42834.01676,1.50000,0.00028,0.05190,AUS,1.21324,0.19417,Australia,0.16797,0.16797,0.20000,0.99838,23129300.00000,0.20000,0.80000,100.00000,100.00000,0.40977,1.00000,0.71335,0.71498,0.60166,0.67980,0.00076,0.00054,370.67677,0.07030,0.07030,1.00000,0.42500,0.42500,0.57800,0.12600,0.75735,0.49745,751292174.51112,749585424.93898,1706749.57214,0.05700,0.44688,0.50400,0.34400,0.43000,0.35751
Austria,0.53565,3.00000,40.00000,1.00000,0.23228,0.43808,0.56789,0.92097,1.00000,0.48333,18635.79562,50411.36912,352751.12439,4.30253,36484677.13293,0.00000,0.00000,0.00000,6.19499,0.00000,0.00002,6.21423,0.08724,0.10189,0.08357,0.07922,0.00000,44056.25442,1.50000,0.00052,0.04355,AUT,1.17383,0.15806,Austria,0.16797,0.16797,0.20000,0.99738,8479823.00000,0.20000,0.00000,600.59000,600.59000,1.99906,0.96667,0.69237,0.69452,0.47373,0.66499,0.00014,0.00010,1307.28774,0.08460,0.08460,0.00000,0.12083,0.12083,0.51717,0.40816,0.57551,0.47968,52695567.82740,52532446.60671,163121.22069,0.04900,0.16005,0.48000,0.12400,0.12400,0.16005
Azerbaijan,0.53565,3.00000,40.00000,1.00000,0.59822,0.00113,0.02468,0.64170,0.99400,0.27500,6745.13123,19055.20314,132858.91118,11.76910,110827245.71671,0.00000,0.00000,0.00000,19.89063,0.00000,0.00001,20.05059,0.04881,0.05701,0.04676,0.05713,0.00000,16593.18876,1.50000,0.00008,0.14381,AZE,1.52282,0.71059,Azerbaijan,0.16797,0.16797,0.20000,0.98186,9416801.00000,0.20000,0.00000,13.95000,13.95000,0.04536,0.55000,0.58697,0.59169,0.57784,0.59136,0.00121,0.00071,78.06416,0.08130,0.08130,0.00000,0.06875,0.06875,0.85713,0.38777,0.86695,0.42986,188812445.37245,187306105.91194,1506339.46051,0.05500,0.12436,0.13000,0.12375,0.12375,0.12436
Bangladesh,0.53565,3.00000,40.00000,1.00000,0.28971,0.14566,0.18231,0.37086,0.34400,0.60000,1266.93080,3250.07698,22847.08294,13.92431,2180477233.51227,0.00000,0.00000,0.00000,20.01099,0.00000,0.00252,21.68684,0.22208,0.22652,0.22097,0.22001,0.80000,2853.44774,1.50000,0.00748,0.33671,BGD,1.22860,0.60229,Bangladesh,0.02000,0.02000,0.20000,0.66201,156594962.00000,0.20000,0.66667,50.00000,50.00000,0.65799,0.40000,0.64206,0.69583,0.63093,0.64107,0.00760,0.00488,218.49824,0.08880,0.08880,0.80000,0.31667,0.31667,0.05676,0.05538,0.35545,0.35451,3396049532.24232,3133619952.80012,262429579.44220,0.04300,0.37998,0.52920,0.29820,0.35500,0.31918
Belarus,0.53565,3.00000,40.00000,1.00000,0.38644,0.04173,0.08594,0.84072,1.00000,0.52500,7990.06058,19320.68277,136553.02086,22.33449,211418245.62424,0.00000,0.00000,0.00000,32.35359,0.00000,0.00003,32.70208,0.03397,0.03968,0.03254,0.03564,0.80000,17054.55833,1.50000,0.00033,0.07687,BLR,1.32086,0.31856,Belarus,0.16797,0.16797,0.20000,0.98668,9466000.00000,0.20000,0.73333,14.45000,14.45000,1.40348,0.25000,0.68297,0.69032,0.49774,0.63269,0.00192,0.00131,80.35917,0.09370,0.09370,0.80000,0.31458,0.31458,0.49175,0.31017,0.65163,0.52718,309557843.71944,306259092.85403,3298750.86541,0.05800,0.26212,0.52920,0.18123,0.21575,0.22018
Belgium,0.53565,3.00000,40.00000,1.00000,0.21669,0.43804,0.41742,0.90044,1.00000,0.44167,16954.24581,46522.65356,325149.30573,13.96357,156152017.40166,0.00000,0.00000,0.00000,18.19683,0.00000,0.00002,18.25113,0.11046,0.12901,0.10582,0.10099,0.00000,40608.97201,1.50000,0.00023,0.10614,BEL,1.15897,0.19912,Belgium,0.16797,0.16797,0.20000,0.86513,11182817.00000,0.20000,0.00000,213.02000,213.02000,1.24042,0.88333,0.76508,0.76736,0.56036,0.75247,0.00045,0.00034,646.28025,0.08350,0.08350,0.00000,0.11042,0.11042,0.65117,0.40252,0.68969,0.46849,204099070.51990,203491792.39771,607278.12219,0.08400,0.14729,0.33000,0.12700,0.12700,0.14729
Benin,0.53565,3.00000,40.00000,1.00000,0.33025,0.01620,0.10626,0.70018,0.80900,0.00000,532.12599,2033.60525,13878.32097,14.76768,152453763.03429,0.00000,0.00000,0.00000,30.28376,0.00000,0.00162,35.44459,0.03468,0.06382,0.02740,0.04386,0.00000,1733.30940,1.50000,0.00626,0.25916,BEN,1.26727,0.40864,Benin,0.84000,0.84000,0.20000,0.53235,10323474.00000,0.20000,0.00000,6.35000,6.35000,0.04498,0.00000,0.41664,0.48764,0.48204,0.48764,0.02045,0.00852,40.29787,0.06140,0.06140,0.00000,0.00000,0.00000,0.04726,0.07453,0.04726,0.07453,365911317.94233,312633650.88344,53277667.05888,0.01000,0.60288,0.63000,0.59875,0.59875,0.60288
Bolivia,0.53565,3.00000,40.00000,1.00000,0.42183,0.08907,0.22580,0.82113,0.84040,0.40833,985.10840,7171.70787,47515.66059,20.74872,221413730.26265,0.00000,0.00000,0.00000,41.74152,0.00000,0.00013,43.08421,0.04346,0.03998,0.04433,0.04649,0.40000,5934.38798,1.50000,0.00164,0.07919,BOL,1.35461,0.19813,Bolivia,-0.08000,-0.08000,0.20000,0.96731,10671200.00000,0.20000,0.53333,6.70000,6.70000,1.47893,0.41667,0.48159,0.49708,0.38944,0.45927,0.00726,0.00350,42.16294,0.03320,0.03320,0.60000,0.23542,0.23542,0.34721,0.22687,0.50089,0.40888,459760230.62388,445432061.11988,14328169.50400,0.02600,0.25414,0.55440,0.21340,0.24250,0.22364
Bosnia and Herzegovina,0.53565,3.00000,40.00000,1.00000,0.32393,0.03456,0.07855,0.85432,0.99900,0.13750,3506.17524,10857.64373,75162.95524,76.44569,292733999.51948,0.00000,0.00000,0.00000,128.15219,0.00000,0.00218,140.86389,0.13255,0.15481,0.12698,0.13678,0.00000,9387.35003,1.50000,0.01087,0.20065,BIH,1.26124,0.29036,Bosnia and Herzegovina,0.16797,0.16797,0.20000,0.82772,3829307.00000,0.20000,0.00000,18.78000,18.78000,0.64124,0.27500,0.54269,0.59652,0.55280,0.59130,0.01501,0.00814,99.63561,0.07470,0.07470,0.00000,0.03438,0.03438,0.21952,0.12546,0.24635,0.15552,539411062.40638,490734088.84935,48676973.55703,0.28400,0.38386,0.63000,0.35963,0.35963,0.38386
Botswana,0.53565,3.00000,40.00000,1.00000,0.28118,0.08854,0.21645,0.94583,0.94600,0.86250,2165.01845,18517.00638,122077.06869,42.34809,85591591.97852,0.00000,0.00000,0.00000,74.00612,0.00000,0.00023,76.43612,0.03028,0.03536,0.02901,0.03495,1.00000,15246.60880,1.50000,0.00222,0.10282,BWA,1.22047,0.05434,Botswana,0.16797,0.16797,0.20000,0.92972,2021144.00000,0.20000,0.73333,16.67000,16.67000,0.12988,0.72500,0.55403,0.57222,0.52295,0.54093,0.00501,0.00278,90.40376,0.02840,0.02840,1.00000,0.39896,0.39896,0.23279,0.04378,0.53887,0.42527,154488405.66945,149577021.39787,4911384.27158,0.18400,0.55758,0.50400,0.44400,0.55500,0.44606
Brazil,0.53565,3.00000,40.00000,1.00000,0.26558,0.06362,0.12968,0.84059,0.98080,0.59167,2467.08643,17577.08114,116540.12984,63.84727,12792561941.74356,0.00000,0.00000,0.00000,105.95763,0.00000,0.00052,109.93714,0.04890,0.05711,0.04685,0.04966,0.60000,14555.08220,1.50000,0.00379,0.13739,BRA,1.20559,0.29961,Brazil,0.16797,0.16797,0.20000,0.80625,200361925.00000,0.20000,0.86667,22.17000,22.17000,0.10514,0.58333,0.58076,0.60257,0.54605,0.57315,0.00755,0.00439,114.04474,0.03390,0.03390,0.20000,0.36458,0.36458,0.22567,0.20561,0.50798,0.49523,22027217973.17432,21229875557.85031,797342415.32401,0.05900,0.57006,0.60480,0.54480,0.56750,0.54726
Bulgaria,0.53565,3.00000,40.00000,1.00000,0.32308,0.01463,0.07025,0.79933,0.99500,0.67500,5030.25320,18361.20894,125667.40518,22.07039,160343912.74136,0.00000,0.00000,0.00000,32.49607,0.00000,0.00005,32.82414,0.04014,0.04688,0.03845,0.04066,0.80000,15695.01779,1.50000,0.00042,0.12009,BGR,1.26043,0.39633,Bulgaria,0.16797,0.16797,0.20000,0.96939,7265115.00000,0.20000,0.66667,28.32000,28.32000,0.60385,0.55000,0.67238,0.67917,0.54149,0.65603,0.00209,0.00141,138.96412,0.06410,0.06410,0.80000,0.33542,0.33542,0.66309,0.40446,0.77610,0.60422,238471178.25962,236087718.55024,2383459.70937,0.12900,0.39281,0.52920,0.31332,0.37300,0.32996
Burkina Faso,0.53565,3.00000,40.00000,1.00000,0.40567,0.03739,0.10710,0.66333,0.65900,0.52500,547.82935,1901.09828,13054.69875,9.42302,159577273.51035,0.00000,0.00000,0.00000,12.66072,0.00000,0.00006,13.30421,0.00803,0.00562,0.00864,0.01120,0.80000,1630.44450,1.50000,0.00029,0.22564,BFA,1.33919,0.33234,Burkina Faso,-0.30000,-0.30000,0.20000,0.69074,16934839.00000,0.20000,0.80000,1.90000,1.90000,0.04974,0.25000,0.70827,0.74427,0.69814,0.73140,0.00816,0.00578,14.16432,0.06720,0.06720,0.60000,0.33125,0.33125,0.49468,0.32352,0.66206,0.54760,225304680.52917,214407244.48174,10897436.04743,0.03100,0.60015,0.55440,0.52690,0.59875,0.52813
Cambodia,0.53565,3.00000,40.00000,1.00000,0.45929,0.00218,0.01208,0.57130,0.74000,0.15000,1323.11434,3348.62725,23568.31397,34.52838,522592848.65468,0.00000,0.00000,0.00000,61.15148,0.00000,0.00165,71.84582,0.11257,0.08443,0.11960,0.15980,0.00000,2943.52467,1.50000,0.00627,0.26313,KHM,1.39033,0.59740,Cambodia,-0.25000,-0.25000,0.20000,0.64230,15135169.00000,0.20000,0.00000,5.29000,5.29000,1.57392,0.30000,0.48059,0.56464,0.55187,0.55701,0.02441,0.01173,34.48510,0.08990,0.08990,0.00000,0.03750,0.03750,0.02479,0.02824,0.06136,0.06468,1087398609.87245,925538023.11577,161860586.75668,0.00300,0.24476,0.63000,0.21790,0.21790,0.24476
Cameroon,0.53565,3.00000,40.00000,1.00000,0.41974,0.09631,0.10153,0.51058,0.63600,0.15000,869.74170,3206.74451,21933.47277,5.05282,112445244.34176,0.00000,0.00000,0.00000,14.42863,0.00000,0.00045,16.58684,0.03281,0.04528,0.02969,0.03702,0.00000,2739.34394,1.50000,0.00164,0.27729,CMR,1.35261,0.61484,Cameroon,0.38000,0.38000,0.20000,0.69755,22253959.00000,0.20000,0.00000,6.73000,6.73000,2.26807,0.30000,0.30463,0.35019,0.30903,0.34224,0.00606,0.00184,42.32173,0.06350,0.06350,0.00000,0.03750,0.03750,0.14992,0.02986,0.18180,0.06624,369122961.09152,321094062.19357,48028898.89795,0.04000,0.16982,0.55500,0.13000,0.13000,0.16982
Canada,0.53565,3.00000,40.00000,1.00000,0.33548,0.36890,0.64163,0.92439,1.00000,0.80000,14874.10324,48655.07714,335477.40403,6.37796,224212734.05739,0.00000,0.00000,0.00000,9.16395,0.00000,0.00000,9.16896,0.03790,0.04427,0.03631,0.03686,0.60000,41898.88236,1.50000,0.00002,0.04941,CAN,1.27226,0.15122,Canada,0.16797,0.16797,0.20000,0.99838,35154279.00000,0.20000,0.86667,84.08000,84.08000,0.83954,1.00000,0.69560,0.69598,0.54238,0.65873,0.00022,0.00015,325.86868,0.07100,0.07100,0.80000,0.41667,0.41667,0.63100,0.14000,0.78475,0.49833,322328158.94714,322151882.32035,176276.62678,0.07100,0.13862,0.21420,0.10733,0.12778,0.11644
Colombia,0.53565,3.00000,40.00000,1.00000,0.27978,0.02795,0.13651,0.92563,0.99050,0.70000,1984.18859,14535.68457,96285.26681,12.24582,591735417.22187,0.00000,0.00000,0.00000,45.88616,0.00000,0.00033,48.24227,0.03212,0.07034,0.02256,0.03420,0.80000,12025.38537,1.50000,0.00299,0.11075,COL,1.21913,0.13925,Colombia,1.19000,1.19000,0.20000,0.84712,48321405.00000,0.20000,0.73333,19.71000,19.71000,1.27484,0.60000,0.25384,0.26687,0.19603,0.21253,0.00401,0.00102,103.63965,0.03300,0.03300,0.80000,0.35833,0.35833,0.12269,0.08733,0.43706,0.41437,2331134492.72424,2217283708.86909,113850783.85515,0.10500,0.27694,0.52920,0.20108,0.23938,0.23263
"Congo, Dem. Rep.",0.53565,3.00000,40.00000,1.00000,0.23706,0.00871,0.01916,0.73698,0.80100,0.12500,214.22141,925.51872,6271.42698,22.82434,1540954844.35830,0.00000,0.00002,0.00002,34.14621,0.00002,0.00086,38.00639,0.02713,0.02469,0.02774,0.03633,0.00000,783.25925,1.50000,0.00407,0.21192,COD,1.17839,0.32705,"Congo, Dem. Rep.",-0.09000,-0.09000,0.20000,0.70725,67513677.00000,0.20000,0.00000,2.04000,2.04000,0.23258,0.25000,0.60054,0.66843,0.65906,0.66283,0.04852,0.02914,15.06552,0.05470,0.05470,0.00000,0.03125,0.03125,0.01298,0.03018,0.04383,0.06048,2565951024.46596,2305336244.97885,260614779.48711,0.08000,0.51112,0.63000,0.50500,0.50500,0.51112
"Congo, Rep.",0.53565,3.00000,40.00000,1.00000,0.37275,0.01771,0.08744,0.85424,0.92500,0.17500,1593.30451,6701.96135,45480.65966,21.96295,97683130.81714,0.00000,0.00000,0.00000,57.95963,0.00000,0.00025,62.85626,0.03212,0.03751,0.03077,0.03485,0.00000,5680.22998,1.50000,0.00150,0.16928,COG,1.30780,0.21653,"Congo, Rep.",0.16797,0.16797,0.20000,0.70291,4447632.00000,0.20000,0.00000,3.43000,3.43000,2.49683,0.35000,0.34942,0.37894,0.32914,0.36937,0.01107,0.00387,23.62752,0.05610,0.05610,0.00000,0.04375,0.04375,0.17197,0.15214,0.20820,0.18924,279561494.13841,257783123.19716,21778370.94125,0.06500,0.15871,0.55500,0.13000,0.13000,0.15871
Costa Rica,0.53565,3.00000,40.00000,1.00000,0.48190,0.07918,0.27923,0.87877,0.99100,0.74167,2827.17145,16081.63615,107537.73398,4.15861,20261461.11676,0.00000,0.00000,0.00000,8.95326,0.00000,0.00002,9.15710,0.01833,0.02140,0.01756,0.02003,1.00000,13430.74321,1.50000,0.00021,0.10668,CRI,1.41189,0.23345,Costa Rica,0.16797,0.16797,0.20000,0.87720,4872166.00000,0.20000,0.93333,17.02000,17.02000,2.51646,0.48333,0.45414,0.46448,0.27279,0.38112,0.00068,0.00031,91.95005,0.04210,0.04210,1.00000,0.41875,0.41875,0.46967,0.20281,0.69174,0.53663,44614898.01162,43621760.62804,993137.38357,0.07600,0.17916,0.50400,0.12400,0.15500,0.14333
Croatia,0.53565,3.00000,40.00000,1.00000,0.23052,0.07799,0.15243,0.93769,1.00000,0.63333,8029.61936,23053.82911,160528.91597,17.67741,75229773.90337,0.00000,0.00000,0.00000,23.51582,0.00000,0.00013,23.68188,0.11574,0.13518,0.11088,0.10141,0.80000,20048.98716,1.50000,0.00157,0.08164,HRV,1.17216,0.12463,Croatia,0.16797,0.16797,0.20000,0.99440,4255700.00000,0.20000,0.80000,179.79000,179.79000,0.63391,0.46667,0.74645,0.75172,0.60304,0.71249,0.00118,0.00088,574.62066,0.08010,0.08010,0.80000,0.35833,0.35833,0.54942,0.27049,0.71088,0.53190,100782974.48219,100076262.38151,706712.10069,0.17700,0.38558,0.52920,0.30209,0.35963,0.32388
Czech Republic,0.53565,3.00000,40.00000,1.00000,0.23980,0.26152,0.41788,0.92096,0.99900,0.90833,13120.06268,31875.56493,225187.92393,28.93061,304184264.73402,0.00000,0.00000,0.00000,37.95781,0.00000,0.00003,38.07440,0.07016,0.08195,0.06722,0.06908,1.00000,28124.46448,1.50000,0.00060,0.05184,CZE,1.18101,0.15708,Czech Republic,0.16797,0.16797,0.20000,0.99251,10514272.00000,0.20000,0.53333,86.78000,86.78000,0.61498,0.81667,0.75984,0.76218,0.63106,0.71711,0.00135,0.00103,333.63306,0.09330,0.09330,1.00000,0.36042,0.36042,0.40580,0.45012,0.61996,0.64830,400324592.79799,399098708.70223,1225884.09575,0.06900,0.39010,0.50400,0.28800,0.36000,0.31208
Denmark,0.53565,3.00000,40.00000,1.00000,0.23011,0.44190,0.64744,0.93604,1.00000,0.50000,19393.36737,48255.07373,340152.19495,4.77056,26786385.93623,0.00000,0.00000,0.00000,6.12415,0.00000,0.00000,6.12748,0.00542,0.00633,0.00519,0.00607,0.00000,42482.73246,1.50000,0.00000,0.04836,DNK,1.17176,0.12792,Denmark,0.16797,0.16797,0.20000,0.98887,5614932.00000,0.20000,0.00000,25.74000,25.74000,0.03548,1.00000,0.77855,0.77898,0.75761,0.77717,0.00014,0.00011,128.64921,0.09130,0.09130,0.00000,0.12500,0.12500,0.67681,0.35351,0.71721,0.43432,34405401.85697,34386694.16555,18707.69142,0.07000,0.12555,0.13000,0.12500,0.12500,0.12555
Dominican Republic,0.53565,3.00000,40.00000,1.00000,0.37715,0.05701,0.22953,0.79793,0.98600,0.47500,2954.76538,14005.64688,94444.37719,1.71399,17831955.23121,0.00000,0.00000,0.00000,2.29273,0.00000,0.00001,2.31725,0.03555,0.02133,0.03910,0.03485,0.60000,11795.47058,1.50000,0.00009,0.14656,DOM,1.31199,0.39015,Dominican Republic,-0.40000,-0.40000,0.20000,0.91139,10403761.00000,0.20000,0.66667,76.96000,76.96000,0.36988,0.35000,0.73967,0.74758,0.71519,0.72935,0.00020,0.00015,304.79078,0.05010,0.05010,0.80000,0.28542,0.28542,0.19175,0.11761,0.42244,0.36946,24108109.87096,23852997.86515,255112.00582,0.14900,0.13140,0.15120,0.10920,0.13000,0.11037
Ecuador,0.53565,3.00000,40.00000,1.00000,0.25747,0.09388,0.17697,0.73253,0.90500,0.55000,2266.24133,12609.26137,84397.29585,75.12397,1182291924.12031,0.00000,0.00000,0.00000,116.55017,0.00000,0.00055,120.25358,0.06609,0.07719,0.06331,0.06926,0.80000,10540.65737,1.50000,0.00396,0.14015,ECU,1.19786,0.43994,Ecuador,0.16797,0.16797,0.20000,0.88900,15737878.00000,0.20000,0.80000,18.40000,18.40000,0.04935,0.30000,0.62471,0.64456,0.59521,0.62087,0.01141,0.00713,97.99187,0.04300,0.04300,0.60000,0.33750,0.33750,0.27929,0.17365,0.52253,0.45254,1892536223.79560,1834252280.84481,58283942.95080,0.04200,0.60037,0.55440,0.52690,0.59875,0.52833
"Egypt, Arab Rep.",0.53565,3.00000,40.00000,1.00000,0.49278,0.00209,0.01017,0.60466,0.78900,0.43333,4964.23853,12175.80127,85941.26454,50.37434,4133535961.24176,0.00000,0.00000,0.00000,92.61361,0.00000,0.00220,101.38589,0.18958,0.29954,0.16209,0.20040,0.60000,10733.48872,1.50000,0.01177,0.18712,EGY,1.42227,0.57969,"Egypt, Arab Rep.",0.58000,0.58000,0.20000,0.96098,82056378.00000,0.20000,0.66667,31.41000,31.41000,0.33413,0.26667,0.49686,0.54392,0.50328,0.51517,0.00945,0.00469,151.03652,0.09250,0.09250,0.60000,0.27500,0.27500,0.10013,0.11928,0.34760,0.36148,8319359058.65316,7599537227.92997,719821830.72320,0.12700,0.47222,0.55440,0.38940,0.44250,0.41555
El Salvador,0.53565,3.00000,40.00000,1.00000,0.13424,0.04985,0.18162,0.85531,0.99500,0.49167,2141.79856,8858.40368,60172.02080,19.01482,120562600.45788,0.00000,0.00000,0.00000,29.44447,0.00000,0.00004,29.92056,0.00829,0.00968,0.00794,0.00900,0.60000,7515.08266,1.50000,0.00030,0.12326,SLV,1.08034,0.28437,El Salvador,0.16797,0.16797,0.20000,0.83789,6340454.00000,0.20000,0.66667,6.82000,6.82000,0.92480,0.38333,0.63551,0.64579,0.51836,0.57188,0.00398,0.00253,42.79770,0.05700,0.05700,0.60000,0.28958,0.28958,0.18429,0.17737,0.42051,0.41559,189709965.38761,186691323.38088,3018642.00672,0.06300,0.32731,0.55440,0.26840,0.30500,0.28803
Estonia,0.53565,3.00000,40.00000,1.00000,0.28006,0.18929,0.35830,0.90456,0.99800,0.40833,9053.47554,29303.84012,202202.72679,4.68980,6181143.26644,0.00000,0.00000,0.00000,7.19508,0.00000,0.00001,7.23358,0.01923,0.02246,0.01842,0.01821,0.00000,25253.76720,1.50000,0.00009,0.07122,EST,1.21940,0.18887,Estonia,0.16797,0.16797,0.20000,0.96979,1317997.00000,0.20000,0.00000,46.50000,46.50000,1.35951,0.81667,0.64834,0.65181,0.49853,0.63541,0.00029,0.00019,206.53547,0.07170,0.07170,0.00000,0.10208,0.10208,0.51852,0.34897,0.56767,0.41543,9533835.90826,9483095.29578,50740.61248,0.08800,0.12926,0.30500,0.11272,0.11272,0.12926
Finland,0.53565,3.00000,40.00000,1.00000,0.21799,0.41186,0.66385,0.90680,0.99900,0.89167,17818.75722,44071.33798,310831.88369,12.74931,69343115.13392,0.00000,0.00000,0.00000,15.70496,0.00000,0.00000,15.70979,0.02959,0.03456,0.02835,0.02965,0.80000,38820.82182,1.50000,0.00001,0.05989,FIN,1.16021,0.18540,Finland,0.16797,0.16797,0.20000,0.99552,5438972.00000,0.20000,0.86667,48.24000,48.24000,0.79380,0.98333,0.81155,0.81180,0.64346,0.76362,0.00040,0.00033,212.51247,0.09180,0.09180,0.80000,0.43958,0.43958,0.57169,0.33562,0.75997,0.62767,85445125.84961,85418814.87157,26310.97804,0.08200,0.14216,0.21420,0.10773,0.12825,0.11941
France,0.53565,3.00000,40.00000,1.00000,0.22345,0.40226,0.55754,0.96301,1.00000,0.95833,14533.16114,42887.71209,297988.76210,12.16380,802079303.60081,0.00000,0.00000,0.00000,16.19818,0.00000,0.00001,16.21991,0.07301,0.08528,0.06995,0.07140,1.00000,37216.80190,1.50000,0.00013,0.04754,FRA,1.16541,0.07399,France,0.16797,0.16797,0.20000,0.99838,65939866.00000,0.20000,0.73333,122.61000,122.61000,2.05097,0.91667,0.74993,0.75094,0.46262,0.63750,0.00044,0.00033,430.86422,0.07810,0.07810,1.00000,0.42292,0.42292,0.49639,0.37605,0.70938,0.63993,1069538539.08226,1068105556.14527,1432982.93699,0.10400,0.15733,0.38400,0.09920,0.12400,0.12586
Gabon,0.53565,3.00000,40.00000,1.00000,0.32991,0.01965,0.13130,0.75200,0.89300,0.19167,5463.38636,21942.11568,149298.39145,53.10541,88776890.95308,0.00000,0.00000,0.00000,159.23267,0.00000,0.00170,181.21169,0.08423,0.14487,0.06906,0.09396,0.00000,18646.36981,1.50000,0.00604,0.28197,GAB,1.26694,0.38901,Gabon,0.72000,0.72000,0.20000,0.59809,1671711.00000,0.20000,0.00000,16.85000,16.85000,1.92499,0.38333,0.29306,0.33351,0.27443,0.32365,0.00972,0.00285,91.19993,0.05860,0.05860,0.00000,0.04792,0.04792,0.22084,0.12165,0.25817,0.16374,302933576.30969,266191000.20158,36742576.10810,0.19600,0.21539,0.63000,0.16125,0.16125,0.21539
Georgia,0.53565,3.00000,40.00000,1.00000,0.36327,0.00157,0.01638,0.68946,0.99800,0.60000,1829.59692,8205.46499,55489.69401,9.45790,42439479.56315,0.00000,0.00000,0.00000,11.89667,0.00000,0.00000,11.90541,0.08343,0.09744,0.07992,0.08372,0.80000,6930.29138,1.50000,0.00002,0.15178,GEO,1.29875,0.61907,Georgia,0.16797,0.16797,0.20000,0.99820,4487200.00000,0.20000,0.66667,23.40000,23.40000,3.03935,0.40000,0.79442,0.79500,0.29145,0.78764,0.00172,0.00136,119.12904,0.05280,0.05280,0.40000,0.31667,0.31667,0.98320,0.54281,0.98852,0.68759,53421955.05358,53382749.76020,39205.29338,0.14300,0.15597,0.57960,0.11385,0.12375,0.14349
Germany,0.53565,3.00000,40.00000,1.00000,0.27302,0.56982,0.51403,0.93557,1.00000,0.90000,17775.28818,49160.78646,343362.56997,12.02455,969802457.98894,0.00000,0.00000,0.00000,15.90689,0.00000,0.00000,15.91017,0.07486,0.08744,0.07172,0.07208,0.80000,42883.68681,1.50000,0.00001,0.05167,DEU,1.21269,0.12885,Germany,0.16797,0.16797,0.20000,0.96242,80651873.00000,0.20000,0.73333,106.88000,106.88000,0.53683,1.00000,0.75578,0.75593,0.63856,0.73149,0.00037,0.00028,389.29933,0.08290,0.08290,0.80000,0.40833,0.40833,0.64379,0.38332,0.78924,0.63513,1283184912.31221,1282920697.59997,264214.71223,0.05300,0.13339,0.17220,0.10542,0.12550,0.11205
Greece,0.53565,3.00000,40.00000,1.00000,0.23679,0.12937,0.24796,0.86807,1.00000,0.50000,7838.38172,28421.72908,194606.58239,9.97977,110052422.00351,0.00000,0.00000,0.00000,16.60144,0.00000,0.00003,16.93407,0.01725,0.02015,0.01653,0.01760,0.80000,24305.05961,1.50000,0.00019,0.15359,GRC,1.17814,0.26387,Greece,0.16797,0.16797,0.20000,0.94417,11027549.00000,0.20000,0.86667,25.34000,25.34000,2.60007,0.20000,0.58933,0.60114,0.37299,0.49933,0.00070,0.00041,127.04379,0.06450,0.06450,0.80000,0.34167,0.34167,0.38459,0.49652,0.59486,0.66854,186741295.70759,183073148.01838,3668147.68920,0.27300,0.17500,0.52920,0.11487,0.13675,0.14700
Guatemala,0.53565,3.00000,40.00000,1.00000,0.64756,0.05336,0.13478,0.50737,0.52300,0.53333,1366.59969,8486.51342,56548.51211,4.50799,69730564.99327,0.00000,0.00000,0.00000,15.16621,0.00000,0.00027,17.91656,0.03108,0.03630,0.02977,0.03233,0.60000,7062.53067,1.50000,0.00094,0.28445,GTM,1.56988,0.50825,Guatemala,0.16797,0.16797,0.20000,0.66728,15468203.00000,0.20000,0.60000,8.04000,8.04000,3.21180,0.46667,0.25161,0.29724,0.21003,0.24641,0.00254,0.00064,49.18195,0.03870,0.03870,0.80000,0.28333,0.28333,0.21925,0.10472,0.44046,0.35838,277137016.87581,234594089.84148,42542927.03434,0.02800,0.13177,0.46620,0.09324,0.11100,0.11069
Honduras,0.53565,3.00000,40.00000,1.00000,0.36359,0.04311,0.11806,0.68521,0.82900,0.53750,580.10787,5411.56185,35592.54828,17.59218,142456000.52013,0.00000,0.00000,0.00000,24.35400,0.00000,0.00034,26.81645,0.04011,0.01364,0.04673,0.04325,0.80000,4445.27105,1.50000,0.00155,0.22008,HND,1.29906,0.45858,Honduras,-0.66000,-0.66000,0.20000,0.69655,8097688.00000,0.20000,0.33333,7.20000,7.20000,1.56612,0.27500,0.65602,0.72235,0.63586,0.68635,0.00603,0.00396,44.79578,0.02610,0.02610,0.40000,0.21771,0.21771,0.25797,0.13477,0.41952,0.32314,217151268.08723,197211068.63131,19940199.45592,0.04200,0.24551,0.57960,0.22310,0.24250,0.22587
Hungary,0.53565,3.00000,40.00000,1.00000,0.22127,0.09189,0.22393,0.85803,0.99100,0.65000,9366.47741,26041.64552,181808.07660,31.82040,314827845.26812,0.00000,0.00000,0.00000,38.93086,0.00000,0.00002,38.97521,0.10368,0.12110,0.09933,0.09878,0.80000,22706.61190,1.50000,0.00019,0.08775,HUN,1.16334,0.27493,Hungary,0.16797,0.16797,0.20000,0.98072,9893899.00000,0.20000,1.00000,100.00000,100.00000,0.64364,0.50000,0.81643,0.81736,0.61208,0.80557,0.00172,0.00140,370.67677,0.08250,0.08250,1.00000,0.41250,0.41250,0.91233,0.52571,0.94850,0.72135,385616761.13372,385178028.25390,438732.87983,0.10200,0.38330,0.50400,0.28500,0.35625,0.30664
Ireland,0.53565,3.00000,40.00000,1.00000,0.31125,0.49514,0.52417,0.91581,1.00000,0.35000,17010.59688,51556.39567,357483.01523,3.47796,15990109.80765,0.00000,0.00000,0.00000,4.88723,0.00000,0.00000,4.89106,0.03898,0.04553,0.03734,0.03556,0.00000,44647.23591,1.50000,0.00002,0.07227,IRL,1.24915,0.16839,Ireland,0.16797,0.16797,0.20000,0.99838,4597558.00000,0.20000,0.00000,200.00000,200.00000,0.01778,0.70000,0.71108,0.71164,0.69666,0.71113,0.00011,0.00008,619.00314,0.07620,0.07620,0.00000,0.08750,0.08750,0.78696,0.48333,0.80560,0.52854,22486932.69406,22469310.23553,17622.45854,0.13100,0.12773,0.13000,0.12750,0.12750,0.12773
Italy,0.53565,3.00000,40.00000,1.00000,0.20461,0.11888,0.17878,0.90496,0.99000,0.70000,10295.80040,39830.49967,271620.31878,14.79291,891035087.10395,0.00000,0.00000,0.00000,22.72740,0.00000,0.00002,22.83461,0.04794,0.05599,0.04593,0.04766,0.80000,33923.55982,1.50000,0.00023,0.07456,ITA,1.14745,0.18008,Italy,0.16797,0.16797,0.20000,0.99335,60233948.00000,0.20000,0.86667,62.59000,62.59000,2.20001,0.60000,0.64783,0.65088,0.40763,0.54584,0.00067,0.00044,259.85536,0.06070,0.06070,1.00000,0.39167,0.39167,0.43236,0.41381,0.65469,0.64340,1375418722.89871,1368960982.43551,6457740.46319,0.12200,0.15000,0.38400,0.09920,0.12400,0.12000
Jamaica,0.53565,3.00000,40.00000,1.00000,0.38101,0.29451,0.31051,0.86867,0.99100,0.40000,2302.50587,10183.74674,68918.81383,2.57203,6982365.58241,0.00000,0.00000,0.00000,5.02160,0.00000,0.00000,5.19216,0.00026,0.00031,0.00025,0.00060,0.60000,8607.49856,1.50000,0.00001,0.14018,JAM,1.31567,0.25365,Jamaica,0.16797,0.16797,0.20000,0.86079,2714734.00000,0.20000,0.60000,0.50000,0.50000,1.35530,0.20000,0.49537,0.51219,0.40952,0.46557,0.00060,0.00030,4.16975,0.05350,0.05350,0.80000,0.25000,0.25000,0.26652,0.14743,0.44989,0.36057,14095321.04199,13632320.66546,463000.37652,0.15000,0.26748,0.52920,0.20370,0.24250,0.22468
Jordan,0.53565,3.00000,40.00000,1.00000,0.17572,0.01291,0.12600,0.88044,0.99600,0.48750,4693.05004,13082.66106,91315.85309,4.55270,29410439.75009,0.00000,0.00000,0.00000,9.02791,0.00000,0.00002,9.18743,0.00348,0.00888,0.00213,0.00399,0.60000,11404.73886,1.50000,0.00022,0.08886,JOR,1.11990,0.23512,Jordan,1.55000,1.55000,0.20000,0.97899,6460000.00000,0.20000,0.40000,16.64000,16.64000,0.27666,0.37500,0.49554,0.50429,0.42398,0.47112,0.00081,0.00040,90.27102,0.08230,0.08230,0.60000,0.22188,0.22188,0.24754,0.20255,0.41449,0.37948,59350810.75735,58320268.44827,1030542.30907,0.12600,0.49347,0.55440,0.38940,0.44250,0.43426
Kenya,0.53565,3.00000,40.00000,1.00000,0.46296,0.10053,0.32159,0.49579,0.43800,0.37500,654.68822,3217.98197,21661.07445,16.42103,728333125.20040,0.00000,0.00000,0.00000,37.00165,0.00000,0.00035,42.22792,0.01549,0.02540,0.01301,0.01882,0.40000,2705.32322,1.50000,0.00127,0.27330,KEN,1.39383,0.44643,Kenya,0.64000,0.64000,0.20000,0.77631,44353691.00000,0.20000,0.46667,2.10000,2.10000,0.22024,0.35000,0.38887,0.44379,0.42062,0.42595,0.01561,0.00607,15.44862,0.04840,0.04840,0.80000,0.21042,0.21042,0.05487,0.07183,0.25374,0.26714,1872964279.66711,1641159896.81724,231804382.84988,0.09200,0.51629,0.52920,0.42420,0.50500,0.43368
Kyrgyz Republic,0.53565,3.00000,40.00000,1.00000,0.52023,0.00190,0.01364,0.81368,0.99100,0.30000,1194.16813,3588.72400,24899.75570,11.41293,65277395.08517,0.00000,0.00000,0.00000,17.90650,0.00000,0.00001,18.07492,0.03234,0.03784,0.03096,0.05226,0.60000,3109.81283,1.50000,0.00015,0.09860,KGZ,1.44844,0.36365,Kyrgyz Republic,0.17000,0.17000,0.20000,0.97054,5719600.00000,0.20000,0.60000,3.11000,3.11000,1.94035,0.00000,0.63142,0.63736,0.38186,0.60653,0.00581,0.00367,21.71335,0.07680,0.07680,0.60000,0.22500,0.22500,0.72176,0.46220,0.78436,0.58320,103381327.77685,102418030.55907,963297.21778,0.08000,0.21426,0.55440,0.15136,0.17200,0.18855
Lao PDR,0.53565,3.00000,40.00000,1.00000,0.24730,0.13251,0.23853,0.50755,0.41500,0.00000,1778.25656,5389.61093,37370.61799,62.16662,420851074.07540,0.00000,0.00000,0.00000,103.79785,0.00000,0.00071,109.43778,0.16309,0.19048,0.15624,0.18583,0.00000,4667.34006,1.50000,0.00274,0.25769,LAO,1.18816,0.39990,Lao PDR,0.16797,0.16797,0.20000,0.73337,6769727.00000,0.20000,0.00000,6.82000,6.82000,0.80312,0.00000,0.56805,0.59892,0.59112,0.59892,0.02345,0.01332,42.79770,0.07620,0.07620,0.00000,0.00000,0.00000,0.03728,0.13348,0.03728,0.13348,740863911.39349,702683115.36824,38180796.02525,0.01400,0.14142,0.25500,0.13000,0.13000,0.14142
Latvia,0.53565,3.00000,40.00000,1.00000,0.23937,0.08002,0.16866,0.81758,1.00000,0.35000,6811.76207,25587.77291,174809.77399,11.34026,22823931.52091,0.00000,0.00000,0.00000,17.02086,0.00000,0.00004,17.18039,0.06016,0.07026,0.05763,0.05813,0.00000,21832.57074,1.50000,0.00029,0.13018,LVA,1.18060,0.36484,Latvia,0.16797,0.16797,0.20000,0.90287,2012647.00000,0.20000,0.00000,59.74000,59.74000,1.39880,0.70000,0.66007,0.66626,0.48262,0.65359,0.00079,0.00052,250.74322,0.06240,0.06240,0.00000,0.08750,0.08750,0.61632,0.23029,0.64989,0.29764,34578056.83717,34256982.27504,321074.56213,0.11100,0.12715,0.30500,0.11272,0.11272,0.12715
Liberia,0.53565,3.00000,40.00000,1.00000,0.47251,0.04496,0.20075,0.67531,0.61100,0.00000,273.64556,993.87727,6804.45530,10.55510,45324423.02055,0.00000,0.00001,0.00001,15.02271,0.00001,0.00163,17.69403,0.05526,0.03150,0.06120,0.06371,0.00000,849.83092,1.50000,0.00717,0.22801,LBR,1.40294,0.26038,Liberia,-0.43000,-0.43000,0.20000,0.67766,4294077.00000,0.20000,0.00000,6.06000,6.06000,0.05032,0.00000,0.59653,0.70261,0.69283,0.70261,0.02082,0.01242,38.73467,0.06440,0.06440,0.00000,0.00000,0.00000,0.04504,0.12573,0.04504,0.12573,75979546.83762,64508668.33822,11470878.49940,0.03700,0.59982,0.63000,0.59875,0.59875,0.59982
Lithuania,0.53565,3.00000,40.00000,1.00000,0.31296,0.13166,0.25531,0.83684,1.00000,0.34167,8601.07231,28436.76005,195924.21019,18.86504,55796913.91490,0.00000,0.00000,0.00000,25.79240,0.00000,0.00002,25.92158,0.08076,0.09432,0.07736,0.08022,0.00000,24469.62250,1.50000,0.00022,0.10206,LTU,1.25078,0.32632,Lithuania,0.16797,0.16797,0.20000,0.97500,2957689.00000,0.20000,0.00000,49.75000,49.75000,1.81406,0.68333,0.72777,0.73142,0.43467,0.72199,0.00106,0.00077,217.65450,0.07030,0.07030,0.00000,0.08542,0.08542,0.81090,0.31471,0.82705,0.37324,76667985.49632,76285909.98924,382075.50708,0.11800,0.15280,0.43000,0.12725,0.12725,0.15280
Madagascar,0.53565,3.00000,40.00000,1.00000,0.29407,0.00468,0.01990,0.57122,0.44300,0.20000,444.80553,1599.58913,10958.41280,20.16668,462318070.51776,0.00000,0.00001,0.00001,30.62543,0.00001,0.00050,34.31210,0.03398,0.02854,0.03534,0.05064,0.40000,1368.63241,1.50000,0.00139,0.36169,MDG,1.23277,0.30055,Madagascar,-0.16000,-0.16000,0.20000,0.37970,22924851.00000,0.20000,0.66667,2.18000,2.18000,0.95483,0.00000,0.58774,0.65849,0.60023,0.61639,0.02507,0.01473,15.95714,0.06500,0.06500,0.80000,0.21667,0.21667,0.07555,0.10542,0.27585,0.29924,786599824.85756,702083524.67772,84516300.17985,0.03600,0.32228,0.52920,0.25620,0.30500,0.27071
Malawi,0.53565,3.00000,40.00000,1.00000,0.25308,0.05032,0.10418,0.79860,0.71400,0.30000,204.22262,892.67181,6045.01550,4.94196,80863155.18955,0.00000,0.00001,0.00001,8.67788,0.00000,0.00020,9.29673,0.01757,0.01933,0.01713,0.02283,0.60000,754.98198,1.50000,0.00088,0.22669,MWI,1.19367,0.11680,Malawi,0.10000,0.10000,0.20000,0.59733,16362567.00000,0.20000,0.66667,2.84000,2.84000,0.94025,0.00000,0.53158,0.56949,0.51007,0.51701,0.01231,0.00655,20.07483,0.05410,0.05410,0.80000,0.24167,0.24167,0.03189,0.03963,0.26585,0.27172,152118334.90559,141992449.35671,10125885.54888,0.07600,0.32470,0.52920,0.25620,0.30500,0.27275
Malaysia,0.53565,3.00000,40.00000,1.00000,0.25059,0.24764,0.42786,0.81284,0.98680,0.75000,5127.78732,26954.76748,180869.35176,27.69629,823049589.66835,0.00000,0.00000,0.00000,47.85408,0.00000,0.00003,48.10586,0.10686,0.12481,0.10238,0.10812,0.80000,22589.37145,1.50000,0.00044,0.07599,MYS,1.19130,0.36113,Malaysia,0.16797,0.16797,0.20000,0.99120,29716965.00000,0.20000,0.80000,34.87000,34.87000,0.96873,0.70000,0.57574,0.57877,0.48463,0.51042,0.00213,0.00123,164.21410,0.04540,0.04540,1.00000,0.38750,0.38750,0.14714,0.05773,0.47762,0.42286,1429560248.94486,1422077884.48952,7482364.45534,0.03200,0.12953,0.20400,0.09780,0.12225,0.10362
Mali,0.53565,3.00000,40.00000,1.00000,0.64384,0.02605,0.05731,0.49311,0.58700,0.20000,633.28319,1828.13839,12724.19947,3.56826,54600213.78202,0.00000,0.00000,0.00000,7.31377,0.00000,0.00047,8.57357,0.07104,0.04333,0.07796,0.09112,0.40000,1589.16735,1.50000,0.00146,0.32432,MLI,1.56633,0.60079,Mali,-0.39000,-0.39000,0.20000,0.61593,15301650.00000,0.20000,0.60000,6.97000,6.97000,3.13779,0.00000,0.41619,0.48788,0.43751,0.44281,0.00540,0.00225,43.58899,0.07970,0.07970,0.60000,0.20000,0.20000,0.02463,0.05300,0.21971,0.24240,131189704.45206,111912781.68870,19276922.76336,0.08200,0.15226,0.55440,0.11375,0.12926,0.13398
Mexico,0.53565,3.00000,40.00000,1.00000,0.36826,0.02801,0.09345,0.75926,0.96000,0.73333,3958.66752,19373.84915,130437.83717,21.78962,2665576731.06982,0.00000,0.00000,0.00000,36.17506,0.00000,0.00012,36.76929,0.06063,0.07082,0.05809,0.06110,0.80000,16290.81282,1.50000,0.00111,0.11074,MEX,1.30352,0.44147,Mexico,0.16797,0.16797,0.20000,0.95753,122332399.00000,0.20000,0.80000,39.44000,39.44000,0.59918,0.66667,0.59260,0.60234,0.48796,0.56953,0.00226,0.00134,181.16571,0.04860,0.04860,0.80000,0.38333,0.38333,0.53402,0.25477,0.71265,0.54044,4498075632.10673,4425381385.44508,72694246.66165,0.04900,0.39395,0.52920,0.31857,0.37925,0.33092
Moldova,0.53565,3.00000,40.00000,1.00000,0.25670,0.00716,0.05443,0.77311,0.99200,0.32500,1919.20052,5171.55593,36199.57674,36.44356,129686829.48290,0.00000,0.00000,0.00000,41.69636,0.00000,0.00014,42.39878,0.05910,0.02837,0.06678,0.06282,0.40000,4521.08484,1.50000,0.00126,0.11057,MDA,1.19713,0.44579,Moldova,-0.52000,-0.52000,0.20000,0.94617,3558566.00000,0.20000,0.60000,10.45000,10.45000,0.62861,0.25000,0.85954,0.87402,0.78649,0.85459,0.00938,0.00806,61.26443,0.08490,0.08490,0.60000,0.23125,0.23125,0.46588,0.33757,0.58939,0.49075,150878847.24920,148379257.30430,2499589.94490,0.05100,0.38683,0.55440,0.33198,0.37725,0.34041
Mongolia,0.53565,3.00000,40.00000,1.00000,0.20767,0.11909,0.30408,0.80893,0.98800,0.56667,3241.96852,10604.89000,73120.85759,27.35912,77674545.20013,0.00000,0.00000,0.00000,41.02252,0.00000,0.00002,41.34113,0.03413,0.03987,0.03270,0.04711,0.80000,9132.30570,1.50000,0.00017,0.11036,MNG,1.15037,0.37013,Mongolia,0.16797,0.16797,0.20000,0.90897,2839073.00000,0.20000,0.53333,6.34000,6.34000,1.36241,0.33333,0.66179,0.66693,0.52252,0.60712,0.00453,0.00300,40.24440,0.07100,0.07100,0.40000,0.27500,0.27500,0.32451,0.18659,0.51027,0.41028,117370497.93219,116465941.89277,904556.03942,0.04900,0.12911,0.28060,0.10370,0.11272,0.11878
Nepal,0.53565,3.00000,40.00000,1.00000,0.27020,0.05736,0.12678,0.44923,0.36000,0.30000,898.44883,2491.37578,17397.17241,52.08770,1447905599.72542,0.00000,0.00001,0.00001,60.63057,0.00001,0.00031,63.94744,0.04597,0.01793,0.05298,0.05838,0.60000,2172.79039,1.50000,0.00094,0.32472,NPL,1.21000,0.46155,Nepal,-0.61000,-0.61000,0.20000,0.60360,27797457.00000,0.20000,0.46667,2.33000,2.33000,0.83955,0.00000,0.81454,0.85910,0.79743,0.83732,0.02943,0.02397,16.90393,0.08270,0.08270,0.60000,0.19167,0.19167,0.19572,0.35894,0.34988,0.48181,1777576336.12164,1685375652.61578,92200683.50586,0.02700,0.34248,0.55440,0.29366,0.33370,0.30138
Netherlands,0.53565,3.00000,40.00000,1.00000,0.25252,0.51467,0.62060,0.97303,1.00000,0.99167,18908.88611,51549.22523,360476.94266,1.33712,22469581.59134,0.00000,0.00000,0.00000,1.77532,0.00000,0.00000,1.77556,0.33644,0.39295,0.32231,0.32301,1.00000,45021.15741,1.50000,0.00005,0.03727,NLD,1.19314,0.05394,Netherlands,0.16797,0.16797,0.20000,0.98215,16804432.00000,0.20000,0.66667,4489.59000,4489.59000,0.01386,0.98333,0.75307,0.75317,0.74278,0.74983,0.00004,0.00003,4489.59000,0.08400,0.08400,1.00000,0.41458,0.41458,0.43785,0.33149,0.67091,0.60864,29837301.16305,29833278.27928,4022.88377,0.06700,0.12822,0.10400,0.10242,0.12802,0.10258
Niger,0.53565,3.00000,40.00000,1.00000,0.23359,0.00204,0.01811,0.38112,0.29300,0.30000,397.29071,1009.18934,7100.53752,4.84393,86373462.23096,0.00000,0.00000,0.00000,6.99982,0.00000,0.00012,7.50740,0.02172,0.01325,0.02383,0.04021,0.60000,886.80961,1.50000,0.00037,0.32553,NER,1.17509,0.53076,Niger,-0.39000,-0.39000,0.20000,0.69330,17831270.00000,0.20000,0.73333,2.45000,2.45000,3.05849,0.00000,0.64522,0.69201,0.58700,0.60573,0.00847,0.00546,17.65452,0.08960,0.08960,0.60000,0.25833,0.25833,0.05922,0.06196,0.30225,0.30429,133866532.51553,124815665.85695,9050866.65858,0.05100,0.15523,0.55440,0.11375,0.12926,0.13660
Nigeria,0.53565,3.00000,40.00000,1.00000,0.87364,0.08466,0.33686,0.34375,0.38100,0.59167,1461.41586,6413.01271,43418.60649,13.16339,2285366501.61558,0.00000,0.00000,0.00000,32.77488,0.00000,0.00071,39.14634,0.03265,0.04962,0.02840,0.03767,0.80000,5422.69334,1.50000,0.00227,0.31262,NGA,1.78549,0.69350,Nigeria,0.52000,0.52000,0.20000,0.79338,173615345.00000,0.20000,0.80000,7.04000,7.04000,0.04724,0.38333,0.33626,0.40163,0.38933,0.38955,0.00722,0.00243,43.95676,0.05390,0.05390,0.80000,0.34792,0.34792,0.00432,0.00781,0.35073,0.35301,6796406040.21544,5690222627.68846,1106183412.52697,0.07500,0.60158,0.52920,0.50295,0.59875,0.50533
Pakistan,0.53565,3.00000,40.00000,1.00000,0.37672,0.01097,0.01670,0.48613,0.52100,0.51250,2135.72888,5033.66132,35663.03865,46.08284,8393648642.92533,0.00000,0.00000,0.00000,69.04823,0.00000,0.00116,77.38589,0.06557,0.07659,0.06282,0.07859,0.80000,4454.07483,1.50000,0.00368,0.31431,PAK,1.31158,0.54874,Pakistan,0.16797,0.16797,0.20000,0.62194,182142594.00000,0.20000,0.73333,7.20000,7.20000,0.26716,0.22500,0.59549,0.66740,0.62249,0.63362,0.01737,0.01035,44.79578,0.09590,0.09590,0.60000,0.31146,0.31146,0.06627,0.13756,0.35709,0.40618,14095266088.90013,12576624495.79515,1518641593.10498,0.05100,0.49718,0.55440,0.42240,0.48000,0.43752
Panama,0.53565,3.00000,40.00000,1.00000,0.54024,0.10993,0.13441,0.84295,0.93500,0.70000,3006.94293,22740.00593,150475.58438,20.32848,78552695.88602,0.00000,0.00000,0.00000,40.77613,0.00000,0.00013,42.75895,0.01645,0.01922,0.01576,0.01859,0.80000,18793.39333,1.50000,0.00138,0.09399,PAN,1.46753,0.24911,Panama,0.16797,0.16797,0.20000,0.91610,3864170.00000,0.20000,0.66667,14.34000,14.34000,0.05007,0.60000,0.47542,0.49854,0.47460,0.48432,0.00228,0.00108,79.85660,0.03200,0.03200,0.60000,0.34167,0.34167,0.13708,0.19584,0.43191,0.47060,165227870.61640,157565900.25247,7661970.36392,0.04100,0.59996,0.55440,0.52690,0.59875,0.52797
Paraguay,0.53565,3.00000,40.00000,1.00000,0.36827,0.02128,0.14779,0.69584,0.95800,0.53333,1590.11402,9393.81400,62718.12477,7.09832,48284838.40385,0.00000,0.00000,0.00000,14.19214,0.00000,0.00021,15.13233,0.02578,0.03011,0.02470,0.02750,0.60000,7833.07400,1.50000,0.00112,0.18500,PRY,1.30353,0.56632,Paraguay,0.16797,0.16797,0.20000,0.80116,6802295.00000,0.20000,0.60000,20.13000,20.13000,0.96295,0.46667,0.46908,0.50016,0.41566,0.45540,0.00193,0.00091,105.42810,0.04060,0.04060,0.80000,0.28333,0.28333,0.22254,0.18271,0.44282,0.41428,102934600.58024,96539138.10609,6395462.47415,0.05200,0.32095,0.52920,0.25620,0.30500,0.26959
Peru,0.53565,3.00000,40.00000,1.00000,0.27020,0.01947,0.12963,0.75889,0.86700,0.73333,2404.66003,13644.45127,91249.83003,9.26947,281565611.23418,0.00000,0.00000,0.00000,12.10579,0.00000,0.00033,12.57352,0.07048,0.03594,0.07911,0.06889,0.80000,11396.49302,1.50000,0.00182,0.18042,PER,1.21000,0.34922,Peru,-0.49000,-0.49000,0.20000,0.73885,30375603.00000,0.20000,0.60000,93.09000,93.09000,1.09450,0.66667,0.73722,0.76571,0.66993,0.70618,0.00110,0.00081,351.58239,0.04220,0.04220,0.60000,0.33333,0.33333,0.17809,0.14383,0.45206,0.42922,381928200.77059,367720658.22312,14207542.54747,0.03900,0.30079,0.55440,0.25889,0.29420,0.26469
Philippines,0.53565,3.00000,40.00000,1.00000,0.27366,0.03531,0.22189,0.58064,0.72800,0.69167,1863.07074,7442.00285,50652.96599,13.17521,1296356246.28142,0.00000,0.00000,0.00000,17.19081,0.00000,0.00001,17.31905,0.04303,0.03786,0.04432,0.05394,0.80000,6326.21642,1.50000,0.00006,0.24419,PHL,1.21330,0.56673,Philippines,-0.12000,-0.12000,0.20000,0.75780,98393574.00000,0.20000,0.60000,8.32000,8.32000,0.05998,0.58333,0.76074,0.76641,0.75044,0.75817,0.00274,0.00208,50.61475,0.05890,0.05890,0.60000,0.32292,0.32292,0.18818,0.22830,0.45033,0.47749,1704083320.51686,1691465313.57836,12618006.93851,0.07100,0.12264,0.11440,0.10758,0.12225,0.10793
Poland,0.53565,3.00000,40.00000,1.00000,0.41320,0.14695,0.20182,0.88543,0.99900,0.75833,9008.49447,26291.90196,182837.82405,1.79160,69002555.34290,0.00000,0.00000,0.00000,2.69587,0.00000,0.00000,2.70090,0.06353,0.07420,0.06086,0.05782,0.80000,22835.22046,1.50000,0.00005,0.07775,POL,1.34638,0.22814,Poland,0.16797,0.16797,0.20000,0.98532,38514479.00000,0.20000,0.53333,200.00000,200.00000,1.33006,0.71667,0.66333,0.66457,0.47767,0.62180,0.00012,0.00008,619.00314,0.07890,0.07890,1.00000,0.32292,0.32292,0.59396,0.48828,0.72508,0.65352,104023912.01539,103830086.24558,193825.76982,0.10400,0.13090,0.24400,0.09017,0.11272,0.10472
Romania,0.53565,3.00000,40.00000,1.00000,0.26775,0.05477,0.10829,0.89407,0.98500,0.67500,8101.02089,20704.88195,145597.15163,37.64544,752206923.97924,0.00000,0.00000,0.00000,50.16842,0.00000,0.00008,50.51739,0.07485,0.08742,0.07171,0.07368,0.80000,18184.10973,1.50000,0.00104,0.07948,ROU,1.20766,0.19685,Romania,0.16797,0.16797,0.20000,0.94050,19981358.00000,0.20000,0.66667,50.00000,50.00000,0.39594,0.55000,0.74520,0.75038,0.63870,0.72640,0.00278,0.00207,218.49824,0.08910,0.08910,0.80000,0.33542,0.33542,0.56318,0.40971,0.70970,0.60770,1009405971.33190,1002433226.76940,6972744.56250,0.07300,0.45131,0.52920,0.36120,0.43000,0.37910
Rwanda,0.53565,3.00000,40.00000,1.00000,0.71258,0.17842,0.17837,0.75303,0.69000,0.47500,368.00250,1690.95723,11420.67837,17.29130,203631339.53359,0.00000,0.00001,0.00001,24.40182,0.00001,0.00070,29.67263,0.03264,0.00718,0.03900,0.03911,0.60000,1426.36629,1.50000,0.00231,0.30183,RWA,1.63188,0.18394,Rwanda,-0.78000,-0.78000,0.20000,0.34747,11776522.00000,0.20000,0.60000,2.20000,2.20000,0.04037,0.35000,0.58274,0.70861,0.69287,0.69441,0.02080,0.01212,16.08354,0.05160,0.05160,0.80000,0.26875,0.26875,0.03712,0.02285,0.29589,0.28546,349440418.39500,287368563.71269,62071854.68230,0.00600,0.60555,0.52920,0.50846,0.60531,0.50866
Senegal,0.53565,3.00000,40.00000,1.00000,0.22621,0.02342,0.04645,0.64089,0.65100,0.57500,655.36332,2548.75568,17375.44839,23.18806,327723286.32419,0.00000,0.00000,0.00000,28.38846,0.00000,0.00035,30.12388,0.02308,0.01731,0.02453,0.02929,0.80000,2170.07721,1.50000,0.00125,0.28281,SEN,1.16805,0.36922,Senegal,-0.25000,-0.25000,0.20000,0.61367,14133280.00000,0.20000,0.80000,5.17000,5.17000,0.02014,0.35000,0.76976,0.81681,0.75536,0.78371,0.01388,0.01069,33.82011,0.06040,0.06040,0.80000,0.34375,0.34375,0.11368,0.21772,0.41835,0.48663,425749173.61105,401221999.47949,24527174.13156,0.10300,0.61756,0.52920,0.51828,0.61700,0.51875
Serbia,0.53565,3.00000,40.00000,1.00000,0.22012,0.01452,0.04310,0.80899,0.99700,0.48333,5395.50970,14766.74295,103228.08025,106.10616,760158565.90465,0.00000,0.00000,0.00000,145.77079,0.00000,0.00045,149.09699,0.10679,0.12472,0.10230,0.10956,0.60000,12892.49630,1.50000,0.00323,0.14028,SRB,1.16224,0.37901,Serbia,0.16797,0.16797,0.20000,0.99218,7164132.00000,0.20000,0.60000,20.46000,20.46000,0.62908,0.36667,0.71166,0.72790,0.60890,0.68779,0.01156,0.00823,106.82643,0.08370,0.08370,0.40000,0.27083,0.27083,0.36373,0.29082,0.53605,0.48289,1068150516.26535,1044321182.43919,23829333.82616,0.22200,0.38672,0.57960,0.33086,0.35963,0.35578
Sierra Leone,0.53565,3.00000,40.00000,1.00000,0.40687,0.04348,0.21322,0.49189,0.59700,0.30000,583.66026,1722.39562,11967.40311,33.54859,204380556.58800,0.00000,0.00001,0.00001,60.87428,0.00001,0.00107,71.13861,0.03665,0.06193,0.03033,0.05148,0.60000,1494.64855,1.50000,0.00303,0.35420,SLE,1.34033,0.61323,Sierra Leone,0.69000,0.69000,0.20000,0.47752,6092075.00000,0.20000,0.73333,1.82000,1.82000,0.04415,0.00000,0.47159,0.55111,0.53096,0.53338,0.04760,0.02245,13.64456,0.07810,0.07810,0.80000,0.25833,0.25833,0.02410,0.03957,0.27621,0.28768,433381723.26120,370850705.35318,62531017.90802,0.03200,0.60336,0.52920,0.50295,0.59875,0.50682
Slovak Republic,0.53565,3.00000,40.00000,1.00000,0.30590,0.29756,0.41714,0.88529,0.99200,0.38333,11114.94923,29419.84099,206246.94219,48.78198,264076009.05598,0.00000,0.00000,0.00000,72.02657,0.00000,0.00038,73.18248,0.15314,0.17886,0.14671,0.14761,0.00000,25758.86263,1.50000,0.00417,0.09239,SVK,1.24405,0.22142,Slovak Republic,0.16797,0.16797,0.20000,0.97953,5413393.00000,0.20000,0.00000,100.00000,100.00000,0.62560,0.76667,0.66658,0.67728,0.58332,0.66623,0.00284,0.00189,370.67677,0.08630,0.08630,0.00000,0.09583,0.09583,0.43040,0.38946,0.48499,0.44797,396165499.51926,389908135.79436,6257363.72490,0.14200,0.38755,0.63000,0.35963,0.35963,0.38755
Slovenia,0.53565,3.00000,40.00000,1.00000,0.22134,0.20022,0.35239,0.93896,0.99900,0.71667,13314.61569,30881.56111,219132.41565,69.22794,142606303.98338,0.00000,0.00000,0.00000,87.43154,0.00000,0.00007,87.82638,0.10987,0.12833,0.10526,0.10942,0.80000,27368.17203,1.50000,0.00120,0.05826,SVN,1.16340,0.12109,Slovenia,0.16797,0.16797,0.20000,0.98825,2059953.00000,0.20000,0.00000,56.56000,56.56000,0.71102,0.63333,0.78824,0.79180,0.63337,0.77318,0.00321,0.00253,240.40672,0.09730,0.09730,1.00000,0.17917,0.17917,0.62541,0.33581,0.69252,0.45481,180918220.76383,180104864.73658,813356.02725,0.10200,0.36820,0.50400,0.26704,0.33380,0.29456
South Africa,0.53565,3.00000,40.00000,1.00000,0.41222,0.13653,0.27751,0.92047,0.91200,0.29167,1525.63839,15186.32906,99718.64175,2.88455,153335624.31053,0.00000,0.00000,0.00000,5.71647,0.00000,0.00039,6.27626,0.01779,0.02078,0.01704,0.01739,0.00000,12454.19092,1.50000,0.00207,0.18622,ZAF,1.34544,0.07106,South Africa,0.16797,0.16797,0.20000,0.76986,53157490.00000,0.20000,0.00000,100.00000,100.00000,0.13060,0.58333,0.45960,0.50460,0.45882,0.50167,0.00050,0.00023,370.67677,0.02450,0.02450,0.00000,0.07292,0.07292,0.73274,0.09087,0.75222,0.15716,333630254.35993,303873342.73050,29756911.62943,0.24900,0.55723,0.63000,0.55500,0.55500,0.55723
Spain,0.53565,3.00000,40.00000,1.00000,0.18300,0.26911,0.40781,0.88602,1.00000,0.30833,8570.15540,37460.76708,253677.68332,8.62262,401967863.71471,0.00000,0.00000,0.00000,11.66643,0.00000,0.00001,11.68830,0.04584,0.05354,0.04392,0.04469,0.00000,31682.64474,1.50000,0.00004,0.13617,ESP,1.12684,0.22795,Spain,0.16797,0.16797,0.20000,0.97147,46617825.00000,0.20000,0.00000,98.21000,98.21000,0.00849,0.61667,0.73771,0.73910,0.72400,0.73822,0.00037,0.00027,365.79961,0.05410,0.05410,0.00000,0.07708,0.07708,0.52520,0.42843,0.56180,0.47248,544883023.19872,543863518.77525,1019504.42347,0.26600,0.11007,0.11100,0.11000,0.11000,0.11007
Sri Lanka,0.53565,3.00000,40.00000,1.00000,0.33796,0.21014,0.32753,0.76031,0.98600,0.48333,3638.33463,10872.58807,75470.31639,113.36156,2321984845.61086,0.00000,0.00000,0.00000,168.26917,0.00000,0.00031,173.63834,0.05256,0.06139,0.05036,0.06235,0.60000,9425.73738,1.50000,0.00298,0.10531,LKA,1.27462,0.46538,Sri Lanka,0.16797,0.16797,0.20000,0.96575,20483000.00000,0.20000,0.66667,6.42000,6.42000,0.03852,0.36667,0.65286,0.67369,0.64306,0.65124,0.01842,0.01203,40.67210,0.07720,0.07720,0.80000,0.28750,0.28750,0.08488,0.08100,0.34798,0.34521,3556634195.25725,3446657308.23749,109976887.01976,0.04200,0.60663,0.52920,0.50757,0.60425,0.50957
Sweden,0.53565,3.00000,40.00000,1.00000,0.35737,0.58820,0.67114,0.91839,1.00000,0.90000,20725.27533,49244.29916,348621.51939,8.43125,80943150.55753,0.00000,0.00000,0.00000,11.83971,0.00000,0.00000,11.84319,0.03522,0.04113,0.03374,0.03405,0.80000,43540.49439,1.50000,0.00001,0.06894,SWE,1.29313,0.16322,Sweden,0.16797,0.16797,0.20000,0.95579,9600379.00000,0.20000,0.73333,53.62000,53.62000,0.01365,1.00000,0.71191,0.71212,0.70103,0.70881,0.00027,0.00019,230.69751,0.09520,0.09520,0.80000,0.40833,0.40833,0.45691,0.34784,0.67867,0.61414,113699130.58188,113665714.13765,33416.44422,0.08100,0.12825,0.10920,0.10754,0.12802,0.10773
Syrian Arab Republic,0.53565,3.00000,40.00000,1.00000,0.27075,0.04674,0.05367,0.71131,0.96200,0.30000,1904.40673,5723.13897,39709.03365,32.26268,737058767.64926,0.00000,0.00000,0.00000,50.02785,0.00000,0.00039,52.52877,0.04604,0.05377,0.04410,0.05529,0.60000,4959.39252,1.50000,0.00252,0.15502,SYR,1.21052,0.53938,Syrian Arab Republic,0.16797,0.16797,0.20000,0.93164,22845550.00000,0.20000,0.66667,9.03000,9.03000,0.56320,0.00000,0.61419,0.64489,0.59028,0.60133,0.01059,0.00651,54.22404,0.07680,0.07680,0.60000,0.24167,0.24167,0.04491,0.12255,0.27572,0.33460,1200048736.81173,1142913744.75852,57134992.05321,0.10800,0.40302,0.55440,0.33440,0.38000,0.35466
Tanzania,0.53565,3.00000,40.00000,1.00000,0.41320,0.03991,0.17232,0.57842,0.48900,0.30000,873.75767,2737.43903,18933.78290,14.16271,697557704.98209,0.00000,0.00000,0.00000,23.21223,0.00000,0.00018,25.72871,0.01672,0.01504,0.01713,0.01994,0.60000,2364.70276,1.50000,0.00068,0.26335,TZA,1.34638,0.33216,Tanzania,-0.10000,-0.10000,0.20000,0.66653,49253126.00000,0.20000,0.66667,1.97000,1.97000,0.93086,0.00000,0.55046,0.61014,0.55871,0.56725,0.01088,0.00599,14.61616,0.07390,0.07390,0.60000,0.24167,0.24167,0.04671,0.05576,0.27709,0.28395,1267219464.30457,1143274660.59991,123944803.70467,0.03500,0.32628,0.55440,0.26840,0.30500,0.28713
Thailand,0.53565,3.00000,40.00000,1.00000,0.24034,0.35082,0.47387,0.94166,0.99600,0.82500,4708.95228,16237.52627,111549.70450,88.83195,5952673503.46535,0.00000,0.00000,0.00000,138.91193,0.00000,0.00007,139.44145,0.16026,0.18718,0.15353,0.17033,1.00000,13931.81147,1.50000,0.00171,0.04298,THA,1.18152,0.11268,Thailand,0.16797,0.16797,0.20000,0.93639,67010502.00000,0.20000,0.66667,22.49000,22.49000,1.50628,0.65000,0.63706,0.63948,0.46719,0.54966,0.01001,0.00638,115.37085,0.06760,0.06760,0.60000,0.37292,0.37292,0.29255,0.51148,0.55637,0.69366,9344041462.25405,9308557981.44941,35483480.80464,0.00700,0.25137,0.55440,0.19175,0.21790,0.22120
Turkey,0.53565,3.00000,40.00000,1.00000,0.41217,0.02106,0.05569,0.90009,0.95000,0.66667,5384.46907,21862.80112,148663.96911,18.96274,1420928174.25719,0.00000,0.00000,0.00000,33.53401,0.00000,0.00007,34.38186,0.02762,0.03226,0.02646,0.02905,0.80000,18567.13471,1.50000,0.00071,0.09989,TUR,1.34539,0.14982,Turkey,0.16797,0.16797,0.20000,0.90025,74932641.00000,0.20000,0.80000,18.17000,18.17000,0.94261,0.53333,0.55153,0.56548,0.45551,0.50931,0.00185,0.00102,96.99410,0.05800,0.05800,0.60000,0.36667,0.36667,0.29143,0.20395,0.55124,0.49584,2576323838.59303,2512792216.87252,63531621.72051,0.10000,0.32431,0.55440,0.26520,0.30136,0.28539
Uganda,0.53565,3.00000,40.00000,1.00000,0.57357,0.08637,0.21654,0.59503,0.57400,0.16667,470.77760,1908.02677,12975.69085,1.23080,46252081.51940,0.00000,0.00000,0.00000,3.15035,0.00000,0.00005,3.78739,0.00270,0.00446,0.00226,0.00553,0.00000,1620.57694,1.50000,0.00013,0.39820,UGA,1.49932,0.38395,Uganda,0.65000,0.65000,0.20000,0.24838,37578876.00000,0.20000,0.00000,1.50000,1.50000,1.30479,0.33333,0.32497,0.39069,0.28977,0.38505,0.00234,0.00076,11.50925,0.05810,0.05810,0.00000,0.04167,0.04167,0.48205,0.11868,0.50363,0.15540,142325937.53544,118386584.10339,23939353.43205,0.03800,0.27334,0.63000,0.23000,0.23000,0.27334
Ukraine,0.53565,3.00000,40.00000,1.00000,0.24585,0.01426,0.08083,0.78096,0.99000,0.03333,4343.34155,9549.18310,68122.26374,54.72594,2489461056.71552,0.00000,0.00000,0.00000,73.81995,0.00000,0.00019,75.88388,0.03696,0.04317,0.03541,0.03942,0.00000,8508.01479,1.50000,0.00192,0.10150,UKR,1.18678,0.42808,Ukraine,0.16797,0.16797,0.20000,0.99354,45489600.00000,0.20000,0.00000,9.34000,9.34000,0.54403,0.06667,0.72118,0.74134,0.64020,0.74034,0.00892,0.00643,55.77555,0.10210,0.10210,0.00000,0.00833,0.00833,0.49458,0.30079,0.49879,0.30662,3451927235.19870,3358039985.80579,93887249.39290,0.07900,0.40802,0.63000,0.37725,0.37725,0.40802
United Kingdom,0.53565,3.00000,40.00000,1.00000,0.30313,0.41194,0.49589,0.95356,1.00000,0.88333,10654.73031,43500.66020,295704.19072,2.29728,147271415.14704,0.00000,0.00000,0.00000,3.36079,0.00000,0.00000,3.36115,0.04278,0.04997,0.04099,0.03970,0.80000,36931.47423,1.50000,0.00000,0.04102,GBR,1.24140,0.09289,United Kingdom,0.16797,0.16797,0.20000,0.99838,64106779.00000,0.20000,0.80000,225.69000,225.69000,0.01434,0.96667,0.68348,0.68356,0.67083,0.68129,0.00009,0.00006,672.04970,0.05770,0.05770,1.00000,0.42083,0.42083,0.68410,0.41424,0.81704,0.66075,215472377.71939,215449163.32597,23214.39342,0.07500,0.12816,0.10400,0.10242,0.12802,0.10253
United States,0.53565,3.00000,40.00000,1.00000,0.31874,0.33614,0.62094,0.93742,0.99300,0.89167,12065.01459,61159.35589,411074.77196,1.47236,465455177.07477,0.00000,0.00000,0.00000,2.34165,0.00000,0.00000,2.34338,0.03833,0.04477,0.03672,0.03696,0.80000,51340.48763,1.50000,0.00003,0.04607,USA,1.25629,0.11817,United States,0.16797,0.16797,0.20000,0.99838,316128839.00000,0.20000,0.73333,460.20000,460.20000,0.88898,0.98333,0.62831,0.62877,0.47707,0.59187,0.00005,0.00003,1115.41335,0.04700,0.04700,0.80000,0.40625,0.40625,0.63000,0.09000,0.78031,0.45969,740810056.87945,740261772.85605,548284.02341,0.07400,0.13499,0.21420,0.10733,0.12778,0.11339
Uruguay,0.53565,3.00000,40.00000,1.00000,0.29189,0.01662,0.08380,0.91254,0.99500,0.58333,4959.56102,22467.38041,151856.14838,7.06996,24087803.35145,0.00000,0.00000,0.00000,12.21897,0.00000,0.00004,12.42669,0.01839,0.02147,0.01761,0.01754,0.60000,18965.81654,1.50000,0.00064,0.06868,URY,1.23068,0.16993,Uruguay,0.16797,0.16797,0.20000,0.94744,3407062.00000,0.20000,0.66667,46.90000,46.90000,0.93556,0.56667,0.56893,0.57861,0.47457,0.52274,0.00066,0.00037,207.91212,0.05230,0.05230,0.60000,0.31250,0.31250,0.23174,0.21152,0.47182,0.45792,42338498.76551,41630779.47369,707719.29183,0.06600,0.32549,0.55440,0.26840,0.30500,0.28643
Vietnam,0.53565,3.00000,40.00000,1.00000,0.26970,0.03995,0.10271,0.71745,0.92900,0.59167,1801.29814,5955.42987,41031.85070,22.32059,2002355725.08543,0.00000,0.00000,0.00000,31.04529,0.00000,0.00003,31.15915,0.20151,0.23535,0.19305,0.21090,0.80000,5124.60352,1.50000,0.00028,0.11919,VNM,1.20953,0.49409,Vietnam,0.16797,0.16797,0.20000,0.94498,89708900.00000,0.20000,0.53333,17.58000,17.58000,0.03650,0.38333,0.71634,0.71897,0.70714,0.71398,0.00608,0.00436,94.41543,0.07030,0.07030,0.80000,0.28125,0.28125,0.24420,0.24757,0.45677,0.45919,2795253475.43933,2785038600.17873,10214875.26060,0.02000,0.12542,0.10920,0.10500,0.12500,0.10535
"Yemen, Rep.",0.53565,3.00000,40.00000,1.00000,0.21913,0.00000,0.01688,0.30822,0.35700,0.10000,1502.25562,4414.79202,30684.46850,4.99011,121795471.31010,0.00000,0.00000,0.00000,6.57833,0.00000,0.00004,6.88464,0.01509,0.01762,0.01445,0.01983,0.20000,3832.28474,1.50000,0.00010,0.42360,YEM,1.16130,0.74057,"Yemen, Rep.",0.16797,0.16797,0.20000,0.59498,24407381.00000,0.20000,0.26667,6.43000,6.43000,0.00000,0.00000,0.72482,0.75857,0.75265,0.75584,0.00180,0.00130,40.72545,0.07840,0.07840,0.20000,0.09167,0.09167,0.10971,0.07833,0.19132,0.16281,168035964.74355,160559716.20062,7476248.54293,0.17400,0.13000,0.12480,0.12480,0.13000,0.12480
Zambia,0.53565,3.00000,40.00000,1.00000,0.42575,0.02737,0.17679,0.59345,0.46500,0.56667,680.11774,4579.39611,30422.29029,5.27419,76679619.97066,0.00000,0.00000,0.00000,14.74740,0.00000,0.00035,17.10210,0.01629,0.02737,0.01352,0.01859,0.80000,3799.54044,1.50000,0.00106,0.32822,ZMB,1.35834,0.27809,Zambia,0.68000,0.68000,0.20000,0.55489,14538640.00000,0.20000,0.86667,6.53000,6.53000,0.92239,0.33333,0.30839,0.35764,0.28643,0.30670,0.00450,0.00139,41.25882,0.03580,0.03580,0.80000,0.35833,0.35833,0.14486,0.10681,0.45129,0.42687,248641272.78063,214407162.56491,34234110.21572,0.13300,0.32772,0.52920,0.25620,0.30500,0.27528
