country,gdp_pc_pp,pop,share1,plgp,unemp,axfin_p,axfin_r,bashs,ophe,social_p,social_r,axhealth,pov_head,shew,prepare_scaleup,finance_pre,rating,avg_prod_k,protection,fa,pe,v,pv,v_s,peref,faref,protectionref,share1_ref,H,alpha,T_rebuild_K,T_rebuild_L,pi,income_elast,original_country
Afghanistan,1883.7633205312,30551674.0,0.094,,0.08,0.0,0.047017940000000015,0.386,0.737918301689184,0.1110742968568676,0.04316252283353993,0.32404084915540804,0.2,0.4,0.4,0.4,0.0,,2.51,0.08536457704178624,0.1679728080635645,0.3412718617030729,0.8460355824710155,0.30474999999999985,0.1679728080635645,0.08536457704178624,2.51,0.094,0.5356497092899943,1,3,40,0.2,1.5,Afghanistan
Albania,9960.94072581355,2897366.0,0.0885,0.986670379638672,0.16,0.07585278999999999,0.092387,0.993,0.514646547616325,0.2629495641629598,0.17935972626416474,0.7391767261918375,0.2,0.0,0.0,0.0,0.325,0.1852799860314327,15.54,0.07367993943126039,-0.1,0.3381323398878136,0.8631758210676417,0.31325,-0.1,0.07367993943126039,15.54,0.0885,0.5356497092899943,1,3,40,0.2,1.5,Albania
Algeria,12892.942492651599,39208194.0,,0.927675170898438,0.0980000019073486,0.006872764,0.06935566,0.969,0.251247841677351,,,0.8588760791613246,0.2,0.6000000000000001,0.8,1.0,0.0,,19.66,0.034776308754693286,0.1679728080635645,,,,0.1679728080635645,0.034776308754693286,19.66,,0.5356497092899943,1,3,40,0.2,1.5,Algeria
American Samoa,,55165.0,,,,,,1.0,,,,,0.2,0.0,0.0,0.0,0.0,,0.5,,0.1679728080635645,,,,0.1679728080635645,,0.5,,0.5356497092899943,1,3,40,0.2,1.5,American Samoa
Andorra,,79218.0,,,,,,,0.184011425406826,,,,0.2,0.0,0.0,0.0,0.55,,60.57,0.2809332907605161,0.1679728080635645,,,,0.1679728080635645,0.2809332907605161,60.57,,0.5356497092899943,1,3,40,0.2,1.5,Andorra
Angola,7488.01175983409,21471618.0,0.054000000000000006,0.31872850418090803,0.0680000019073486,0.09179081,0.20126910000000006,0.473,0.244036932751657,,,0.6144815336241716,0.2,0.0,0.0,0.0,0.4,0.43239739052511456,16.49,0.017032878672476978,1.82,0.5335019091113276,0.18087674896873862,0.5050000000000002,1.82,0.017032878672476978,16.49,0.054000000000000006,0.5356497092899943,1,3,40,0.2,1.5,Angola
Antigua and Barbuda,20353.2908243918,89985.0,,0.913220672607422,,,,1.0,0.26712282489765604,,,0.866438587551172,0.2,0.4,0.6666666666666667,0.8,0.0,0.40051064160860556,0.5,0.0,0.1679728080635645,,,,0.1679728080635645,0.0,0.5,,0.5356497092899943,1,3,40,0.2,1.5,Antigua and Barbuda
Arab World,15426.846787221699,369762523.0,,0.832042694091797,0.114136838041252,,,0.7779512045595791,0.3235293486562349,,,0.7272109279516721,0.2,0.0,0.0,0.0,0.0,,,,0.1679728080635645,,,,0.1679728080635645,,,,0.5356497092899943,1,3,40,0.2,1.5,Arab World
Argentina,18087.196261682242,41446246.0,0.0458,0.970972366333008,0.075,0.004365798,0.06037133,0.982,0.210991454510741,0.2001534455359978,0.14264750646937888,0.8855042727446295,0.2,0.8,0.6666666666666667,0.4,0.06666666666666667,0.2695495148851759,64.41,0.07205781664084926,0.1679728080635645,0.3229669880868547,0.9506637620516674,0.30499999999999994,0.1679728080635645,0.07205781664084926,64.41,0.0458,0.5356497092899943,1,3,40,0.2,1.5,Argentina
Armenia,7526.83641911287,2976566.0,0.0877,0.9561711120605472,0.16200000762939498,0.001895716,0.01239363,0.995,0.546947124395628,0.5050600974072442,0.2457265032536369,0.7240264378021859,0.2,0.4,0.4,0.4,0.375,0.3666957212217474,11.46,0.03800051942626459,0.1679728080635645,0.1244056549023014,0.04496857560126166,0.12375,0.1679728080635645,0.03800051942626459,11.46,0.0877,0.5356497092899943,1,3,40,0.2,1.5,Armenia
Aruba,36016.4837574639,102911.0,,0.9311888122558588,,,,0.96,,,,,0.2,0.0,0.0,0.0,0.6,,0.5,0.0,0.1679728080635645,,,,0.1679728080635645,0.0,0.5,,0.5356497092899943,1,3,40,0.2,1.5,Aruba
Australia,42834.0167597384,23129300.0,0.0703,0.998382568359375,0.0569999980926514,0.5201536,0.6854684,1.0,0.194171489728757,0.578,0.126,0.9029142551356216,0.2,1.0,0.8,0.8,1.0,0.27360239086009513,100.0,0.04109036778223482,0.1679728080635645,0.4468814225661808,0.4097699483282957,0.43000000000000005,0.1679728080635645,0.04109036778223482,100.0,0.0703,0.5356497092899943,1,3,40,0.2,1.5,Australia
Austria,44056.254416802,8479823.0,0.08460000000000001,0.9973828125,0.0490000009536743,0.4380794,0.5678905000000001,1.0,0.158064275956296,0.51716638,0.40816435,0.920967862021852,0.2,0.0,0.0,0.0,0.9666666666666667,0.23227851820729004,600.59,0.07921920515759366,0.1679728080635645,0.16005003293838715,1.9990621756684104,0.12400000000000001,0.1679728080635645,0.07921920515759366,600.59,0.08460000000000001,0.5356497092899943,1,3,40,0.2,1.5,Austria
Azerbaijan,16593.1887600482,9416801.0,0.08130000000000001,0.9818643188476558,0.055,0.001134416,0.024682880000000004,0.994,0.7105923535449241,0.8571289621356334,0.38777251599754,0.6417038232275379,0.2,0.0,0.0,0.0,0.55,0.5982212831852317,13.95,0.05712771561032616,0.1679728080635645,0.12435864543214126,0.04536358970665266,0.12375,0.1679728080635645,0.05712771561032616,13.95,0.08130000000000001,0.5356497092899943,1,3,40,0.2,1.5,Azerbaijan
"Bahamas, The",22517.995142032796,377374.0,,0.8949990081787109,0.13600000381469698,,,0.99,0.302110595513192,,,0.8439447022434041,0.2,0.0,0.0,0.0,0.6,0.46303855923905307,0.5,0.0,0.1679728080635645,,,,0.1679728080635645,0.0,0.5,,0.5356497092899943,1,3,40,0.2,1.5,"Bahamas, The"
Bahrain,42444.2784449127,1332171.0,,0.978074264526367,0.07400000095367429,0.1536534,0.17169779999999998,0.995,0.14606045932865602,,,0.924469770335672,0.2,0.8,0.6666666666666667,0.8,0.5833333333333334,0.18663675173754224,0.5,0.0,0.1679728080635645,,,,0.1679728080635645,0.0,0.5,,0.5356497092899943,1,3,40,0.2,1.5,Bahrain
Bangladesh,2853.4477401556605,156594962.0,0.0888,0.6620095825195311,0.0430000019073486,0.1456589,0.1823108,0.344,0.6022875689248249,0.056762952438716034,0.0553770944413467,0.37085621553758746,0.2,0.8,0.6666666666666667,0.8,0.4,0.2897089076246591,50.0,0.22001199985389425,0.02,0.37997783839072624,0.6579914309428205,0.35500000000000004,0.02,0.22001199985389425,50.0,0.0888,0.5356497092899943,1,3,40,0.2,1.5,Bangladesh
Barbados,15298.7155167979,284644.0,,0.9337465667724608,0.121999998092651,,,1.0,0.31899663942823897,,,0.8405016802858805,0.2,0.8,0.8,0.8,0.275,1.0175034070232714,0.5,0.0,0.1679728080635645,,,,0.1679728080635645,0.0,0.5,,0.5356497092899943,1,3,40,0.2,1.5,Barbados
Belarus,17054.5583344525,9466000.0,0.0937,0.986681365966797,0.058000001907348615,0.04172604,0.08594028,1.0,0.31856300870952897,0.4917469369193375,0.3101703987921827,0.8407184956452355,0.2,0.8,0.7333333333333333,0.8,0.25,0.38644453675382373,14.45,0.03563503796859986,0.1679728080635645,0.26212007907295787,1.4034785973975206,0.21574999999999983,0.1679728080635645,0.03563503796859986,14.45,0.0937,0.5356497092899943,1,3,40,0.2,1.5,Belarus
Belgium,40608.9720093428,11182817.0,0.08349999999999999,0.865133590698242,0.0839999961853027,0.43803739999999997,0.4174232,1.0,0.199116577128342,0.65117317,0.402522585,0.9004417114358291,0.2,0.0,0.0,0.0,0.8833333333333333,0.21669151743746679,213.02,0.10099202257790048,0.1679728080635645,0.14729413882826148,1.2404150132868863,0.12699999999999997,0.1679728080635645,0.10099202257790048,213.02,0.08349999999999999,0.5356497092899943,1,3,40,0.2,1.5,Belgium
Belize,8214.653712573629,331900.0,,0.9091053771972659,0.146000003814697,,,0.962,0.26195511351745104,0.420367529660433,0.11287637643952125,0.8500224432412746,0.2,0.0,0.0,0.0,0.2,0.9615481265045698,16.46,0.10467316001645112,0.1679728080635645,,,,0.1679728080635645,0.10467316001645112,16.46,,0.5356497092899943,1,3,40,0.2,1.5,Belize
Benin,1733.30939936435,10323474.0,0.0614,0.532349014282227,0.01,0.01619615,0.10625530000000001,0.809,0.40863650500921206,0.04725879624981513,0.07452986615849086,0.7001817474953941,0.2,0.0,0.0,0.0,0.0,0.3302533219458435,6.35,0.043864808492979766,0.84,0.6028818009994501,0.044980954733736755,0.5987500000000001,0.84,0.043864808492979766,6.35,0.0614,0.5356497092899943,1,3,40,0.2,1.5,Benin
Bermuda,52118.640227698204,65024.0,,0.8424221038818359,,,,,,,,,0.2,0.0,0.0,0.0,0.8166666666666668,,0.5,,0.1679728080635645,,,,0.1679728080635645,,0.5,,0.5356497092899943,1,3,40,0.2,1.5,Bermuda
Bhutan,7167.20580923455,753947.0,0.0675,0.7885830688476559,0.020999999046325702,,,0.645,0.25409259310633603,,,0.695453703446832,0.2,0.4,0.4666666666666667,0.4,0.0,0.18557539427848196,6.81,0.052969920345414236,0.1679728080635645,0.6063381768535167,0.039024135457331965,0.6042500000000001,0.1679728080635645,0.052969920345414236,6.81,0.0675,0.5356497092899943,1,3,40,0.2,1.5,Bhutan
Bolivia,5934.38797771874,10671200.0,0.0332,0.9673081970214841,0.025999999046325696,0.08907469000000001,0.2258028,0.8404,0.19813271829565496,0.3472089336125369,0.2268693312429084,0.8211336408521726,0.2,0.6000000000000001,0.5333333333333333,0.4,0.41666666666666663,0.4218342004210295,6.7,0.04648689477305887,-0.08,0.2541416178148484,1.478932830509399,0.24250000000000005,-0.08,0.04648689477305887,6.7,0.0332,0.5356497092899943,1,3,40,0.2,1.5,Bolivia
Bosnia and Herzegovina,9387.35003138015,3829307.0,0.0747,0.8277214813232421,0.28399999618530297,0.03455922,0.07855196,0.999,0.290359088854402,0.21952171315065594,0.12545992207249582,0.8543204555727991,0.2,0.0,0.0,0.0,0.275,0.32393223235700314,18.78,0.13678412833995238,0.1679728080635645,0.3838561565329749,0.6412397958918246,0.3596296296296296,0.1679728080635645,0.13678412833995238,18.78,0.0747,0.5356497092899943,1,3,40,0.2,1.5,Bosnia and Herzegovina
Botswana,15246.6087973119,2021144.0,0.0284,0.929721221923828,0.183999996185303,0.08854125,0.21644989999999997,0.946,0.054343697712170014,0.2327888197915706,0.04377653874540727,0.945828151143915,0.2,1.0,0.7333333333333333,1.0,0.725,0.2811780767140953,16.67,0.034952582599130165,0.1679728080635645,0.5575807675685076,0.1298811520119274,0.5549999999999998,0.1679728080635645,0.034952582599130165,16.67,0.0284,0.5356497092899943,1,3,40,0.2,1.5,Botswana
Brazil,14555.0821953115,200361925.0,0.0339,0.806246566772461,0.05900000095367429,0.0636212,0.1296786,0.9808,0.29961241635115804,0.22567230651126025,0.2056113132070956,0.8405937918244211,0.2,0.2,0.8666666666666666,0.6,0.5833333333333334,0.265575010187584,22.17,0.049661979062635815,0.1679728080635645,0.5700640650645944,0.10513894596849283,0.5675,0.1679728080635645,0.049661979062635815,22.17,0.0339,0.5356497092899943,1,3,40,0.2,1.5,Brazil
Brunei Darussalam,69474.17897293,417784.0,,0.963691864013672,0.0379999995231628,,,0.999,0.0794413769899421,,,0.959779311505029,0.2,0.4,0.4666666666666667,0.6,0.0,0.35278062984701475,85.78,0.018448046526606112,0.1679728080635645,,,,0.1679728080635645,0.018448046526606112,85.78,,0.5356497092899943,1,3,40,0.2,1.5,Brunei Darussalam
Bulgaria,15695.0177942759,7265115.0,0.0641,0.969386520385742,0.128999996185303,0.01463466,0.07025403,0.995,0.396330201442252,0.66309464,0.404462695,0.7993348992788739,0.2,0.8,0.6666666666666667,0.8,0.55,0.3230784715072762,28.32,0.0406646206660324,0.1679728080635645,0.3928059851705749,0.6038452156639729,0.37300000000000005,0.1679728080635645,0.0406646206660324,28.32,0.0641,0.5356497092899943,1,3,40,0.2,1.5,Bulgaria
Burkina Faso,1630.4444967271695,16934839.0,0.0672,0.6907449340820311,0.030999999046325694,0.0373907,0.1070983,0.659,0.33234375513919706,0.4946753901560933,0.3235166050780195,0.6633281224304015,0.2,0.6000000000000001,0.8,0.8,0.25,0.40566509188102295,1.9,0.011201136451543192,-0.3,0.6001502667174701,0.04973709908652291,0.59875,-0.3,0.011201136451543192,1.9,0.0672,0.5356497092899943,1,3,40,0.2,1.5,Burkina Faso
Burundi,746.960151427392,10162532.0,0.08960000000000001,0.4749560165405271,0.06900000095367427,0.005427960000000001,0.05161891,0.603,0.20233346786826,,,0.7003332660658699,0.2,0.6000000000000001,0.5333333333333333,0.2,0.0,0.4629793127178333,1.72,0.013002055002250844,0.1679728080635645,0.3398184688978796,0.8539310180616586,0.305,0.1679728080635645,0.013002055002250844,1.72,0.08960000000000001,0.5356497092899943,1,3,40,0.2,1.5,Burundi
Cabo Verde,6210.492954660252,498897.0,0.0579,0.914005737304688,0.07,,,0.775,0.23056277716822698,0.11215629287022584,0.08850635522282173,0.7722186114158864,0.2,0.0,0.0,0.0,0.0,,,,0.1679728080635645,,,,0.1679728080635645,,,0.0579,0.5356497092899943,1,3,40,0.2,1.5,Cabo Verde
Cambodia,2943.52466835185,15135169.0,0.08990000000000001,0.642295989990234,0.0030000001192092896,0.002184594,0.0120755,0.74,0.59739799120384,0.02478883990859972,0.028243106138826062,0.57130100439808,0.2,0.0,0.0,0.0,0.3,0.45929444965397004,5.29,0.1597953949501889,-0.25,0.24476278848761043,1.5739206678138076,0.2179012345679012,-0.25,0.1597953949501889,5.29,0.08990000000000001,0.5356497092899943,1,3,40,0.2,1.5,Cambodia
Cameroon,2739.34394480018,22253959.0,0.0635,0.6975482177734379,0.04,0.09631175,0.1015309,0.636,0.6148367448398971,0.149924286778418,0.029862131888120688,0.5105816275800514,0.2,0.0,0.0,0.0,0.3,0.41973757460294764,6.73,0.03702171514027235,0.38,0.16982489674254475,2.2680720591950805,0.13,0.38,0.03702171514027235,6.73,0.0635,0.5356497092899943,1,3,40,0.2,1.5,Cameroon
Canada,41898.8823594636,35154279.0,0.071,0.998382568359375,0.07099999904632573,0.3688955,0.6416324999999999,1.0,0.15121760279456198,0.631,0.14,0.9243911986027191,0.2,0.8,0.8666666666666666,0.6,1.0,0.3354838938558465,84.08,0.03686313445856925,0.1679728080635645,0.13862152620172682,0.8395411375641271,0.1277777777777778,0.1679728080635645,0.03686313445856925,84.08,0.071,0.5356497092899943,1,3,40,0.2,1.5,Canada
Caribbean small states,14252.8204697025,7002414.0,,0.8656566619873051,0.11702873168828501,,,0.9731889216252699,0.33559305119094396,,,0.8187979352171629,0.2,0.0,0.0,0.0,0.0,,,,0.1679728080635645,,,,0.1679728080635645,,,,0.5356497092899943,1,3,40,0.2,1.5,Caribbean small states
Cayman Islands,,58435.0,,0.746488265991211,,,,1.0,,,,,0.2,0.6000000000000001,0.6,0.8,0.85,,0.5,,0.1679728080635645,,,,0.1679728080635645,,0.5,,0.5356497092899943,1,3,40,0.2,1.5,Cayman Islands
Central African Republic,584.375944042188,4616417.0,0.0337,0.465562896728516,0.0759999990463257,0.0062126659999999995,0.03726327,0.5379999999999999,0.45005968492499504,,,0.5439701575375024,0.2,0.0,0.0,0.0,0.0,0.3147438330510679,2.33,0.044632484615373384,0.18,0.5741564113985036,0.09726197860522934,0.5717500000000001,0.18,0.044632484615373384,2.33,0.0337,0.5356497092899943,1,3,40,0.2,1.5,Central African Republic
Central Europe and the Baltics,22152.224468066,104186502.0,,0.9735376739501947,0.100929837841244,,,0.996298300696182,0.221405794787698,,,0.8874462529542421,0.2,0.0,0.0,0.0,0.0,,,,0.1679728080635645,,,,0.1679728080635645,,,,0.5356497092899943,1,3,40,0.2,1.5,Central Europe and the Baltics
Chad,2021.59347086517,12825314.0,0.0488,0.509875793457031,0.07,0.0492537,0.08138166,0.227,0.6102063567497631,,,0.30839682162511844,0.2,0.0,0.0,0.0,0.0,0.7532009944644721,5.66,0.0781597334231037,0.1679728080635645,0.6005895587476522,0.04896928497004582,0.59875,0.1679728080635645,0.0781597334231037,5.66,0.0488,0.5356497092899943,1,3,40,0.2,1.5,Chad
Channel Islands,,162018.0,,,,,,,,,,,0.2,0.0,0.0,0.0,0.0,,,,0.1679728080635645,,,,0.1679728080635645,,,,0.5356497092899943,1,3,40,0.2,1.5,Channel Islands
Chile,21714.0315564501,17619708.0,0.0452,0.986675415039063,0.06,0.07033718,0.16054310000000002,0.9985,0.317453447212696,,,0.840523276393652,0.2,0.8,0.8,1.0,0.8333333333333333,0.34739411181855295,57.36,0.08372318136236923,0.1679728080635645,0.12058938882265112,0.4926686481902911,0.1171604938271605,0.1679728080635645,0.08372318136236923,57.36,0.0452,0.5356497092899943,1,3,40,0.2,1.5,Chile
China,11524.567506563,1357380000.0,0.0467,,0.0459999990463257,0.17047620000000002,0.4205325999999999,0.998,0.338780573827922,,,0.8296097130860391,0.2,0.8,0.8,0.8,0.8333333333333333,0.22921637913923992,26.03,0.09268535857950012,0.1679728080635645,0.5641809971347141,0.11666292058675953,0.5602499999999998,0.1679728080635645,0.09268535857950012,26.03,0.0467,0.5356497092899943,1,3,40,0.2,1.5,China
Colombia,12025.385371844199,48321405.0,0.033,0.8471189117431641,0.105,0.02795298,0.1365075,0.9905,0.139249199109682,0.12269429867232788,0.08732756485972662,0.9256254004451591,0.2,0.8,0.7333333333333333,0.8,0.6,0.2797792564799715,19.71,0.03419750354611952,1.19,0.27694309472932493,1.274835560047963,0.23938271604938266,1.19,0.03419750354611952,19.71,0.033,0.5356497092899943,1,3,40,0.2,1.5,Colombia
Comoros,1399.7808484349,734917.0,0.0255,0.5540692901611329,0.065,0.03531137,0.1475529,0.8220000000000001,0.4513567531029821,0.03660522913670748,0.02693787180592966,0.685321623448509,0.2,0.6000000000000001,0.26666666666666666,0.2,0.0,0.197958724460889,0.5,0.0,0.1679728080635645,,,,0.1679728080635645,0.0,0.5,0.0255,0.5356497092899943,1,3,40,0.2,1.5,Comoros
"Congo, Dem. Rep.",783.259253578526,67513677.0,0.0547,0.7072544860839841,0.08,0.008708673000000002,0.01915755,0.8009999999999999,0.32704679066267894,0.012981287634021592,0.030175238221482683,0.7369766046686604,0.2,0.0,0.0,0.0,0.25,0.23705600185809048,2.04,0.036329393275439416,-0.09,0.5111220524009413,0.23258230992116702,0.5050000000000002,-0.09,0.036329393275439416,2.04,0.0547,0.5356497092899943,1,3,40,0.2,1.5,"Congo, Dem. Rep."
"Congo, Rep.",5680.2299827443285,4447632.0,0.0561,0.7029091644287111,0.065,0.017709810000000003,0.08744304,0.925,0.21652714823540506,0.1719690500661691,0.1521444160488617,0.8542364258822975,0.2,0.0,0.0,0.0,0.35,0.37275342390232385,3.43,0.0348527324926088,0.1679728080635645,0.15871498949448087,2.4968341791012727,0.13000000000000003,0.1679728080635645,0.0348527324926088,3.43,0.0561,0.5356497092899943,1,3,40,0.2,1.5,"Congo, Rep."
Costa Rica,13430.743207071202,4872166.0,0.0421,0.877201766967773,0.0759999990463257,0.07918306,0.2792255,0.991,0.233453544223446,0.4696688141506717,0.20280860501907427,0.8787732278882769,0.2,1.0,0.9333333333333333,1.0,0.48333333333333334,0.48189675491736383,17.02,0.02002755712618558,0.1679728080635645,0.17915744323632224,2.516460095766059,0.15499999999999994,0.1679728080635645,0.02002755712618558,17.02,0.0421,0.5356497092899943,1,3,40,0.2,1.5,Costa Rica
Cote d'Ivoire,3107.4688875175293,20316086.0,0.0519,0.7311875152587891,0.04,,,0.594,0.511924545461815,,,0.5410377272690925,0.2,0.4,0.4,0.2,0.325,0.5759764393620561,6.79,0.0272749947901844,-0.02,0.6003335743160947,0.04941656930932359,0.59875,-0.02,0.0272749947901844,6.79,0.0519,0.5356497092899943,1,3,40,0.2,1.5,Cote d'Ivoire
Croatia,20048.9871590995,4255700.0,0.0801,0.994395370483398,0.17700000762939497,0.07799293,0.1524273,1.0,0.12462929180338,0.549424,0.270493,0.93768535409831,0.2,0.8,0.8,0.8,0.4666666666666666,0.23052247153165525,179.79,0.10140820045641144,0.1679728080635645,0.38557725697169964,0.6339137970636073,0.35962962962962963,0.1679728080635645,0.10140820045641144,179.79,0.0801,0.5356497092899943,1,3,40,0.2,1.5,Croatia
Cuba,18796.192523146103,11265629.0,,0.957932815551758,0.032000000476837195,,,1.0,0.0704797950968119,,,0.9647601024515942,0.2,0.8,0.8,0.8,0.15,,12.04,0.01128525952388414,0.1679728080635645,,,,0.1679728080635645,0.01128525952388414,12.04,,0.5356497092899943,1,3,40,0.2,1.5,Cuba
Curacao,,153817.0,,,,,,,,,,,0.2,0.0,0.0,0.0,0.0,,,,0.1679728080635645,,,,0.1679728080635645,,,,0.5356497092899943,1,3,40,0.2,1.5,Curacao
Cyprus,27393.93980965,1141166.0,,0.952674102783203,0.158000001907349,0.2383044,0.3485212,0.99,0.468590524731997,0.47965103,0.33355333,0.7607047376340015,0.2,0.0,0.0,0.0,0.2833333333333333,0.20174778291418224,0.5,0.0,0.1679728080635645,,,,0.1679728080635645,0.0,0.5,,0.5356497092899943,1,3,40,0.2,1.5,Cyprus
Czech Republic,28124.4644802821,10514272.0,0.0933,0.992513885498047,0.06900000095367427,0.2615189,0.4178777,0.999,0.157077590951439,0.40579885,0.45011736799999996,0.9209612045242804,0.2,1.0,0.5333333333333333,1.0,0.8166666666666668,0.23979983157078164,86.78,0.0690777073710352,0.1679728080635645,0.3900966699389196,0.614984306578787,0.3599999999999998,0.1679728080635645,0.0690777073710352,86.78,0.0933,0.5356497092899943,1,3,40,0.2,1.5,Czech Republic
Denmark,42482.7324552521,5614932.0,0.0913,0.98886833190918,0.07,0.4418965999999999,0.6474435000000001,1.0,0.127923230332797,0.67680752,0.35351148299999996,0.9360383848336016,0.2,0.0,0.0,0.0,1.0,0.23010606402758518,25.74,0.006072226335407568,0.1679728080635645,0.12554563272923977,0.03548006548636251,0.12500000000000003,0.1679728080635645,0.006072226335407568,25.74,0.0913,0.5356497092899943,1,3,40,0.2,1.5,Denmark
Djibouti,2902.5462446952697,872932.0,0.0603,0.844022979736328,,0.01797438,0.04367659,0.8740000000000001,0.396653891163679,0.2858701354316727,0.08565180357270068,0.7386730544181606,0.2,0.6000000000000001,0.6,0.4,0.0,0.2605986206727131,1.48,0.006169676099266541,0.1679728080635645,0.1583272262161764,2.3474975382714653,0.12925000000000003,0.1679728080635645,0.006169676099266541,1.48,0.0603,0.5356497092899943,1,3,40,0.2,1.5,Djibouti
Dominica,10011.3654275603,72003.0,,0.864302215576172,,,,1.0,0.268878516679002,0.5815343307526244,0.08303201217611587,0.865560741660499,0.2,0.0,0.0,0.0,0.0,1.4717082620307553,0.5,0.0,0.1679728080635645,,,,0.1679728080635645,0.0,0.5,,0.5356497092899943,1,3,40,0.2,1.5,Dominica
Dominican Republic,11795.4705790204,10403761.0,0.0501,0.911387329101563,0.14899999618530302,0.05700692,0.2295297,0.986,0.39014983499820893,0.1917471414625228,0.11760695886439584,0.7979250825008954,0.2,0.8,0.6666666666666667,0.6,0.35,0.3771503990888722,76.96,0.03484973710414988,-0.4,0.13139820456765433,0.3698817315827294,0.13,-0.4,0.03484973710414988,76.96,0.0501,0.5356497092899943,1,3,40,0.2,1.5,Dominican Republic
East Asia & Pacific (all income levels),13361.3645537254,2248612976.0,,0.925960311889648,0.044647502498053895,,,0.924452436266424,0.256045293260125,,,0.8342035715031495,0.2,0.0,0.0,0.0,0.0,,,,0.1679728080635645,,,,0.1679728080635645,,,,0.5356497092899943,1,3,40,0.2,1.5,East Asia & Pacific (all income levels)
East Asia & Pacific (developing only),10448.5183922431,2005810617.0,,0.9244515991210942,0.045156657343902805,0.1533484,0.3724527,0.9244346317934392,0.34566321862162896,,,0.7893857065859049,0.2,0.0,0.0,0.0,0.0,,,,0.1679728080635645,,,,0.1679728080635645,,,,0.5356497092899943,1,3,40,0.2,1.5,East Asia & Pacific (developing only)
Ecuador,10540.6573666533,15737878.0,0.043,0.8890049743652341,0.041999998092651404,0.09387966,0.17696589999999998,0.905,0.43993788094424396,0.2792929608576753,0.17364544512629726,0.7325310595278779,0.2,0.6000000000000001,0.8,0.8,0.3,0.25747347179967145,18.4,0.06925596070902182,0.1679728080635645,0.6003729639204807,0.049347718601538304,0.5987500000000001,0.1679728080635645,0.06925596070902182,18.4,0.043,0.5356497092899943,1,3,40,0.2,1.5,Ecuador
"Egypt, Arab Rep.",10733.488722812801,82056378.0,0.0925,0.9609768676757808,0.126999998092651,0.002091735,0.01016893,0.789,0.5796896234825689,0.10013164023017088,0.11927926539328736,0.6046551882587154,0.2,0.6000000000000001,0.6666666666666667,0.6,0.26666666666666666,0.4927783418827425,31.41,0.2004021134886876,0.58,0.4722193791093337,0.3341256794421712,0.4425,0.58,0.2004021134886876,31.41,0.0925,0.5356497092899943,1,3,40,0.2,1.5,"Egypt, Arab Rep."
El Salvador,7515.082656377621,6340454.0,0.057,0.837892837524414,0.06300000190734861,0.04984934,0.1816167,0.995,0.2843736458961,0.18429042105884488,0.1773739959750223,0.85531317705195,0.2,0.6000000000000001,0.6666666666666667,0.6,0.38333333333333336,0.13424357530792413,6.82,0.00899717179647867,0.1679728080635645,0.3273064505578179,0.9248016619480344,0.30500000000000005,0.1679728080635645,0.00899717179647867,6.82,0.057,0.5356497092899943,1,3,40,0.2,1.5,El Salvador
Equatorial Guinea,32685.0623108539,757014.0,,0.7206935882568359,0.08,,,0.6829999999999999,0.19213476316235997,,,0.7454326184188199,0.2,0.0,0.0,0.0,0.0,0.8236127269951562,46.3,0.023344820335325787,0.1679728080635645,,,,0.1679728080635645,0.023344820335325787,46.3,,0.5356497092899943,1,3,40,0.2,1.5,Equatorial Guinea
Eritrea,1157.3215429849001,6333135.0,,0.690192184448242,0.0719999980926514,,,0.341,0.545976813370913,,,0.3975115933145436,0.2,0.0,0.0,0.0,0.0,,2.0,0.010741685567223484,0.1679728080635645,,,,0.1679728080635645,0.010741685567223484,2.0,,0.5356497092899943,1,3,40,0.2,1.5,Eritrea
Estonia,25253.7672011471,1317997.0,0.0717,0.969785385131836,0.0880000019073486,0.18928570000000003,0.3582999,0.998,0.18887142988395497,0.51851898,0.34896655,0.9045642850580224,0.2,0.0,0.0,0.0,0.8166666666666668,0.2800603915970392,46.5,0.01820620931891829,0.1679728080635645,0.1292643993358241,1.3595050266517807,0.11271604938271605,0.1679728080635645,0.01820620931891829,46.5,0.0717,0.5356497092899943,1,3,40,0.2,1.5,Estonia
Ethiopia,1335.73227522925,94100756.0,0.0796,0.366042785644531,0.0569999980926514,,,0.231,0.3538248128239989,,,0.4385875935880005,0.2,0.6000000000000001,0.7333333333333333,0.8,0.31666666666666665,0.3781161653838428,1.94,0.01804793251093613,-0.33,0.14961154296847087,2.5425074127581992,0.12924999999999998,-0.33,0.01804793251093613,1.94,0.0796,0.5356497092899943,1,3,40,0.2,1.5,Ethiopia
Euro area,36770.1038826781,337301537.0,,0.959092864990234,0.12073712728652698,0.4012561,0.4156437000000001,,0.13795663178911702,,,,0.2,0.0,0.0,0.0,0.0,,,,0.1679728080635645,,,,0.1679728080635645,,,,0.5356497092899943,1,3,40,0.2,1.5,Euro area
Europe & Central Asia (all income levels),27339.6260580812,899372723.0,,0.9504695129394529,0.0959883483317746,,,,0.17036491797765302,,,,0.2,0.0,0.0,0.0,0.0,,,,0.1679728080635645,,,,0.1679728080635645,,,,0.5356497092899943,1,3,40,0.2,1.5,Europe & Central Asia (all income levels)
Europe & Central Asia (developing only),13645.9213896471,272357073.0,,0.9480947113037108,0.09724344667449653,0.02438396,0.06565853999999999,0.968777688687362,0.29499037901421105,,,0.8368936548365755,0.2,0.0,0.0,0.0,0.0,,,,0.1679728080635645,,,,0.1679728080635645,,,,0.5356497092899943,1,3,40,0.2,1.5,Europe & Central Asia (developing only)
European Union,34295.059805254,507048450.0,,0.951437072753906,0.109194301592306,,,,0.13628002762516497,,,,0.2,0.0,0.0,0.0,0.0,,,,0.1679728080635645,,,,0.1679728080635645,,,,0.5356497092899943,1,3,40,0.2,1.5,European Union
Faeroe Islands,,49469.0,,,,,,,,,,,0.2,0.0,0.0,0.0,0.0,,,0.0,0.1679728080635645,,,,0.1679728080635645,0.0,,,0.5356497092899943,1,3,40,0.2,1.5,Faeroe Islands
Fiji,7501.810430476,881065.0,0.062,0.965088272094727,0.0810000038146973,,,0.996,0.20889977092240106,0.193288704870383,0.12634736653352485,0.8935501145387995,0.2,0.6000000000000001,0.5333333333333333,0.4,0.325,0.33613901941237423,25.83,0.1082365339865798,0.1679728080635645,0.1435674804987734,1.820973096365372,0.1225,0.1679728080635645,0.1082365339865798,25.83,0.062,0.5356497092899943,1,3,40,0.2,1.5,Fiji
Finland,38820.8218247281,5438972.0,0.0918,0.9955172729492192,0.08199999809265139,0.4118611,0.6638473000000001,0.999,0.18540314596854002,0.57169229,0.33561739799999996,0.90679842701573,0.2,0.8,0.8666666666666666,0.8,0.9833333333333333,0.21799096857432496,48.24,0.02965226992345247,0.1679728080635645,0.1421560448119706,0.7938034245204821,0.12824999999999998,0.1679728080635645,0.02965226992345247,48.24,0.0918,0.5356497092899943,1,3,40,0.2,1.5,Finland
Fragile and conflict affected situations,3380.73108850607,446374282.0,,0.6464202880859379,0.0811781688369576,,,0.598068792472636,0.48059108702094505,,,0.5587388527258454,0.2,0.0,0.0,0.0,0.0,,,,0.1679728080635645,,,,0.1679728080635645,,,,0.5356497092899943,1,3,40,0.2,1.5,Fragile and conflict affected situations
France,37216.8018998205,65939866.0,0.0781,0.998382568359375,0.10399999618530302,0.4022605,0.5575401999999999,1.0,0.0739863036312876,0.49639142,0.37605085,0.9630068481843562,0.2,1.0,0.7333333333333333,1.0,0.9166666666666667,0.2234491797478895,122.61,0.0714014429531207,0.1679728080635645,0.15732684457506135,2.050973286195859,0.12400000000000003,0.1679728080635645,0.0714014429531207,122.61,0.0781,0.5356497092899943,1,3,40,0.2,1.5,France
French Polynesia,,276831.0,,,,,,0.99,,,,,0.2,0.0,0.0,0.0,0.0,,0.5,,0.1679728080635645,,,,0.1679728080635645,,0.5,,0.5356497092899943,1,3,40,0.2,1.5,French Polynesia
Gabon,18646.3698144321,1671711.0,0.05860000000000001,0.598094902038574,0.196000003814697,0.01964613,0.13129620000000003,0.893,0.389006879405873,0.22083996445867293,0.12165273695354185,0.7519965602970635,0.2,0.0,0.0,0.0,0.38333333333333336,0.3299123735952057,16.85,0.09396234844893878,0.72,0.2153855386483947,1.9249874618018858,0.16124999999999998,0.72,0.09396234844893878,16.85,0.05860000000000001,0.5356497092899943,1,3,40,0.2,1.5,Gabon
"Gambia, The",1608.12799895875,1849285.0,0.0479,0.7296015167236329,0.07,,,0.5660000000000001,0.21046925313761103,,,0.6777653734311946,0.2,0.0,0.0,0.0,0.0,0.40009313154805115,1.82,0.03933432158493084,0.1679728080635645,0.6005559849248532,0.04902792714459614,0.59875,0.1679728080635645,0.03933432158493084,1.82,0.0479,0.5356497092899943,1,3,40,0.2,1.5,"Gambia, The"
Georgia,6930.291380152889,4487200.0,0.0528,0.998204498291016,0.14300000190734902,0.0015679239999999998,0.01637902,0.998,0.6190708447251999,0.9832011784414144,0.5428108927360503,0.6894645776374,0.2,0.4,0.6666666666666667,0.8,0.4,0.3632651483124993,23.4,0.08371570212028312,0.1679728080635645,0.15596560062109865,3.0393522513372417,0.12375,0.1679728080635645,0.08371570212028312,23.4,0.0528,0.5356497092899943,1,3,40,0.2,1.5,Georgia
Germany,42883.6868079517,80651873.0,0.08289999999999999,0.962423629760742,0.053000001907348604,0.5698233,0.5140285,1.0,0.128850979073437,0.64378774,0.383320503,0.9355745104632816,0.2,0.8,0.7333333333333333,0.8,1.0,0.27301744639675013,106.88,0.0720767912654576,0.1679728080635645,0.1333916144712874,0.5368282392603201,0.12549999999999997,0.1679728080635645,0.0720767912654576,106.88,0.08289999999999999,0.5356497092899943,1,3,40,0.2,1.5,Germany
Ghana,3864.0307887795,25904598.0,0.0524,0.837136611938477,0.0459999990463257,0.04551203,0.2401777,0.684,0.361868838884229,,,0.6610655805578856,0.2,0.8,0.8,0.6,0.26666666666666666,0.40793501657637044,8.16,0.025936311688255692,0.23,0.6241706764031685,0.009339310251522015,0.6237500000000001,0.23,0.025936311688255692,8.16,0.0524,0.5356497092899943,1,3,40,0.2,1.5,Ghana
Greece,24305.0596068933,11027549.0,0.0645,0.9441726684570309,0.272999992370605,0.12937169999999998,0.24796239999999997,1.0,0.263867458319883,0.38459209,0.49652266799999994,0.8680662708400585,0.2,0.8,0.8666666666666666,0.8,0.2,0.23679175031633581,25.34,0.017597576249905544,0.1679728080635645,0.17499675207858476,2.6000668156234674,0.13675000000000007,0.1679728080635645,0.017597576249905544,25.34,0.0645,0.5356497092899943,1,3,40,0.2,1.5,Greece
Greenland,,56483.0,,,,,,,,,,,0.2,0.0,0.0,0.0,0.0,,45.72,0.0,0.1679728080635645,,,,0.1679728080635645,0.0,45.72,,0.5356497092899943,1,3,40,0.2,1.5,Greenland
Grenada,11271.7784894489,105897.0,,,,,,0.99,0.504833692941407,,,0.7425831535292965,0.2,0.6000000000000001,0.6666666666666667,0.4,0.0,0.6246030930419383,0.5,0.0,0.1679728080635645,,,,0.1679728080635645,0.0,0.5,,0.5356497092899943,1,3,40,0.2,1.5,Grenada
Guam,,165124.0,,,,,,0.994,,,,,0.2,0.0,0.0,0.0,0.0,,0.5,,0.1679728080635645,,,,0.1679728080635645,,0.5,,0.5356497092899943,1,3,40,0.2,1.5,Guam
Guatemala,7062.530674821691,15468203.0,0.0387,0.667277297973633,0.0279999995231628,0.05336335,0.1347752,0.523,0.5082508508966079,0.21925287935117188,0.10471864953838116,0.507374574551696,0.2,0.8,0.6,0.6,0.4666666666666666,0.6475627728005022,8.04,0.032325331712589875,0.1679728080635645,0.13177255814122119,3.211802577325731,0.11099999999999999,0.1679728080635645,0.032325331712589875,8.04,0.0387,0.5356497092899943,1,3,40,0.2,1.5,Guatemala
Guinea,1212.88813283302,11745189.0,0.0755,0.5858071136474611,0.0179999995231628,0.01277901,0.02541692,0.453,0.5644130483134371,,,0.4442934758432815,0.2,0.0,0.0,0.0,0.0,0.3510694892836516,3.41,0.02160955117769452,1.12,0.6195200193774979,0.01691629050669352,0.617,1.12,0.02160955117769452,3.41,0.0755,0.5356497092899943,1,3,40,0.2,1.5,Guinea
Guinea-Bissau,1361.89181999599,1704255.0,0.0728,,0.07099999904632573,,,0.43,0.43332407385886895,,,0.4983379630705656,0.2,0.2,0.2,0.2,0.0,,1.41,0.018015581396311015,0.1679728080635645,0.6067277219993397,0.038357037525781124,0.6045000000000001,0.1679728080635645,0.018015581396311015,1.41,0.0728,0.5356497092899943,1,3,40,0.2,1.5,Guinea-Bissau
Guyana,6335.95019984798,799613.0,,0.921871871948242,0.11100000381469699,,,0.919,0.31320846109108097,,,0.8028957694544595,0.2,0.0,0.0,0.0,0.0,,8.24,0.098063379566123,0.42,,,,0.42,0.098063379566123,8.24,,0.5356497092899943,1,3,40,0.2,1.5,Guyana
Haiti,1648.3991533882001,10317461.0,0.0238,,0.07,0.09045759,0.24003520000000003,0.373,0.297119104279104,0.01029806614756764,0.015753787709690964,0.537940447860448,0.2,0.6000000000000001,0.5333333333333333,0.4,0.0,,1.71,0.01913487334560882,-0.48,0.11347466306519234,2.128451677323324,0.11074074074074078,-0.48,0.01913487334560882,1.71,0.0238,0.5356497092899943,1,3,40,0.2,1.5,Haiti
Heavily indebted poor countries (HIPC),1933.0463959370402,673564609.0,,0.547599182128906,0.0616879492228603,,,0.523784855061193,0.433798275707215,,,0.544993289676989,0.2,0.0,0.0,0.0,0.0,,,,0.1679728080635645,,,,0.1679728080635645,,,,0.5356497092899943,1,3,40,0.2,1.5,Heavily indebted poor countries (HIPC)
High income,39386.7190390732,1306396050.0,,0.9430687713623052,0.0772488205788821,0.34167709999999996,0.4637011,,0.14502986715762806,,,,0.2,0.0,0.0,0.0,0.0,,,,0.1679728080635645,,,,0.1679728080635645,,,,0.5356497092899943,1,3,40,0.2,1.5,High income
High income: OECD,40651.0411673828,1054701323.0,,0.9418286895751948,0.0815184286936759,0.3776466,0.5158542,,0.135354525690927,,,,0.2,0.0,0.0,0.0,0.0,,,,0.1679728080635645,,,,0.1679728080635645,,,,0.5356497092899943,1,3,40,0.2,1.5,High income: OECD
High income: nonOECD,34662.4502279002,251694727.0,,0.94831169128418,0.058049161852464115,0.131747,0.2143467,0.9884729868819642,0.396342184101558,,,0.7960654013902031,0.2,0.0,0.0,0.0,0.0,,,,0.1679728080635645,,,,0.1679728080635645,,,,0.5356497092899943,1,3,40,0.2,1.5,High income: nonOECD
Honduras,4445.2710541232,8097688.0,0.0261,0.696548690795898,0.041999998092651404,0.0431121,0.118058,0.8290000000000001,0.458577996512573,0.2579741926798659,0.13477151366151952,0.6852110017437136,0.2,0.4,0.33333333333333337,0.8,0.275,0.3635926941047578,7.2,0.04325052661464394,-0.66,0.24550723457378548,1.5661158258481294,0.24250000000000002,-0.66,0.04325052661464394,7.2,0.0261,0.5356497092899943,1,3,40,0.2,1.5,Honduras
"Hong Kong SAR, China",51508.863393328895,7187500.0,,0.989971389770508,0.0329999995231628,0.22198310000000002,0.5649668000000001,1.0,,,,,0.2,0.0,0.0,0.0,0.9666666666666667,0.2576228373482557,200.0,0.0,0.1679728080635645,,,,0.1679728080635645,0.0,200.0,,0.5356497092899943,1,3,40,0.2,1.5,"Hong Kong SAR, China"
Hungary,22706.6118964343,9893899.0,0.0825,0.980723037719727,0.101999998092651,0.0918939,0.2239262,0.991,0.27493289491964995,0.912333,0.525706,0.858033552540175,0.2,1.0,1.0,0.8,0.5,0.22126941170098394,100.0,0.09877804612886447,0.1679728080635645,0.3832951673787685,0.6436419073800641,0.3562499999999999,0.1679728080635645,0.09877804612886447,100.0,0.0825,0.5356497092899943,1,3,40,0.2,1.5,Hungary
Iceland,40789.4181051148,323764.0,0.0956,0.9791737365722659,0.055999999046325716,,,,0.18095332150331306,0.31120709,0.24556603800000001,,0.2,0.0,0.0,0.0,0.5666666666666667,0.26715489528229863,11.23,0.008194052722232954,0.1679728080635645,0.1282501938834844,0.013643691783462808,0.1280246913580247,0.1679728080635645,0.008194052722232954,11.23,0.0956,0.5356497092899943,1,3,40,0.2,1.5,Iceland
India,5243.95705971261,1252139596.0,0.08539999999999999,0.6137311172485349,0.0359999990463257,0.106086,0.1227241,0.523,0.582127675457295,,,0.4704361622713525,0.2,0.8,0.7333333333333333,0.8,0.55,0.4525301642355351,100.0,0.08479572786387997,0.1679728080635645,0.4389939274129843,0.4350995780570932,0.41725,0.1679728080635645,0.08479572786387997,100.0,0.08539999999999999,0.5356497092899943,1,3,40,0.2,1.5,India
Indonesia,9254.42217970391,249865631.0,0.07629999999999999,0.8897506713867191,0.06300000190734861,0.07181267,0.2072208,0.831,0.45812714364556,,,0.68643642817722,0.2,0.6000000000000001,0.6666666666666667,0.6,0.5333333333333333,0.30997681866727844,100.0,0.0644947034323651,0.33,0.12553467759250458,0.03557042956680223,0.12500000000000006,0.33,0.0644947034323651,100.0,0.07629999999999999,0.5356497092899943,1,3,40,0.2,1.5,Indonesia
"Iran, Islamic Rep.",15090.047220074799,77447168.0,0.0643,0.9617577362060552,0.131999998092651,0.1211886,0.2492838,0.964,0.521103369137571,,,0.7214483154312146,0.2,0.4,0.6,0.8,0.0,0.31799517747918205,17.79,0.04368433750480298,0.1679728080635645,0.329892867237288,0.9097108866765784,0.3047499999999999,0.1679728080635645,0.04368433750480298,17.79,0.0643,0.5356497092899943,1,3,40,0.2,1.5,"Iran, Islamic Rep."
Iraq,14471.473317625,33417476.0,0.08800000000000001,,0.16,0.0292944,0.07414198,0.909,0.365307279090228,0.13105041321080904,0.08987146573864697,0.771846360454886,0.2,0.0,0.0,0.0,0.0,0.5840924714508963,27.69,0.24086888785759994,0.1679728080635645,0.5181571059328332,0.21584745782037906,0.505,0.1679728080635645,0.24086888785759994,27.69,0.08800000000000001,0.5356497092899943,1,3,40,0.2,1.5,Iraq
Ireland,44647.2359111421,4597558.0,0.0762,0.998382568359375,0.13100000381469698,0.4951397,0.5241702,1.0,0.16838536504729798,0.78696066,0.48333248799999995,0.9158073174763509,0.2,0.0,0.0,0.0,0.7,0.31125054927451323,200.0,0.03555792087175875,0.1679728080635645,0.12772843675750684,0.01778431882639997,0.12750000000000003,0.1679728080635645,0.03555792087175875,200.0,0.0762,0.5356497092899943,1,3,40,0.2,1.5,Ireland
Isle of Man,,85888.0,,,,,,,,,,,0.2,0.0,0.0,0.0,0.95,,100.0,0.0,0.1679728080635645,,,,0.1679728080635645,0.0,100.0,,0.5356497092899943,1,3,40,0.2,1.5,Isle of Man
Israel,30926.8490945208,8059500.0,0.0461,0.989402618408203,0.06300000190734861,0.1858163,0.290902,,0.26346112463844396,,,,0.2,0.0,0.0,0.0,0.7833333333333333,0.3584782813615938,100.0,0.008807388501902946,0.1679728080635645,0.4529327876493166,0.39093485209946377,0.44249999999999995,0.1679728080635645,0.008807388501902946,100.0,0.0461,0.5356497092899943,1,3,40,0.2,1.5,Israel
Italy,33923.5598171182,60233948.0,0.0607,0.993345489501953,0.121999998092651,0.11888060000000003,0.17877559999999998,0.99,0.18008038358482603,0.43236375,0.413812555,0.9049598082075868,0.2,1.0,0.8666666666666666,0.8,0.6,0.2046119687179293,62.59,0.04766468506187956,0.1679728080635645,0.14999939521026234,2.2000129022330914,0.12400000000000003,0.1679728080635645,0.04766468506187956,62.59,0.0607,0.5356497092899943,1,3,40,0.2,1.5,Italy
Jamaica,8607.498562766179,2714734.0,0.0535,0.860790634155273,0.15,0.2945098,0.3105106,0.991,0.253651313039636,0.26651858938195394,0.1474314747293658,0.868674343480182,0.2,0.8,0.6,0.6,0.2,0.38100911347268046,0.5,0.0005963410341568684,0.1679728080635645,0.26748198257264955,1.3552988277589448,0.24250000000000005,0.1679728080635645,0.0005963410341568684,0.5,0.0535,0.5356497092899943,1,3,40,0.2,1.5,Jamaica
Japan,35614.3100226829,127338621.0,0.0737,0.998382568359375,0.04,0.4561238,0.5513969,0.998,0.14378354821940598,,,0.927108225890297,0.2,0.8,0.8,0.8,0.8166666666666668,0.21044253355545398,200.0,0.07320319274620732,0.1679728080635645,0.12453054699610389,0.04392057319130904,0.12400000000000003,0.1679728080635645,0.07320319274620732,200.0,0.0737,0.5356497092899943,1,3,40,0.2,1.5,Japan
Jordan,11404.7388595369,6460000.0,0.0823,0.9789906311035159,0.12600000381469698,0.01290732,0.1260008,0.996,0.23512147294390304,0.24754125076743594,0.20254922683467025,0.8804392635280485,0.2,0.6000000000000001,0.4,0.6,0.375,0.17572272222131016,16.64,0.003988062543257742,1.55,0.49347398654392655,0.276663040360529,0.44250000000000006,1.55,0.003988062543257742,16.64,0.0823,0.5356497092899943,1,3,40,0.2,1.5,Jordan
Kazakhstan,22469.6790194365,17035275.0,0.0945,0.9927625274658198,0.051999998092651385,0.049583800000000004,0.07945224000000001,0.999,0.463364618003791,,,0.7678176909981045,0.2,0.8,0.6,1.0,0.6166666666666667,0.3305707553557686,15.47,0.05316952191177236,0.1679728080635645,0.1344198586824556,1.269009973597067,0.11271604938271601,0.1679728080635645,0.05316952191177236,15.47,0.0945,0.5356497092899943,1,3,40,0.2,1.5,Kazakhstan
Kenya,2705.3232181398107,44353691.0,0.0484,0.7763126373291019,0.0919999980926514,0.10053339999999998,0.3215924000000001,0.438,0.44642551639243605,0.05486851859573319,0.07183448406098354,0.4957872418037821,0.2,0.8,0.4666666666666667,0.4,0.35,0.46296027315172006,2.1,0.018816828448511267,0.64,0.5162914238892937,0.2202410709326219,0.5050000000000002,0.64,0.018816828448511267,2.1,0.0484,0.5356497092899943,1,3,40,0.2,1.5,Kenya
Kiribati,1796.2971464148602,102351.0,,0.7890505981445309,,,,0.7979999999999999,0.000939363097842664,0.09119600859349576,0.08826577847818604,0.8985303184510787,0.2,0.0,0.0,0.0,0.0,,0.5,,0.1679728080635645,,,,0.1679728080635645,,0.5,,0.5356497092899943,1,3,40,0.2,1.5,Kiribati
"Korea, Dem. Rep.",,24895480.0,,,0.0459999990463257,,,1.0,,,,,0.2,0.0,0.0,0.0,0.0,,3.26,0.06594596209866932,0.1679728080635645,,,,0.1679728080635645,0.06594596209866932,3.26,,0.5356497092899943,1,3,40,0.2,1.5,"Korea, Dem. Rep."
"Korea, Rep.",32708.1074382641,50219669.0,,0.991911087036133,0.030999999046325694,0.3501086,0.5564819000000001,1.0,0.36637498757426396,,,0.8168125062128679,0.2,1.0,0.8666666666666666,1.0,0.8333333333333333,0.2367936221973808,189.0,0.06986805834634184,0.1679728080635645,,,,0.1679728080635645,0.06986805834634184,189.0,,0.5356497092899943,1,3,40,0.2,1.5,"Korea, Rep."
Kosovo,8598.55955756445,1824000.0,,,,0.01993255,0.07123180000000001,,,0.19792748058848167,0.11673657822825766,,0.2,0.0,0.0,0.0,0.0,,,0.022584710402120282,0.1679728080635645,,,,0.1679728080635645,0.022584710402120282,,,0.5356497092899943,1,3,40,0.2,1.5,Kosovo
Kuwait,82357.8241817504,3368572.0,,0.9407154083251948,0.030999999046325694,0.5218066,0.3411517,1.0,0.15692555335470998,,,0.921537223322645,0.2,0.0,0.0,0.0,0.9,0.3817374677052245,62.53,0.007447696304068064,0.1679728080635645,,,,0.1679728080635645,0.007447696304068064,62.53,,0.5356497092899943,1,3,40,0.2,1.5,Kuwait
Kyrgyz Republic,3109.8128288413104,5719600.0,0.0768,0.970536422729492,0.08,0.001899116,0.01364074,0.991,0.3636490862788561,0.7217599301569062,0.4621961027620737,0.813675456860572,0.2,0.6000000000000001,0.6,0.6,0.0,0.5202256666410198,3.11,0.05226313149431831,0.17,0.21426042595140787,1.9403469968965603,0.17200000000000001,0.17,0.05226313149431831,3.11,0.0768,0.5356497092899943,1,3,40,0.2,1.5,Kyrgyz Republic
Lao PDR,4667.34005886512,6769727.0,0.0762,0.7333741760253909,0.0139999997615814,0.13250879999999998,0.2385275,0.415,0.399903039365661,0.03728431799420904,0.13347582175320616,0.5075484803171695,0.2,0.0,0.0,0.0,0.0,0.2472988860728427,6.82,0.1858338961143098,0.1679728080635645,0.14142183787534118,0.8031161511617066,0.13,0.1679728080635645,0.1858338961143098,6.82,0.0762,0.5356497092899943,1,3,40,0.2,1.5,Lao PDR
Latin America & Caribbean (all income levels),14599.7526966521,615332389.0,,0.719713363647461,0.06188337701883099,,,0.926026690713354,0.319945393069332,,,0.8030406488220111,0.2,0.0,0.0,0.0,0.0,,,,0.1679728080635645,,,,0.1679728080635645,,,,0.5356497092899943,1,3,40,0.2,1.5,Latin America & Caribbean (all income levels)
Latin America & Caribbean (developing only),14146.6344808921,588019237.0,,0.7162669372558591,0.061483217285902315,0.04833948,0.12895769999999998,0.9238227181880442,0.32143880810634495,,,0.8011919550408495,0.2,0.0,0.0,0.0,0.0,,,,0.1679728080635645,,,,0.1679728080635645,,,,0.5356497092899943,1,3,40,0.2,1.5,Latin America & Caribbean (developing only)
Latvia,21832.5707415661,2012647.0,0.0624,0.9028720855712892,0.11100000381469699,0.08001866999999999,0.1686562,1.0,0.36483897449818603,0.616317,0.230291,0.8175805127509069,0.2,0.0,0.0,0.0,0.7,0.2393699080806075,59.74,0.05813304985866859,0.1679728080635645,0.1271469196842572,1.3987997566705022,0.11271604938271611,0.1679728080635645,0.05813304985866859,59.74,0.0624,0.5356497092899943,1,3,40,0.2,1.5,Latvia
Least developed countries: UN classification,2077.34176637156,898289508.0,,0.5499494934082029,0.057156724089638615,,,0.4823565212656139,0.454082115161734,,,0.51413720305194,0.2,0.0,0.0,0.0,0.0,,,,0.1679728080635645,,,,0.1679728080635645,,,,0.5356497092899943,1,3,40,0.2,1.5,Least developed countries: UN classification
Lebanon,16622.935484094298,4467390.0,,0.932877197265625,0.065,0.06073539,0.25196470000000004,0.98,0.342708369037984,,,0.818645815481008,0.2,0.4,0.6666666666666667,0.4,0.2833333333333333,0.1676576124167707,17.91,0.004839649643313453,0.1679728080635645,,,,0.1679728080635645,0.004839649643313453,17.91,,0.5356497092899943,1,3,40,0.2,1.5,Lebanon
Lesotho,2493.6137341397307,2074465.0,0.0284,0.5675437164306639,0.24700000762939497,0.02873374,0.11368269999999997,0.615,0.14447772311793494,,,0.7352611384410326,0.2,0.6000000000000001,0.26666666666666666,0.4,0.4,0.1992120956582078,10.34,0.022905123527444192,-0.11,0.5568520020125147,0.13135985454505272,0.555,-0.11,0.022905123527444192,10.34,0.0284,0.5356497092899943,1,3,40,0.2,1.5,Lesotho
Liberia,849.830924236094,4294077.0,0.0644,0.677655029296875,0.0370000004768372,0.0449625,0.2007491,0.611,0.26038407321742,0.04503793391523511,0.12573070699110653,0.67530796339129,0.2,0.0,0.0,0.0,0.0,0.4725120712732518,6.06,0.06371096829492359,-0.43,0.5998191966054143,0.05031650131471177,0.5987499999999999,-0.43,0.06371096829492359,6.06,0.0644,0.5356497092899943,1,3,40,0.2,1.5,Liberia
Libya,20371.2174108149,6201521.0,,,0.196000003814697,,,0.998,0.297477305624893,,,0.8502613471875535,0.2,0.0,0.0,0.0,0.0,,25.39,0.02481477830056722,0.1679728080635645,,,,0.1679728080635645,0.02481477830056722,25.39,,0.5356497092899943,1,3,40,0.2,1.5,Libya
Liechtenstein,,36925.0,,0.7939875030517579,,,,,,,,,0.2,0.0,0.0,0.0,1.0,,19.08,0.08866022553917023,0.1679728080635645,,,,0.1679728080635645,0.08866022553917023,19.08,,0.5356497092899943,1,3,40,0.2,1.5,Liechtenstein
Lithuania,24469.622500843598,2957689.0,0.0703,0.9749952697753912,0.118000001907349,0.13165970000000002,0.2553146,1.0,0.326323027699747,0.810897,0.314705,0.8368384861501265,0.2,0.0,0.0,0.0,0.6833333333333332,0.3129644244946807,49.75,0.08022328388743118,0.1679728080635645,0.15280425340955606,1.8140577922754901,0.12725,0.1679728080635645,0.08022328388743118,49.75,0.0703,0.5356497092899943,1,3,40,0.2,1.5,Lithuania
Low & middle income,8276.254754103109,5818700658.0,,0.7221597290039059,0.055440902497651504,0.10466980000000001,0.2243035,0.676631514447313,0.3566326976289221,,,0.6599994084091955,0.2,0.0,0.0,0.0,0.0,,,,0.1679728080635645,,,,0.1679728080635645,,,,0.5356497092899943,1,3,40,0.2,1.5,Low & middle income
Low income,1871.89230701395,848667515.0,,0.568959808349609,0.0506697639661888,0.07760552999999999,0.14163670000000003,0.505368452687856,0.45303183294818,,,0.526168309869838,0.2,0.0,0.0,0.0,0.0,,,,0.1679728080635645,,,,0.1679728080635645,,,,0.5356497092899943,1,3,40,0.2,1.5,Low income
Lower middle income,5809.9533811969895,2561101967.0,,0.7052120971679691,0.0534456489991845,0.07680661999999999,0.13385729999999998,0.5792469566343429,0.543442772745201,,,0.5179020919445709,0.2,0.0,0.0,0.0,0.0,,,,0.1679728080635645,,,,0.1679728080635645,,,,0.5356497092899943,1,3,40,0.2,1.5,Lower middle income
Luxembourg,88849.9952652285,543360.0,,,0.05900000095367429,0.45424849999999994,0.5654266,0.999,0.107979552136205,0.45704362,0.38161411799999995,0.9455102239318977,0.2,0.0,0.0,0.0,1.0,0.24723066038615737,62.94,0.025058644459746662,0.1679728080635645,,,,0.1679728080635645,0.025058644459746662,62.94,,0.5356497092899943,1,3,40,0.2,1.5,Luxembourg
"Macao SAR, China",138024.90667496802,566375.0,,0.982737731933594,0.0179999995231628,,,1.0,,,,,0.2,0.0,0.0,0.0,0.875,0.5273653779200463,0.5,0.0,0.1679728080635645,,,,0.1679728080635645,0.0,0.5,,0.5356497092899943,1,3,40,0.2,1.5,"Macao SAR, China"
"Macedonia, FYR",11608.968970793701,2107158.0,0.0541,0.9749305725097659,0.29,0.04312311,0.1010828,0.983,0.31104098775023403,,,0.8359795061248829,0.2,0.6000000000000001,0.6666666666666667,0.6,0.45,0.2639321665831752,24.46,0.12060126446835667,0.1679728080635645,0.14056719863593642,2.236886019038,0.11864197530864196,0.1679728080635645,0.12060126446835667,24.46,0.0541,0.5356497092899943,1,3,40,0.2,1.5,"Macedonia, FYR"
Madagascar,1368.63241207592,22924851.0,0.065,0.3796979904174799,0.0359999990463257,0.00467687,0.01990471,0.443,0.300554385077365,0.07554764626798254,0.1054161434005338,0.5712228074613175,0.2,0.8,0.6666666666666667,0.4,0.0,0.2940729838426214,2.18,0.05063647963397895,-0.16,0.3222784810126581,0.9548311076197966,0.3049999999999999,-0.16,0.05063647963397895,2.18,0.065,0.5356497092899943,1,3,40,0.2,1.5,Madagascar
Malawi,754.981975267971,16362567.0,0.0541,0.597333717346191,0.0759999990463257,0.05031624,0.10417769999999997,0.7140000000000001,0.116801020483576,0.03189209342110269,0.03962894099199903,0.7985994897582119,0.2,0.8,0.6666666666666667,0.6,0.0,0.25307656921941635,2.84,0.02283077842331048,0.1,0.32470002928406816,0.9402523658192716,0.30499999999999994,0.1,0.02283077842331048,2.84,0.0541,0.5356497092899943,1,3,40,0.2,1.5,Malawi
Malaysia,22589.3714474966,29716965.0,0.0454,0.991196517944336,0.032000000476837195,0.2476379,0.4278625,0.9868,0.36112726994644295,0.1471422500216373,0.05773081708127114,0.8128363650267786,0.2,1.0,0.8,0.8,0.7,0.2505940745612133,34.87,0.10812063479528926,0.1679728080635645,0.12952536054279207,0.9687264249363288,0.12224999999999996,0.1679728080635645,0.10812063479528926,34.87,0.0454,0.5356497092899943,1,3,40,0.2,1.5,Malaysia
Maldives,11282.814960828799,345023.0,0.06509999999999999,0.8284738159179691,0.11600000381469698,,,0.988,0.37484262211941793,0.031145207668181806,0.016503814270041425,0.8065786889402909,0.2,0.4,0.6,0.6,0.0,0.326357971697339,0.5,,0.1679728080635645,,,,0.1679728080635645,,0.5,0.06509999999999999,0.5356497092899943,1,3,40,0.2,1.5,Maldives
Mali,1589.1673480781,15301650.0,0.0797,0.6159251022338871,0.08199999809265139,0.026048720000000004,0.05730599,0.5870000000000001,0.600787761506963,0.024631705730870014,0.05299713321707195,0.4931061192465186,0.2,0.6000000000000001,0.6,0.4,0.0,0.6438448659589122,6.97,0.09112497029457714,-0.39,0.15225514914466012,3.1377910930383486,0.1292592592592592,-0.39,0.09112497029457714,6.97,0.0797,0.5356497092899943,1,3,40,0.2,1.5,Mali
Malta,28821.6623967794,423374.0,,0.94463493347168,0.065,0.3354295,0.5232763,1.0,0.316249257335749,0.55387408,0.357368205,0.8418753713321255,0.2,0.0,0.0,0.0,0.7,0.22391636903978407,0.5,0.0,0.1679728080635645,,,,0.1679728080635645,0.0,0.5,,0.5356497092899943,1,3,40,0.2,1.5,Malta
Marshall Islands,3775.8601550871504,52634.0,,0.834678192138672,,,,0.99,0.12367055785780302,,,0.9331647210710984,0.2,0.4,0.4,0.6,0.0,,0.5,,0.1679728080635645,,,,0.1679728080635645,,0.5,,0.5356497092899943,1,3,40,0.2,1.5,Marshall Islands
Mauritania,2945.22956949672,3889880.0,0.0602,0.641279296875,0.31,0.03011628,0.08601067999999999,0.6509999999999999,0.4630876250644671,,,0.5939561874677663,0.2,0.6000000000000001,0.6666666666666667,0.6,0.0,0.23810597085800642,2.17,0.06939216520184127,0.1679728080635645,0.1655320478853396,2.8059095386555426,0.12925925925925924,0.1679728080635645,0.06939216520184127,2.17,0.0602,0.5356497092899943,1,3,40,0.2,1.5,Mauritania
Mauritius,17145.783120153603,1258653.0,0.0739,0.958068084716797,0.08300000190734863,0.1841016,0.3910466,0.992,0.4653395951211429,0.20302770408423365,0.10934859764325706,0.7633302024394285,0.2,0.8,0.8,0.6,0.65,0.29481279169257346,0.5,,0.1679728080635645,,,,0.1679728080635645,,0.5,0.0739,0.5356497092899943,1,3,40,0.2,1.5,Mauritius
Mexico,16290.8128214269,122332399.0,0.0486,0.9575267028808591,0.0490000009536743,0.028012490000000004,0.09345214,0.96,0.44147349287612,0.5340229455306378,0.2547689062898621,0.7592632535619399,0.2,0.8,0.8,0.8,0.6666666666666667,0.36826304497677287,39.44,0.06110303858742192,0.1679728080635645,0.393950762622432,0.5991846184184213,0.3792500000000001,0.1679728080635645,0.06110303858742192,39.44,0.0486,0.5356497092899943,1,3,40,0.2,1.5,Mexico
"Micronesia, Fed. Sts.",3285.75294189917,103549.0,0.0159,,,,,1.0,0.0949314941668317,0.4911367616883895,0.13340977833450512,0.952534252916584,0.2,0.6000000000000001,0.4666666666666667,0.6,0.0,,0.5,,0.1679728080635645,,,,0.1679728080635645,,0.5,0.0159,0.5356497092899943,1,3,40,0.2,1.5,"Micronesia, Fed. Sts."
Middle East & North Africa (all income levels),17302.1095238667,402607879.0,,0.8651049041748051,0.11220469779083,,,0.8990398698579429,0.344351730224517,,,0.777344069816713,0.2,0.0,0.0,0.0,0.0,,,,0.1679728080635645,,,,0.1679728080635645,,,,0.5356497092899943,1,3,40,0.2,1.5,Middle East & North Africa (all income levels)
Middle East & North Africa (developing only),11467.7332961109,345448146.0,,0.851379013061523,0.12727879558715302,,,0.8901435878923191,0.4562006998034709,,,0.7169714440444241,0.2,0.0,0.0,0.0,0.0,,,,0.1679728080635645,,,,0.1679728080635645,,,,0.5356497092899943,1,3,40,0.2,1.5,Middle East & North Africa (developing only)
Middle income,9375.216385184749,4970033143.0,,0.766807174682617,0.0562597550840693,0.1074579,0.2324205,0.7268482825039271,0.35463748770065895,,,0.686105397401634,0.2,0.0,0.0,0.0,0.0,,,,0.1679728080635645,,,,0.1679728080635645,,,,0.5356497092899943,1,3,40,0.2,1.5,Middle income
Moldova,4521.084844788111,3558566.0,0.0849,0.946174697875977,0.05099999904632569,0.0071581230000000015,0.05443321,0.992,0.44578861102402595,0.4658781844872598,0.33756533499209274,0.773105694487987,0.2,0.6000000000000001,0.6,0.4,0.25,0.25670477375728673,10.45,0.06282175635919181,-0.52,0.38683310779064306,0.6286093080247948,0.3772500000000001,-0.52,0.06282175635919181,10.45,0.0849,0.5356497092899943,1,3,40,0.2,1.5,Moldova
Monaco,,37831.0,,,,,,,0.06999999997389411,,,,0.2,0.6000000000000001,0.4,0.2,0.0,,0.5,0.0,0.1679728080635645,,,,0.1679728080635645,0.0,0.5,,0.5356497092899943,1,3,40,0.2,1.5,Monaco
Mongolia,9132.30570379131,2839073.0,0.071,0.9089742279052729,0.0490000009536743,0.1190915,0.3040792,0.988,0.37013190066106505,0.32451319459176803,0.18658999698714795,0.8089340496694675,0.2,0.4,0.5333333333333333,0.8,0.33333333333333337,0.20767487925071607,6.34,0.047108300155032784,0.1679728080635645,0.12910531495311936,1.3624124236151816,0.112716049382716,0.1679728080635645,0.047108300155032784,6.34,0.071,0.5356497092899943,1,3,40,0.2,1.5,Mongolia
Montenegro,14151.5411049103,621383.0,0.0825,0.8049859619140629,0.19799999237060503,0.02271427,0.04095249,1.0,0.42668777701352,,,0.78665611149324,0.2,0.0,0.0,0.0,0.375,0.3648966623915853,11.45,0.10630768483374672,0.1679728080635645,0.3863409060531048,0.6306841707137345,0.35962962962962963,0.1679728080635645,0.10630768483374672,11.45,0.0825,0.5356497092899943,1,3,40,0.2,1.5,Montenegro
Morocco,6967.259245878559,33008150.0,0.0652,0.8925434112548829,0.0919999980926514,0.051415930000000006,0.1725484,0.736,0.58357664131688,,,0.5762116793415599,0.2,0.6000000000000001,0.4666666666666667,0.6,0.5333333333333333,0.26925696721882303,18.87,0.0562499278503009,-0.24,0.36309718772826877,0.735072650773251,0.34974999999999995,-0.24,0.0562499278503009,18.87,0.0652,0.5356497092899943,1,3,40,0.2,1.5,Morocco
Mozambique,1069.62467709464,25833752.0,0.052300000000000006,0.31594970703125,0.08300000190734863,,,0.5429999999999999,0.0640594162295104,0.2286466156711273,0.0790302963912396,0.7394702918852447,0.2,0.8,0.8666666666666666,0.8,0.33333333333333337,0.5724925548469878,18.94,0.0444136109134404,-0.27,0.13818239293993542,1.5690682614992055,0.13000000000000003,-0.27,0.0444136109134404,18.94,0.052300000000000006,0.5356497092899943,1,3,40,0.2,1.5,Mozambique
Myanmar,,53259018.0,,0.747923278808594,0.0340000009536743,,,0.706,0.681959753796518,,,0.5120201231017409,0.2,0.4,0.4666666666666667,0.4,0.0,,2.47,0.11010254151103424,0.1679728080635645,,,,0.1679728080635645,0.11010254151103424,2.47,,0.5356497092899943,1,3,40,0.2,1.5,Myanmar
Namibia,9275.77298948326,2303315.0,0.0337,0.844627227783203,0.16899999618530298,,,0.8140000000000001,0.0708867871555925,,,0.8715566064222038,0.2,0.8,0.7333333333333333,0.6,0.55,0.2751726819797061,16.54,0.04691467376864355,0.35,0.5586798576426101,0.12765833845940056,0.5549999999999999,0.35,0.04691467376864355,16.54,0.0337,0.5356497092899943,1,3,40,0.2,1.5,Namibia
Nepal,2172.79039161762,27797457.0,0.0827,0.6036014175415041,0.0270000004768372,0.05736111,0.1267821,0.36,0.46154770251690497,0.1957230900073423,0.3589367106901816,0.4492261487415475,0.2,0.6000000000000001,0.4666666666666667,0.6,0.0,0.2701993002713125,2.33,0.05837973990653034,-0.61,0.34247558052078264,0.8395472139706888,0.3337037037037038,-0.61,0.05837973990653034,2.33,0.0827,0.5356497092899943,1,3,40,0.2,1.5,Nepal
Netherlands,45021.1574077338,16804432.0,0.084,0.9821536254882808,0.06699999809265139,0.5146725000000001,0.6205978000000001,1.0,0.05394363337686309,0.43784579999999995,0.331487095,0.9730281833115684,0.2,1.0,0.6666666666666667,1.0,0.9833333333333333,0.25251989485705195,4489.59,0.32301091253359776,0.1679728080635645,0.12822332629145333,0.013856088123219257,0.1280246913580247,0.1679728080635645,0.32301091253359776,4489.59,0.084,0.5356497092899943,1,3,40,0.2,1.5,Netherlands
New Caledonia,,262000.0,,,,,,,,,,,0.2,0.0,0.0,0.0,0.0,,0.5,0.0,0.1679728080635645,,,,0.1679728080635645,0.0,0.5,,0.5356497092899943,1,3,40,0.2,1.5,New Caledonia
New Zealand,33019.6033227233,4442100.0,,,0.06199999809265139,0.5283379,0.6550041,0.966,0.10670834222712901,,,0.9296458288864357,0.2,0.8,0.8,0.8,0.9333333333333332,0.40641763199487324,100.0,0.040453559117058384,0.1679728080635645,,,,0.1679728080635645,0.040453559117058384,100.0,,0.5356497092899943,1,3,40,0.2,1.5,New Zealand
Nicaragua,4493.766693912728,6080478.0,0.0464,0.484092712402344,0.0719999980926514,0.02246357,0.09348507000000003,0.88,0.403230824876026,0.30955790148805923,0.18289249576700325,0.738384587561987,0.2,0.6000000000000001,0.6,0.6,0.25,,6.38,0.0249312123363008,0.1679728080635645,0.1815999911289654,2.4691631650609387,0.155,0.1679728080635645,0.0249312123363008,6.38,0.0464,0.5356497092899943,1,3,40,0.2,1.5,Nicaragua
Niger,886.809611289333,17831270.0,0.08960000000000001,0.6932961273193361,0.05099999904632569,0.002041873,0.0181079,0.293,0.5307619941469729,0.05921709568758075,0.06195777077582978,0.3811190029265136,0.2,0.6000000000000001,0.7333333333333333,0.6,0.0,0.23359231685535525,2.45,0.0402116515457816,-0.39,0.15522999992267988,3.058493849860228,0.12925925925925924,-0.39,0.0402116515457816,2.45,0.08960000000000001,0.5356497092899943,1,3,40,0.2,1.5,Niger
Nigeria,5422.6933427295,173615345.0,0.0539,0.7933840942382809,0.075,0.08466024000000001,0.33685740000000003,0.381,0.693498428534313,0.004318494866955536,0.0078094642485003855,0.3437507857328435,0.2,0.8,0.8,0.8,0.38333333333333336,0.8736444729486806,7.04,0.03767008873400431,0.52,0.6015788961200397,0.04724418370269623,0.59875,0.52,0.03767008873400431,7.04,0.0539,0.5356497092899943,1,3,40,0.2,1.5,Nigeria
North America,50396.1264452195,351348142.0,,0.930418701171875,0.0736730104148192,,,,0.120302013934715,,,,0.2,0.0,0.0,0.0,0.0,,,,0.1679728080635645,,,,0.1679728080635645,,,,0.5356497092899943,1,3,40,0.2,1.5,North America
Northern Mariana Islands,,53855.0,,,,,,0.996,,,,,0.2,0.0,0.0,0.0,0.0,,0.5,,0.1679728080635645,,,,0.1679728080635645,,0.5,,0.5356497092899943,1,3,40,0.2,1.5,Northern Mariana Islands
Norway,62411.3557791039,5080166.0,0.09,0.984884490966797,0.035,,,,0.139464034313376,0.43995509,0.30240816800000003,,0.2,0.8,0.7333333333333333,0.8,1.0,0.3359516873480029,56.91,0.049038350480072664,0.1679728080635645,0.13340633596127127,1.28624823403098,0.11271604938271604,0.1679728080635645,0.049038350480072664,56.91,0.09,0.5356497092899943,1,3,40,0.2,1.5,Norway
OECD members,36837.3138285252,1261860262.0,,0.9409153747558591,0.0796388008758535,,,,0.13983837125727802,,,,0.2,0.0,0.0,0.0,0.0,,,,0.1679728080635645,,,,0.1679728080635645,,,,0.5356497092899943,1,3,40,0.2,1.5,OECD members
Oman,44532.4548711515,3632444.0,,0.9356304931640628,0.0790000009536743,0.145017,0.2770396,0.986,0.12258380249131598,,,0.931708098754342,0.2,0.0,0.0,0.0,0.75,0.28428817522364136,37.27,0.010215614356365909,0.1679728080635645,,,,0.1679728080635645,0.010215614356365909,37.27,,0.5356497092899943,1,3,40,0.2,1.5,Oman
Other small states,8824.85953293705,20178690.0,,0.6794638061523439,0.137449550032413,,,0.648094632252913,0.229358080483962,,,0.7093682758844755,0.2,0.0,0.0,0.0,0.0,,,,0.1679728080635645,,,,0.1679728080635645,,,,0.5356497092899943,1,3,40,0.2,1.5,Other small states
Pacific island small states,4882.42100702613,2280082.0,,0.797245635986328,,,,0.941932887033888,0.12370086543846401,,,0.9091160107977121,0.2,0.0,0.0,0.0,0.0,,,,0.1679728080635645,,,,0.1679728080635645,,,,0.5356497092899943,1,3,40,0.2,1.5,Pacific island small states
Pakistan,4454.07482878434,182142594.0,0.0959,0.6219412994384771,0.05099999904632569,0.01097432,0.01669716,0.521,0.548740285208274,0.06627475544327993,0.1375627297173065,0.486129857395863,0.2,0.6000000000000001,0.7333333333333333,0.8,0.225,0.3767173581299691,7.2,0.07858921320019564,0.1679728080635645,0.49717672852907874,0.26715504537769763,0.48000000000000015,0.1679728080635645,0.07858921320019564,7.2,0.0959,0.5356497092899943,1,3,40,0.2,1.5,Pakistan
Palau,14611.7353039229,20918.0,,,,,,1.0,0.1060957792467,0.14801150969645407,0.10637442990521596,0.94695211037665,0.2,0.6000000000000001,0.5333333333333333,0.4,0.0,,0.5,,0.1679728080635645,,,,0.1679728080635645,,0.5,,0.5356497092899943,1,3,40,0.2,1.5,Palau
Panama,18793.3933318045,3864170.0,0.032,0.916096420288086,0.040999999046325696,0.1099336,0.13441370000000002,0.935,0.249109631598326,0.13708015804999846,0.19584232441457688,0.8429451842008371,0.2,0.6000000000000001,0.6666666666666667,0.8,0.6,0.5402427160644628,14.34,0.018588993329232188,0.1679728080635645,0.5999606786370318,0.05006881689515108,0.5987500000000001,0.1679728080635645,0.018588993329232188,14.34,0.032,0.5356497092899943,1,3,40,0.2,1.5,Panama
Papua New Guinea,2558.12599644713,7321262.0,,,0.020999999046325702,,,0.53,0.109671859527752,0.05338064263593245,0.02093413029193003,0.7101640702361239,0.2,0.6000000000000001,0.4,0.4,0.35,,6.04,0.04582951975265315,0.1679728080635645,,,,0.1679728080635645,0.04582951975265315,6.04,,0.5356497092899943,1,3,40,0.2,1.5,Papua New Guinea
Paraguay,7833.074001567579,6802295.0,0.0406,0.8011572265625,0.051999998092651385,0.02127697,0.14778729999999998,0.958,0.566324664936956,0.2225409228619448,0.18271037767433415,0.6958376675315219,0.2,0.8,0.6,0.6,0.4666666666666666,0.3682732130696673,20.13,0.02750425862617814,0.1679728080635645,0.3209450597419741,0.9629527885753799,0.30499999999999994,0.1679728080635645,0.02750425862617814,20.13,0.0406,0.5356497092899943,1,3,40,0.2,1.5,Paraguay
Peru,11396.493020613101,30375603.0,0.0422,0.738851318359375,0.03900000095367431,0.01947264,0.1296312,0.867,0.34922042902940603,0.17809290377262527,0.1438275088967906,0.758889785485297,0.2,0.6000000000000001,0.6,0.8,0.6666666666666667,0.27019867536419195,93.09,0.06888750343228058,-0.49,0.3007877139356269,1.0945004427103342,0.29419753086419753,-0.49,0.06888750343228058,93.09,0.0422,0.5356497092899943,1,3,40,0.2,1.5,Peru
Philippines,6326.2164238939795,98393574.0,0.0589,0.757798385620117,0.07099999904632573,0.0353108,0.22188520000000003,0.728,0.5667290664336021,0.1881751680446434,0.2282986677130677,0.5806354667831989,0.2,0.6000000000000001,0.6,0.8,0.5833333333333334,0.27365718828027585,8.32,0.053936886408158594,-0.12,0.12264337227578306,0.0599838995594022,0.12225000000000001,-0.12,0.053936886408158594,8.32,0.0589,0.5356497092899943,1,3,40,0.2,1.5,Philippines
Poland,22835.2204608088,38514479.0,0.0789,0.9853228759765628,0.10399999618530302,0.1469539,0.2018166,0.999,0.22813576216920897,0.593962,0.488281,0.8854321189153955,0.2,1.0,0.5333333333333333,0.8,0.7166666666666667,0.41320263199936846,200.0,0.057824445643935886,0.1679728080635645,0.1308979108534954,1.3300601057060764,0.11271604938271608,0.1679728080635645,0.057824445643935886,200.0,0.0789,0.5356497092899943,1,3,40,0.2,1.5,Poland
Portugal,25932.933700526002,10457295.0,,,0.165,0.14116910000000002,0.3317234000000001,0.999,0.266285432111455,0.56606269,0.45483133,0.8663572839442726,0.2,0.6000000000000001,0.7333333333333333,0.8,0.48333333333333334,0.19024226740462855,72.8,0.015202721661080415,0.1679728080635645,,,,0.1679728080635645,0.015202721661080415,72.8,,0.5356497092899943,1,3,40,0.2,1.5,Portugal
Puerto Rico,33637.5807616376,3615086.0,,,0.141999998092651,,,0.998,,,,,0.2,0.0,0.0,0.0,0.25,,0.5,0.0,0.1679728080635645,,,,0.1679728080635645,0.0,0.5,,0.5356497092899943,1,3,40,0.2,1.5,Puerto Rico
Qatar,127562.19898871801,2168673.0,,0.977395782470703,0.005,0.181152,0.32098259999999995,1.0,0.0844671711099534,,,0.9577664144450232,0.2,0.0,0.0,0.0,0.9,0.3676990449475737,0.5,0.0,0.1679728080635645,,,,0.1679728080635645,0.0,0.5,,0.5356497092899943,1,3,40,0.2,1.5,Qatar
Romania,18184.1097333037,19981358.0,0.0891,0.940499420166016,0.07300000190734861,0.054767480000000014,0.1082912,0.985,0.19685002720841502,0.563182,0.40970500000000004,0.8940749863957924,0.2,0.8,0.6666666666666667,0.8,0.55,0.2677480378213938,50.0,0.07368380748817263,0.1679728080635645,0.45130947139329836,0.39593790942397455,0.43,0.1679728080635645,0.07368380748817263,50.0,0.0891,0.5356497092899943,1,3,40,0.2,1.5,Romania
Russian Federation,23564.2077363646,143499861.0,0.0646,0.96597038269043,0.055999999046325716,0.06942263,0.13612979999999997,0.997,0.4801094733727679,,,0.7584452633136161,0.2,0.0,0.0,0.0,0.5166666666666666,0.3491630039272151,87.1,0.042546421105607364,0.1679728080635645,0.26867284954310333,1.344859188680056,0.23825,0.1679728080635645,0.042546421105607364,87.1,0.0646,0.5356497092899943,1,3,40,0.2,1.5,Russian Federation
Rwanda,1426.36628762623,11776522.0,0.0516,0.347474708557129,0.006000000238418579,0.1784206,0.1783742,0.69,0.183940264981527,0.03711900809696269,0.022847104782541428,0.7530298675092365,0.2,0.8,0.6,0.6,0.35,0.712577817249879,2.2,0.039113916642515366,-0.78,0.6055535085298311,0.04037048935530119,0.6053086419753086,-0.78,0.039113916642515366,2.2,0.0516,0.5356497092899943,1,3,40,0.2,1.5,Rwanda
Samoa,5583.92681868153,190372.0,,0.899505081176758,,,,0.8079999999999999,0.0656773872983242,,,0.8711613063508379,0.2,0.6000000000000001,0.5333333333333333,0.6,0.0,,0.5,,0.1679728080635645,,,,0.1679728080635645,,0.5,,0.5356497092899943,1,3,40,0.2,1.5,Samoa
San Marino,,31448.0,,0.9624559020996091,,,,,0.116356538318648,,,,0.2,0.0,0.0,0.0,0.65,,0.5,0.0,0.1679728080635645,,,,0.1679728080635645,0.0,0.5,,0.5356497092899943,1,3,40,0.2,1.5,San Marino
Sao Tome and Principe,2875.76045630934,192993.0,0.07490000000000001,0.661306304931641,,,,0.8170000000000001,0.5994467855128011,,,0.6087766072435996,0.2,0.0,0.0,0.0,0.0,,,,0.1679728080635645,,,,0.1679728080635645,,,0.07490000000000001,0.5356497092899943,1,3,40,0.2,1.5,Sao Tome and Principe
Saudi Arabia,52067.9660469226,28828870.0,,0.986877212524414,0.0569999980926514,0.1185518,0.2081078,0.97,0.19796877895903894,,,0.8860156105204805,0.2,0.0,0.0,0.0,0.8666666666666667,0.2632153146569506,46.22,0.02425598903839908,0.1679728080635645,,,,0.1679728080635645,0.02425598903839908,46.22,,0.5356497092899943,1,3,40,0.2,1.5,Saudi Arabia
Senegal,2170.07720699017,14133280.0,0.0604,0.6136690902709959,0.103000001907349,0.02342184,0.04644672,0.6509999999999999,0.369216274272355,0.11367795298178585,0.2177170059081968,0.6408918628638225,0.2,0.8,0.8,0.8,0.35,0.22621011201636318,5.17,0.02929216907597723,-0.25,0.6175642831476824,0.020136716438543978,0.617,-0.25,0.02929216907597723,5.17,0.0604,0.5356497092899943,1,3,40,0.2,1.5,Senegal
Serbia,12892.4963006621,7164132.0,0.0837,0.9921752166748052,0.22200000762939495,0.014522389999999996,0.04309804,0.997,0.3790105103930311,0.3637292364118171,0.2908204681208248,0.8089947448034844,0.2,0.4,0.6,0.6,0.36666666666666664,0.2201204533701086,20.46,0.10955615626018066,0.1679728080635645,0.38672243475712625,0.6290753868356762,0.3596296296296297,0.1679728080635645,0.10955615626018066,20.46,0.0837,0.5356497092899943,1,3,40,0.2,1.5,Serbia
Seychelles,23798.762160219303,89173.0,0.0371,0.848789367675781,,,,,0.0294904359654172,,,,0.2,0.8,0.6,0.8,0.35,,0.5,,0.1679728080635645,,,,0.1679728080635645,,0.5,0.0371,0.5356497092899943,1,3,40,0.2,1.5,Seychelles
Sierra Leone,1494.64854833896,6092075.0,0.0781,0.477517204284668,0.032000000476837195,0.04347975,0.2132186,0.597,0.6132256798316089,0.02410150585142099,0.039565497283954115,0.4918871600841955,0.2,0.8,0.7333333333333333,0.6,0.0,0.4068659912801502,1.82,0.051476908048758346,0.69,0.6033592690347247,0.04415400961337035,0.5987500000000001,0.69,0.051476908048758346,1.82,0.0781,0.5356497092899943,1,3,40,0.2,1.5,Sierra Leone
Singapore,76236.7936323961,5399200.0,,0.986768417358398,0.0279999995231628,0.4760371,0.6571514999999999,0.997,0.567898588772673,,,0.7145507056136635,0.2,0.0,0.0,0.0,1.0,0.2468603409884494,2000.0,0.0,0.1679728080635645,,,,0.1679728080635645,0.0,2000.0,,0.5356497092899943,1,3,40,0.2,1.5,Singapore
Sint Maarten (Dutch part),,39689.0,,,,,,,,,,,0.2,0.0,0.0,0.0,0.0,,,,0.1679728080635645,,,,0.1679728080635645,,,,0.5356497092899943,1,3,40,0.2,1.5,Sint Maarten (Dutch part)
Slovak Republic,25758.862634894904,5413393.0,0.0863,0.979527893066406,0.141999998092651,0.29756340000000003,0.4171376,0.992,0.22142428977234,0.43040267,0.389464188,0.88528785511383,0.2,0.0,0.0,0.0,0.7666666666666667,0.30590188604179597,100.0,0.14760856848130152,0.1679728080635645,0.3875484045953775,0.6256033892276134,0.35962962962962974,0.1679728080635645,0.14760856848130152,100.0,0.0863,0.5356497092899943,1,3,40,0.2,1.5,Slovak Republic
Slovenia,27368.1720259118,2059953.0,0.0973,0.9882528686523442,0.101999998092651,0.200224,0.3523933,0.999,0.121088099465257,0.62540764,0.33581189,0.9389559502673716,0.2,1.0,0.0,0.8,0.6333333333333333,0.2213378830398852,56.56,0.1094184334155629,0.1679728080635645,0.36820089466237177,0.7110224584806875,0.33379746835443036,0.1679728080635645,0.1094184334155629,56.56,0.0973,0.5356497092899943,1,3,40,0.2,1.5,Slovenia
Small states,9810.822145386679,29461186.0,,0.7209928894042971,0.128472602599092,,,0.7297358681459291,0.267345087113426,,,0.7311953905162516,0.2,0.0,0.0,0.0,0.0,,,,0.1679728080635645,,,,0.1679728080635645,,,,0.5356497092899943,1,3,40,0.2,1.5,Small states
Solomon Islands,2002.59241838617,561231.0,,0.748889083862305,0.0379999995231628,,,0.855,0.0341590836414279,0.05708569558230865,0.06716642587160629,0.910420458179286,0.2,0.6000000000000001,0.5333333333333333,0.4,0.0,,0.5,0.0,0.1679728080635645,,,,0.1679728080635645,0.0,0.5,,0.5356497092899943,1,3,40,0.2,1.5,Solomon Islands
Somalia,,10495583.0,,,0.06900000095367427,,,0.33,,,,,0.2,0.0,0.0,0.0,0.0,,1.78,0.15962772382567636,0.1679728080635645,,,,0.1679728080635645,0.15962772382567636,1.78,,0.5356497092899943,1,3,40,0.2,1.5,Somalia
South Africa,12454.1909220073,53157490.0,0.0245,0.7698593139648441,0.24899999618530305,0.13653189999999998,0.27751079999999995,0.912,0.07106166442007099,0.7327359555846154,0.09087076465545328,0.9204691677899646,0.2,0.0,0.0,0.0,0.5833333333333334,0.41221819094326817,100.0,0.01739097661390025,0.1679728080635645,0.5572282592369119,0.1305959264570402,0.5549999999999998,0.1679728080635645,0.01739097661390025,100.0,0.0245,0.5356497092899943,1,3,40,0.2,1.5,South Africa
South Asia,4874.64232734339,1670808253.0,,0.6282838821411129,0.038730506780741504,0.09974035,0.1190492,0.499853659426884,0.5786846233563271,,,0.4605845180352785,0.2,0.0,0.0,0.0,0.0,,,,0.1679728080635645,,,,0.1679728080635645,,,,0.5356497092899943,1,3,40,0.2,1.5,South Asia
South Sudan,1964.62314955845,11296173.0,,,,,,0.194,0.5967975041743431,,,0.2986012479128285,0.2,0.0,0.0,0.0,0.0,,2.18,0.1338823012156184,0.1679728080635645,,,,0.1679728080635645,0.1338823012156184,2.18,,0.5356497092899943,1,3,40,0.2,1.5,South Sudan
Spain,31682.6447411771,46617825.0,0.0541,0.971474380493164,0.26600000381469696,0.2691136,0.4078074,1.0,0.227953885337675,0.52520472,0.428425678,0.8860230573311625,0.2,0.0,0.0,0.0,0.6166666666666667,0.18299929671374224,98.21,0.044690329736260935,0.1679728080635645,0.110065184183869,0.008493292616213122,0.11000000000000001,0.1679728080635645,0.044690329736260935,98.21,0.0541,0.5356497092899943,1,3,40,0.2,1.5,Spain
Sri Lanka,9425.73738258594,20483000.0,0.07719999999999999,0.965749130249023,0.041999998092651404,0.21014090000000002,0.32752829999999994,0.986,0.465375452667325,0.08488117518313967,0.08099955002727935,0.7603122736663375,0.2,0.8,0.6666666666666667,0.6,0.36666666666666664,0.33796080258900235,6.42,0.06235160323157399,0.1679728080635645,0.6066332627780204,0.038518720709401544,0.6042500000000002,0.1679728080635645,0.06235160323157399,6.42,0.07719999999999999,0.5356497092899943,1,3,40,0.2,1.5,Sri Lanka
St. Kitts and Nevis,20709.3568900198,54191.0,,0.928223037719727,,,,1.0,0.5734200778076259,,,0.7132899610961869,0.2,0.8,0.33333333333333337,0.6,0.0,0.2419536149217524,0.5,0.0,0.1679728080635645,,,,0.1679728080635645,0.0,0.5,,0.5356497092899943,1,3,40,0.2,1.5,St. Kitts and Nevis
St. Lucia,10151.5326402923,182273.0,,0.895732879638672,,,,0.987,0.4241803566697741,,,0.781409821665113,0.2,0.6000000000000001,0.4666666666666667,0.6,0.0,0.8917745033119631,0.5,0.0,0.1679728080635645,,,,0.1679728080635645,0.0,0.5,,0.5356497092899943,1,3,40,0.2,1.5,St. Lucia
St. Martin (French part),,31264.0,,,,,,,,,,,0.2,0.0,0.0,0.0,0.0,,0.5,,0.1679728080635645,,,,0.1679728080635645,,0.5,,0.5356497092899943,1,3,40,0.2,1.5,St. Martin (French part)
St. Vincent and the Grenadines,10154.083975912901,109373.0,,0.685727462768555,,,,0.992,0.17307692307692302,,,0.9094615384615384,0.2,0.0,0.0,0.0,0.25,0.6344556359052773,0.5,0.0,0.1679728080635645,,,,0.1679728080635645,0.0,0.5,,0.5356497092899943,1,3,40,0.2,1.5,St. Vincent and the Grenadines
Sub-Saharan Africa (all income levels),3342.420867487489,937014346.0,,0.5833250045776371,0.07653099886471021,,,0.486352207954152,0.344903881921973,,,0.5707241630160895,0.2,0.0,0.0,0.0,0.0,,,,0.1679728080635645,,,,0.1679728080635645,,,,0.5356497092899943,1,3,40,0.2,1.5,Sub-Saharan Africa (all income levels)
Sub-Saharan Africa (developing only),3318.55465334129,936257332.0,,0.5832444000244139,0.0765272234404903,0.06513961,0.1951246,0.4861867291823141,0.345806463477358,,,0.570190132852478,0.2,0.0,0.0,0.0,0.0,,,,0.1679728080635645,,,,0.1679728080635645,,,,0.5356497092899943,1,3,40,0.2,1.5,Sub-Saharan Africa (developing only)
Sudan,3264.77297794563,37964306.0,0.0681,0.7986575,0.151999998092651,0.008296447,0.049888190000000006,0.231,0.758166319717374,,,0.23641684014131295,0.2,0.6000000000000001,0.6666666666666667,0.6,0.0,0.9487533644538989,7.79,0.10540888065744397,0.1679728080635645,0.5152255604845489,0.22276542221141038,0.5050000000000001,0.1679728080635645,0.10540888065744397,7.79,0.0681,0.5356497092899943,1,3,40,0.2,1.5,Sudan
Suriname,15555.8427865772,539276.0,,0.9034835815429691,0.07800000190734861,,,0.912,0.14412136536030298,,,0.8839393173198485,0.2,0.0,0.0,0.0,0.4,0.21316813374058083,20.19,0.26623007631717505,0.1679728080635645,,,,0.1679728080635645,0.26623007631717505,20.19,,0.5356497092899943,1,3,40,0.2,1.5,Suriname
Swaziland,6470.88419034393,1249514.0,0.0405,0.673093719482422,0.225,0.09158991,0.2348936,0.82,0.10636439607377698,,,0.8568178019631114,0.2,0.0,0.0,0.0,0.0,0.19038060692098577,6.61,0.022691869071206704,0.13,0.14409482011895822,1.9841461313113915,0.12999999999999998,0.13,0.022691869071206704,6.61,0.0405,0.5356497092899943,1,3,40,0.2,1.5,Swaziland
Sweden,43540.494391932596,9600379.0,0.0952,0.955790405273438,0.0810000038146973,0.5881995,0.6711391999999999,1.0,0.16321608740173402,0.45691392,0.347844955,0.918391956299133,0.2,0.8,0.7333333333333333,0.8,1.0,0.357367643802592,53.62,0.03404651566690384,0.1679728080635645,0.12824926964251512,0.013650996706374263,0.1280246913580247,0.1679728080635645,0.03404651566690384,53.62,0.0952,0.5356497092899943,1,3,40,0.2,1.5,Sweden
Switzerland,54992.722930141914,8087875.0,0.076,,0.0440000009536743,,,1.0,0.258776788961965,0.47970301,0.305041573,0.8706116055190175,0.2,0.8,0.9333333333333333,1.0,1.0,0.28308540003621385,30.0,0.07127524943194104,0.1679728080635645,0.1564454141295883,2.0681628008757236,0.12399999999999999,0.1679728080635645,0.07127524943194104,30.0,0.076,0.5356497092899943,1,3,40,0.2,1.5,Switzerland
Syrian Arab Republic,4959.392523364486,22845550.0,0.0768,0.9316371154785159,0.108000001907349,0.04674114,0.05367074,0.962,0.5393816275425789,0.0449077463751928,0.12255292524153776,0.7113091862287106,0.2,0.6000000000000001,0.6666666666666667,0.6,0.0,0.270750756517352,9.03,0.05528907896355716,0.1679728080635645,0.4030205696939671,0.5631956465110188,0.38,0.1679728080635645,0.05528907896355716,9.03,0.0768,0.5356497092899943,1,3,40,0.2,1.5,Syrian Arab Republic
Tajikistan,2431.65906854526,8207834.0,0.08349999999999999,0.9798800659179692,0.106999998092651,0.0,0.0047790770000000005,0.8740000000000001,0.6011518097910941,,,0.6364240951044531,0.2,0.6000000000000001,0.6,0.6,0.0,0.3854263244630784,2.65,0.07494478340376348,-0.16,0.1258957584575683,1.4226392035502666,0.11271604938271607,-0.16,0.07494478340376348,2.65,0.08349999999999999,0.5356497092899943,1,3,40,0.2,1.5,Tajikistan
Tanzania,2364.7027567607893,49253126.0,0.0739,0.6665309906005861,0.035,0.0399119,0.17232039999999998,0.489,0.332157395899406,0.04670887958789026,0.055755721231879295,0.5784213020502971,0.2,0.6000000000000001,0.6666666666666667,0.6,0.0,0.41320436712274966,1.97,0.01994023261418108,-0.1,0.32628031897220067,0.9308550450867878,0.305,-0.1,0.01994023261418108,1.97,0.0739,0.5356497092899943,1,3,40,0.2,1.5,Tanzania
Thailand,13931.811471326699,67010502.0,0.0676,0.936392364501953,0.00699999988079071,0.35081870000000004,0.47387429999999997,0.996,0.112679239376333,0.29254505240321776,0.5114841293292219,0.9416603803118336,0.2,0.6000000000000001,0.6666666666666667,1.0,0.65,0.24033636299972685,22.49,0.17032805698914133,0.1679728080635645,0.25136886010808135,1.5062770294185137,0.21790123456790111,0.1679728080635645,0.17032805698914133,22.49,0.0676,0.5356497092899943,1,3,40,0.2,1.5,Thailand
Timor-Leste,2039.73507491863,1180069.0,0.0909,0.8355914306640629,0.0440000009536743,,,0.293,0.08214999467951291,0.008066780168074229,0.07302472708200894,0.6054250026602436,0.2,0.6000000000000001,0.4,0.8,0.0,,2.78,0.0070543013612510905,0.1679728080635645,0.12554328891900987,0.03549939721481432,0.12500000000000003,0.1679728080635645,0.0070543013612510905,2.78,0.0909,0.5356497092899943,1,3,40,0.2,1.5,Timor-Leste
Togo,1345.9142762919698,6816982.0,0.0484,0.638565788269043,0.06900000095367427,0.01588689,0.04994747,0.594,0.405344111968626,,0.00048544190249847323,0.594327944015687,0.2,0.6000000000000001,0.6,0.2,0.0,0.3708920312086315,2.21,0.02331605318040952,0.21,0.6241311946407277,0.009403159799840743,0.62375,0.21,0.02331605318040952,2.21,0.0484,0.5356497092899943,1,3,40,0.2,1.5,Togo
Tonga,5134.057037002261,105323.0,,0.9039115142822268,,,,0.98,0.12367095366748,,,0.92816452316626,0.2,0.6000000000000001,0.6,0.6,0.0,,0.5,,0.1679728080635645,,,,0.1679728080635645,,0.5,,0.5356497092899943,1,3,40,0.2,1.5,Tonga
Trinidad and Tobago,29469.3529907208,1341151.0,,0.893873672485352,0.058000001907348615,0.428774,0.4546623,1.0,0.43813752550102003,,,0.78093123724949,0.2,0.6000000000000001,0.6666666666666667,0.8,0.7,1.0787654875020773,0.5,0.0,0.1679728080635645,,,,0.1679728080635645,0.0,0.5,,0.5356497092899943,1,3,40,0.2,1.5,Trinidad and Tobago
Tunisia,10767.6416787227,10886500.0,0.0675,0.9413144683837892,0.133000001907349,,,0.986,0.3531952616822021,,,0.8164023691588991,0.2,0.6000000000000001,0.5333333333333333,0.4,0.4,0.24926564326912068,18.49,0.0404330802674736,0.1679728080635645,0.16986645244091403,2.7087958861043373,0.1292592592592592,0.1679728080635645,0.0404330802674736,18.49,0.0675,0.5356497092899943,1,3,40,0.2,1.5,Tunisia
Turkey,18567.1347101229,74932641.0,0.058,0.9002465057373051,0.1,0.02105567,0.05568721,0.95,0.149821542045561,0.2914336039117214,0.2039548719407596,0.9000892289772195,0.2,0.6000000000000001,0.8,0.8,0.5333333333333333,0.4121669094199699,18.17,0.029053408461022487,0.1679728080635645,0.3243052024390951,0.9426145348942243,0.30135802469135803,0.1679728080635645,0.029053408461022487,18.17,0.058,0.5356497092899943,1,3,40,0.2,1.5,Turkey
Turkmenistan,13554.9311521902,5240072.0,,,0.10600000381469699,0.0,0.001987934,0.995,0.345130099161268,,,0.8249349504193659,0.2,0.0,0.0,0.0,0.0,0.2097792243773684,16.65,0.06339865245365142,0.1679728080635645,,,,0.1679728080635645,0.06339865245365142,16.65,,0.5356497092899943,1,3,40,0.2,1.5,Turkmenistan
Turks and Caicos Islands,,33098.0,,0.44014518737793,,,,1.0,,,,,0.2,0.8,0.7333333333333333,0.6,0.0,,0.5,0.0,0.1679728080635645,,,,0.1679728080635645,0.0,0.5,,0.5356497092899943,1,3,40,0.2,1.5,Turks and Caicos Islands
Tuvalu,3528.22765345742,9876.0,,,,,,0.979,0.0007756964390428392,,,0.9891121517804786,0.2,0.0,0.0,0.0,0.0,,0.5,,0.1679728080635645,,,,0.1679728080635645,,0.5,,0.5356497092899943,1,3,40,0.2,1.5,Tuvalu
Uganda,1620.57693909325,37578876.0,0.0581,0.24837799072265598,0.0379999995231628,0.086366,0.2165355,0.574,0.38394849761063693,0.4820507960439505,0.11868131619167735,0.5950257511946815,0.2,0.0,0.0,0.0,0.33333333333333337,0.5735745521051661,1.5,0.005528611190306575,0.65,0.2733432000734707,1.3047948506883111,0.22999999999999998,0.65,0.005528611190306575,1.5,0.0581,0.5356497092899943,1,3,40,0.2,1.5,Uganda
Ukraine,8508.01478731021,45489600.0,0.1021,0.993542861938477,0.0790000009536743,0.014264940000000004,0.08083077000000001,0.99,0.4280769239430471,0.4945787511353011,0.3007949956438002,0.7809615380284765,0.2,0.0,0.0,0.0,0.06666666666666667,0.2458541924399426,9.34,0.03942413210103664,0.1679728080635645,0.4080230032644683,0.5440305937644718,0.37725000000000003,0.1679728080635645,0.03942413210103664,9.34,0.1021,0.5356497092899943,1,3,40,0.2,1.5,Ukraine
United Arab Emirates,57044.577654875895,9346129.0,,0.919590072631836,0.0379999995231628,0.13683370000000006,0.2298127,1.0,0.18769839520512802,,,0.906150802397436,0.2,0.0,0.0,0.0,0.9,,35.03,0.005275170673192804,0.1679728080635645,,,,0.1679728080635645,0.005275170673192804,35.03,,0.5356497092899943,1,3,40,0.2,1.5,United Arab Emirates
United Kingdom,36931.4742257195,64106779.0,0.0577,0.998382568359375,0.075,0.4119409000000001,0.49589160000000004,1.0,0.092887860292756,0.68410164,0.41424028799999996,0.953556069853622,0.2,1.0,0.8,0.8,0.9666666666666667,0.30312817474804055,225.69,0.03970236878830578,0.1679728080635645,0.12816191129910784,0.01434192641370946,0.1280246913580247,0.1679728080635645,0.03970236878830578,225.69,0.0577,0.5356497092899943,1,3,40,0.2,1.5,United Kingdom
United States,51340.4876279117,316128839.0,0.047,0.998382568359375,0.07400000095367429,0.33614190000000005,0.6209439999999999,0.993,0.118166648737415,0.63,0.09,0.9374166756312924,0.2,0.8,0.7333333333333333,0.8,0.9833333333333333,0.3187368533465751,460.2,0.03695696893703195,0.1679728080635645,0.1349934069365105,0.8889811420192579,0.1277777777777778,0.1679728080635645,0.03695696893703195,460.2,0.047,0.5356497092899943,1,3,40,0.2,1.5,United States
Upper middle income,13187.342261841799,2408931176.0,,0.857615280151367,0.0585163816991614,0.1369391,0.32636609999999994,0.981275056264934,0.317831159708413,,,0.8317219482782605,0.2,0.0,0.0,0.0,0.0,,,,0.1679728080635645,,,,0.1679728080635645,,,,0.5356497092899943,1,3,40,0.2,1.5,Upper middle income
Uruguay,18965.8165353822,3407062.0,0.052300000000000006,0.9474363708496091,0.06599999904632571,0.01661895,0.08380116000000001,0.995,0.169927431180821,0.23173998070470125,0.2115162775501324,0.9125362844095894,0.2,0.6000000000000001,0.6666666666666667,0.6,0.5666666666666667,0.29188665397068997,46.9,0.017541884117561222,0.1679728080635645,0.3254879909647213,0.935555281571921,0.30499999999999994,0.1679728080635645,0.017541884117561222,46.9,0.052300000000000006,0.5356497092899943,1,3,40,0.2,1.5,Uruguay
Uzbekistan,5002.14912007417,30243200.0,0.07440000000000001,0.980783233642578,0.106999998092651,0.006892152,0.009112436,0.999,0.46095869979421705,,,0.7690206501028916,0.2,0.0,0.0,0.0,0.0,0.730183656731034,8.2,0.04642191618416965,0.1679728080635645,0.129877560613809,1.348365634206187,0.11271604938271607,0.1679728080635645,0.04642191618416965,8.2,0.07440000000000001,0.5356497092899943,1,3,40,0.2,1.5,Uzbekistan
Vanuatu,2894.9734613373,252763.0,,0.714520111083984,,,,0.894,0.07174706937212573,,,0.9111264653139372,0.2,0.6000000000000001,0.4666666666666667,0.4,0.0,,0.5,0.0,0.1679728080635645,,,,0.1679728080635645,0.0,0.5,,0.5356497092899943,1,3,40,0.2,1.5,Vanuatu
"Venezuela, RB",17614.5982099448,30405207.0,0.0422,0.951233291625977,0.075,0.06972021,0.1806533,0.957,0.688319225588857,,,0.6343403872055715,0.2,0.0,0.0,0.0,0.13333333333333333,0.3131698078545005,15.73,0.03348260034475498,0.1679728080635645,0.6003430459529463,0.04940001262108096,0.59875,0.1679728080635645,0.03348260034475498,15.73,0.0422,0.5356497092899943,1,3,40,0.2,1.5,"Venezuela, RB"
Vietnam,5124.60351980227,89708900.0,0.0703,0.9449783325195308,0.02,0.03995232,0.10271140000000001,0.929,0.4940927494442329,0.2442000471920311,0.2475653833673597,0.7174536252778836,0.2,0.8,0.5333333333333333,0.8,0.38333333333333336,0.2697045509948559,17.58,0.21090055076081826,0.1679728080635645,0.12542203556415452,0.036500479483159154,0.125,0.1679728080635645,0.21090055076081826,17.58,0.0703,0.5356497092899943,1,3,40,0.2,1.5,Vietnam
Virgin Islands (U.S.),,104737.0,,,,,,0.985,,,,,0.2,0.0,0.0,0.0,0.0,,0.5,0.0,0.1679728080635645,,,,0.1679728080635645,0.0,0.5,,0.5356497092899943,1,3,40,0.2,1.5,Virgin Islands (U.S.)
West Bank and Gaza,4484.4337874114,4169506.0,0.0771,0.9647193908691409,0.23399999618530298,0.005302937,0.08667673,0.99,,0.014591079566173278,0.0017812070065324113,,0.2,0.2,0.4666666666666667,0.2,0.0,,,,0.1679728080635645,,,,0.1679728080635645,,,0.0771,0.5356497092899943,1,3,40,0.2,1.5,West Bank and Gaza
World,13960.630059871799,7125096708.0,,0.744925765991211,0.0596906165139148,0.15994450000000002,0.2722361,0.6851132152558149,0.18575142273835998,,,0.7496808962587276,0.2,0.0,0.0,0.0,0.0,,,,0.1679728080635645,,,,0.1679728080635645,,,,0.5356497092899943,1,3,40,0.2,1.5,World
"Yemen, Rep.",3832.28473991896,24407381.0,0.0784,0.5949760818481451,0.173999996185303,0.0,0.016879240000000004,0.35700000000000004,0.740566725662277,0.10970581006083203,0.07832728932803425,0.3082166371688615,0.2,0.2,0.26666666666666666,0.2,0.0,0.2191314756601725,6.43,0.01983274670164713,0.1679728080635645,0.13,0.0,0.13,0.1679728080635645,0.01983274670164713,6.43,0.0784,0.5356497092899943,1,3,40,0.2,1.5,"Yemen, Rep."
Zambia,3799.54043558048,14538640.0,0.0358,0.5548900985717771,0.133000001907349,0.02737125,0.17678870000000002,0.465,0.27809090315279195,0.14486472615327964,0.1068065684921182,0.593454548423604,0.2,0.8,0.8666666666666666,0.8,0.33333333333333337,0.425750249346411,6.53,0.01859221189872716,0.68,0.32771747847006727,0.9223875483880921,0.30500000000000005,0.68,0.01859221189872716,6.53,0.0358,0.5356497092899943,1,3,40,0.2,1.5,Zambia
Zimbabwe,1773.31322559935,14149648.0,,0.6207205963134771,0.054000000953674285,0.1045292,0.2183384,0.662,,,,,0.2,0.0,0.0,0.0,0.0,19.14376169472781,1.99,0.011029259046778116,-1.0,,,,-1.0,0.011029259046778116,1.99,,0.5356497092899943,1,3,40,0.2,1.5,Zimbabwe
