country,H,T_rebuild_K,T_rebuild_L,alpha,avg_prod_k,axfin_p,axfin_r,axhealth,bashs,fa,faref,finance_pre,gdp_pc_pp,income_elast,ophe,original_country,pe,peref,pi,plgp,pop,pov_head,prepare_scaleup,protection,protectionref,pv,rating,share1,share1_ref,shew,social_p,social_r,unemp,v,v_s
Albania $(\eta=1)$,0.5356497092899943,3.0,40.0,1.0,0.1852799860314327,0.07585278999999999,0.092387,0.7391767261918375,0.993,0.07367993943126039,0.07367993943126039,0.0,9960.94072581355,1.0,0.514646547616325,Albania,-0.1,-0.1,0.2,0.986670379638672,2897366.0,0.2,0.0,15.54,15.54,0.8631758210676417,0.325,0.0885,0.0885,0.0,0.2629495641629598,0.17935972626416474,0.16,0.3381323398878136,0.31325
Albania $(\eta=2)$,0.5356497092899943,3.0,40.0,1.0,0.1852799860314327,0.07585278999999999,0.092387,0.7391767261918375,0.993,0.07367993943126039,0.07367993943126039,0.0,9960.94072581355,2.0,0.514646547616325,Albania,-0.1,-0.1,0.2,0.986670379638672,2897366.0,0.2,0.0,15.54,15.54,0.8631758210676417,0.325,0.0885,0.0885,0.0,0.2629495641629598,0.17935972626416474,0.16,0.3381323398878136,0.31325
Argentina $(\eta=1)$,0.5356497092899943,3.0,40.0,1.0,0.2695495148851759,0.004365798,0.06037133,0.8855042727446295,0.982,0.07205781664084926,0.07205781664084926,0.4,18087.196261682242,1.0,0.210991454510741,Argentina,0.1679728080635645,0.1679728080635645,0.2,0.970972366333008,41446246.0,0.2,0.6666666666666667,64.41,64.41,0.9506637620516674,0.06666666666666667,0.0458,0.0458,0.8,0.2001534455359978,0.14264750646937888,0.075,0.3229669880868547,0.30499999999999994
Argentina $(\eta=2)$,0.5356497092899943,3.0,40.0,1.0,0.2695495148851759,0.004365798,0.06037133,0.8855042727446295,0.982,0.07205781664084926,0.07205781664084926,0.4,18087.196261682242,2.0,0.210991454510741,Argentina,0.1679728080635645,0.1679728080635645,0.2,0.970972366333008,41446246.0,0.2,0.6666666666666667,64.41,64.41,0.9506637620516674,0.06666666666666667,0.0458,0.0458,0.8,0.2001534455359978,0.14264750646937888,0.075,0.3229669880868547,0.30499999999999994
Armenia $(\eta=1)$,0.5356497092899943,3.0,40.0,1.0,0.3666957212217474,0.001895716,0.01239363,0.7240264378021859,0.995,0.03800051942626459,0.03800051942626459,0.4,7526.83641911287,1.0,0.546947124395628,Armenia,0.1679728080635645,0.1679728080635645,0.2,0.9561711120605472,2976566.0,0.2,0.4,11.46,11.46,0.04496857560126166,0.375,0.0877,0.0877,0.4,0.5050600974072442,0.2457265032536369,0.16200000762939498,0.1244056549023014,0.12375
Armenia $(\eta=2)$,0.5356497092899943,3.0,40.0,1.0,0.3666957212217474,0.001895716,0.01239363,0.7240264378021859,0.995,0.03800051942626459,0.03800051942626459,0.4,7526.83641911287,2.0,0.546947124395628,Armenia,0.1679728080635645,0.1679728080635645,0.2,0.9561711120605472,2976566.0,0.2,0.4,11.46,11.46,0.04496857560126166,0.375,0.0877,0.0877,0.4,0.5050600974072442,0.2457265032536369,0.16200000762939498,0.1244056549023014,0.12375
Australia $(\eta=1)$,0.5356497092899943,3.0,40.0,1.0,0.27360239086009513,0.5201536,0.6854684,0.9029142551356216,1.0,0.04109036778223482,0.04109036778223482,0.8,42834.0167597384,1.0,0.194171489728757,Australia,0.1679728080635645,0.1679728080635645,0.2,0.998382568359375,23129300.0,0.2,0.8,100.0,100.0,0.4097699483282957,1.0,0.0703,0.0703,1.0,0.578,0.126,0.0569999980926514,0.4468814225661808,0.43000000000000005
Australia $(\eta=2)$,0.5356497092899943,3.0,40.0,1.0,0.27360239086009513,0.5201536,0.6854684,0.9029142551356216,1.0,0.04109036778223482,0.04109036778223482,0.8,42834.0167597384,2.0,0.194171489728757,Australia,0.1679728080635645,0.1679728080635645,0.2,0.998382568359375,23129300.0,0.2,0.8,100.0,100.0,0.4097699483282957,1.0,0.0703,0.0703,1.0,0.578,0.126,0.0569999980926514,0.4468814225661808,0.43000000000000005
Austria $(\eta=1)$,0.5356497092899943,3.0,40.0,1.0,0.23227851820729004,0.4380794,0.5678905000000001,0.920967862021852,1.0,0.07921920515759366,0.07921920515759366,0.0,44056.254416802,1.0,0.158064275956296,Austria,0.1679728080635645,0.1679728080635645,0.2,0.9973828125,8479823.0,0.2,0.0,600.59,600.59,1.9990621756684104,0.9666666666666667,0.08460000000000001,0.08460000000000001,0.0,0.51716638,0.40816435,0.0490000009536743,0.16005003293838715,0.12400000000000001
Austria $(\eta=2)$,0.5356497092899943,3.0,40.0,1.0,0.23227851820729004,0.4380794,0.5678905000000001,0.920967862021852,1.0,0.07921920515759366,0.07921920515759366,0.0,44056.254416802,2.0,0.158064275956296,Austria,0.1679728080635645,0.1679728080635645,0.2,0.9973828125,8479823.0,0.2,0.0,600.59,600.59,1.9990621756684104,0.9666666666666667,0.08460000000000001,0.08460000000000001,0.0,0.51716638,0.40816435,0.0490000009536743,0.16005003293838715,0.12400000000000001
Azerbaijan $(\eta=1)$,0.5356497092899943,3.0,40.0,1.0,0.5982212831852317,0.001134416,0.024682880000000004,0.6417038232275379,0.994,0.05712771561032616,0.05712771561032616,0.0,16593.1887600482,1.0,0.7105923535449241,Azerbaijan,0.1679728080635645,0.1679728080635645,0.2,0.9818643188476558,9416801.0,0.2,0.0,13.95,13.95,0.04536358970665266,0.55,0.08130000000000001,0.08130000000000001,0.0,0.8571289621356334,0.38777251599754,0.055,0.12435864543214126,0.12375
Azerbaijan $(\eta=2)$,0.5356497092899943,3.0,40.0,1.0,0.5982212831852317,0.001134416,0.024682880000000004,0.6417038232275379,0.994,0.05712771561032616,0.05712771561032616,0.0,16593.1887600482,2.0,0.7105923535449241,Azerbaijan,0.1679728080635645,0.1679728080635645,0.2,0.9818643188476558,9416801.0,0.2,0.0,13.95,13.95,0.04536358970665266,0.55,0.08130000000000001,0.08130000000000001,0.0,0.8571289621356334,0.38777251599754,0.055,0.12435864543214126,0.12375
Bangladesh $(\eta=1)$,0.5356497092899943,3.0,40.0,1.0,0.2897089076246591,0.1456589,0.1823108,0.37085621553758746,0.344,0.22001199985389425,0.22001199985389425,0.8,2853.4477401556605,1.0,0.6022875689248249,Bangladesh,0.02,0.02,0.2,0.6620095825195311,156594962.0,0.2,0.6666666666666667,50.0,50.0,0.6579914309428205,0.4,0.0888,0.0888,0.8,0.056762952438716034,0.0553770944413467,0.0430000019073486,0.37997783839072624,0.35500000000000004
Bangladesh $(\eta=2)$,0.5356497092899943,3.0,40.0,1.0,0.2897089076246591,0.1456589,0.1823108,0.37085621553758746,0.344,0.22001199985389425,0.22001199985389425,0.8,2853.4477401556605,2.0,0.6022875689248249,Bangladesh,0.02,0.02,0.2,0.6620095825195311,156594962.0,0.2,0.6666666666666667,50.0,50.0,0.6579914309428205,0.4,0.0888,0.0888,0.8,0.056762952438716034,0.0553770944413467,0.0430000019073486,0.37997783839072624,0.35500000000000004
Belarus $(\eta=1)$,0.5356497092899943,3.0,40.0,1.0,0.38644453675382373,0.04172604,0.08594028,0.8407184956452355,1.0,0.03563503796859986,0.03563503796859986,0.8,17054.5583344525,1.0,0.31856300870952897,Belarus,0.1679728080635645,0.1679728080635645,0.2,0.986681365966797,9466000.0,0.2,0.7333333333333333,14.45,14.45,1.4034785973975206,0.25,0.0937,0.0937,0.8,0.4917469369193375,0.3101703987921827,0.058000001907348615,0.26212007907295787,0.21574999999999983
Belarus $(\eta=2)$,0.5356497092899943,3.0,40.0,1.0,0.38644453675382373,0.04172604,0.08594028,0.8407184956452355,1.0,0.03563503796859986,0.03563503796859986,0.8,17054.5583344525,2.0,0.31856300870952897,Belarus,0.1679728080635645,0.1679728080635645,0.2,0.986681365966797,9466000.0,0.2,0.7333333333333333,14.45,14.45,1.4034785973975206,0.25,0.0937,0.0937,0.8,0.4917469369193375,0.3101703987921827,0.058000001907348615,0.26212007907295787,0.21574999999999983
Belgium $(\eta=1)$,0.5356497092899943,3.0,40.0,1.0,0.21669151743746679,0.43803739999999997,0.4174232,0.9004417114358291,1.0,0.10099202257790048,0.10099202257790048,0.0,40608.9720093428,1.0,0.199116577128342,Belgium,0.1679728080635645,0.1679728080635645,0.2,0.865133590698242,11182817.0,0.2,0.0,213.02,213.02,1.2404150132868863,0.8833333333333333,0.08349999999999999,0.08349999999999999,0.0,0.65117317,0.402522585,0.0839999961853027,0.14729413882826148,0.12699999999999997
Belgium $(\eta=2)$,0.5356497092899943,3.0,40.0,1.0,0.21669151743746679,0.43803739999999997,0.4174232,0.9004417114358291,1.0,0.10099202257790048,0.10099202257790048,0.0,40608.9720093428,2.0,0.199116577128342,Belgium,0.1679728080635645,0.1679728080635645,0.2,0.865133590698242,11182817.0,0.2,0.0,213.02,213.02,1.2404150132868863,0.8833333333333333,0.08349999999999999,0.08349999999999999,0.0,0.65117317,0.402522585,0.0839999961853027,0.14729413882826148,0.12699999999999997
Benin $(\eta=1)$,0.5356497092899943,3.0,40.0,1.0,0.3302533219458435,0.01619615,0.10625530000000001,0.7001817474953941,0.809,0.043864808492979766,0.043864808492979766,0.0,1733.30939936435,1.0,0.40863650500921206,Benin,0.84,0.84,0.2,0.532349014282227,10323474.0,0.2,0.0,6.35,6.35,0.044980954733736755,0.0,0.0614,0.0614,0.0,0.04725879624981513,0.07452986615849086,0.01,0.6028818009994501,0.5987500000000001
Benin $(\eta=2)$,0.5356497092899943,3.0,40.0,1.0,0.3302533219458435,0.01619615,0.10625530000000001,0.7001817474953941,0.809,0.043864808492979766,0.043864808492979766,0.0,1733.30939936435,2.0,0.40863650500921206,Benin,0.84,0.84,0.2,0.532349014282227,10323474.0,0.2,0.0,6.35,6.35,0.044980954733736755,0.0,0.0614,0.0614,0.0,0.04725879624981513,0.07452986615849086,0.01,0.6028818009994501,0.5987500000000001
Bolivia $(\eta=1)$,0.5356497092899943,3.0,40.0,1.0,0.4218342004210295,0.08907469000000001,0.2258028,0.8211336408521726,0.8404,0.04648689477305887,0.04648689477305887,0.4,5934.38797771874,1.0,0.19813271829565496,Bolivia,-0.08,-0.08,0.2,0.9673081970214841,10671200.0,0.2,0.5333333333333333,6.7,6.7,1.478932830509399,0.41666666666666663,0.0332,0.0332,0.6000000000000001,0.3472089336125369,0.2268693312429084,0.025999999046325696,0.2541416178148484,0.24250000000000005
Bolivia $(\eta=2)$,0.5356497092899943,3.0,40.0,1.0,0.4218342004210295,0.08907469000000001,0.2258028,0.8211336408521726,0.8404,0.04648689477305887,0.04648689477305887,0.4,5934.38797771874,2.0,0.19813271829565496,Bolivia,-0.08,-0.08,0.2,0.9673081970214841,10671200.0,0.2,0.5333333333333333,6.7,6.7,1.478932830509399,0.41666666666666663,0.0332,0.0332,0.6000000000000001,0.3472089336125369,0.2268693312429084,0.025999999046325696,0.2541416178148484,0.24250000000000005
Bosnia and Herzegovina $(\eta=1)$,0.5356497092899943,3.0,40.0,1.0,0.32393223235700314,0.03455922,0.07855196,0.8543204555727991,0.999,0.13678412833995238,0.13678412833995238,0.0,9387.35003138015,1.0,0.290359088854402,Bosnia and Herzegovina,0.1679728080635645,0.1679728080635645,0.2,0.8277214813232421,3829307.0,0.2,0.0,18.78,18.78,0.6412397958918246,0.275,0.0747,0.0747,0.0,0.21952171315065594,0.12545992207249582,0.28399999618530297,0.3838561565329749,0.3596296296296296
Bosnia and Herzegovina $(\eta=2)$,0.5356497092899943,3.0,40.0,1.0,0.32393223235700314,0.03455922,0.07855196,0.8543204555727991,0.999,0.13678412833995238,0.13678412833995238,0.0,9387.35003138015,2.0,0.290359088854402,Bosnia and Herzegovina,0.1679728080635645,0.1679728080635645,0.2,0.8277214813232421,3829307.0,0.2,0.0,18.78,18.78,0.6412397958918246,0.275,0.0747,0.0747,0.0,0.21952171315065594,0.12545992207249582,0.28399999618530297,0.3838561565329749,0.3596296296296296
Botswana $(\eta=1)$,0.5356497092899943,3.0,40.0,1.0,0.2811780767140953,0.08854125,0.21644989999999997,0.945828151143915,0.946,0.034952582599130165,0.034952582599130165,1.0,15246.6087973119,1.0,0.054343697712170014,Botswana,0.1679728080635645,0.1679728080635645,0.2,0.929721221923828,2021144.0,0.2,0.7333333333333333,16.67,16.67,0.1298811520119274,0.725,0.0284,0.0284,1.0,0.2327888197915706,0.04377653874540727,0.183999996185303,0.5575807675685076,0.5549999999999998
Botswana $(\eta=2)$,0.5356497092899943,3.0,40.0,1.0,0.2811780767140953,0.08854125,0.21644989999999997,0.945828151143915,0.946,0.034952582599130165,0.034952582599130165,1.0,15246.6087973119,2.0,0.054343697712170014,Botswana,0.1679728080635645,0.1679728080635645,0.2,0.929721221923828,2021144.0,0.2,0.7333333333333333,16.67,16.67,0.1298811520119274,0.725,0.0284,0.0284,1.0,0.2327888197915706,0.04377653874540727,0.183999996185303,0.5575807675685076,0.5549999999999998
Brazil $(\eta=1)$,0.5356497092899943,3.0,40.0,1.0,0.265575010187584,0.0636212,0.1296786,0.8405937918244211,0.9808,0.049661979062635815,0.049661979062635815,0.6,14555.0821953115,1.0,0.29961241635115804,Brazil,0.1679728080635645,0.1679728080635645,0.2,0.806246566772461,200361925.0,0.2,0.8666666666666666,22.17,22.17,0.10513894596849283,0.5833333333333334,0.0339,0.0339,0.2,0.22567230651126025,0.2056113132070956,0.05900000095367429,0.5700640650645944,0.5675
Brazil $(\eta=2)$,0.5356497092899943,3.0,40.0,1.0,0.265575010187584,0.0636212,0.1296786,0.8405937918244211,0.9808,0.049661979062635815,0.049661979062635815,0.6,14555.0821953115,2.0,0.29961241635115804,Brazil,0.1679728080635645,0.1679728080635645,0.2,0.806246566772461,200361925.0,0.2,0.8666666666666666,22.17,22.17,0.10513894596849283,0.5833333333333334,0.0339,0.0339,0.2,0.22567230651126025,0.2056113132070956,0.05900000095367429,0.5700640650645944,0.5675
Bulgaria $(\eta=1)$,0.5356497092899943,3.0,40.0,1.0,0.3230784715072762,0.01463466,0.07025403,0.7993348992788739,0.995,0.0406646206660324,0.0406646206660324,0.8,15695.0177942759,1.0,0.396330201442252,Bulgaria,0.1679728080635645,0.1679728080635645,0.2,0.969386520385742,7265115.0,0.2,0.6666666666666667,28.32,28.32,0.6038452156639729,0.55,0.0641,0.0641,0.8,0.66309464,0.404462695,0.128999996185303,0.3928059851705749,0.37300000000000005
Bulgaria $(\eta=2)$,0.5356497092899943,3.0,40.0,1.0,0.3230784715072762,0.01463466,0.07025403,0.7993348992788739,0.995,0.0406646206660324,0.0406646206660324,0.8,15695.0177942759,2.0,0.396330201442252,Bulgaria,0.1679728080635645,0.1679728080635645,0.2,0.969386520385742,7265115.0,0.2,0.6666666666666667,28.32,28.32,0.6038452156639729,0.55,0.0641,0.0641,0.8,0.66309464,0.404462695,0.128999996185303,0.3928059851705749,0.37300000000000005
Burkina Faso $(\eta=1)$,0.5356497092899943,3.0,40.0,1.0,0.40566509188102295,0.0373907,0.1070983,0.6633281224304015,0.659,0.011201136451543192,0.011201136451543192,0.8,1630.4444967271695,1.0,0.33234375513919706,Burkina Faso,-0.3,-0.3,0.2,0.6907449340820311,16934839.0,0.2,0.8,1.9,1.9,0.04973709908652291,0.25,0.0672,0.0672,0.6000000000000001,0.4946753901560933,0.3235166050780195,0.030999999046325694,0.6001502667174701,0.59875
Burkina Faso $(\eta=2)$,0.5356497092899943,3.0,40.0,1.0,0.40566509188102295,0.0373907,0.1070983,0.6633281224304015,0.659,0.011201136451543192,0.011201136451543192,0.8,1630.4444967271695,2.0,0.33234375513919706,Burkina Faso,-0.3,-0.3,0.2,0.6907449340820311,16934839.0,0.2,0.8,1.9,1.9,0.04973709908652291,0.25,0.0672,0.0672,0.6000000000000001,0.4946753901560933,0.3235166050780195,0.030999999046325694,0.6001502667174701,0.59875
Cambodia $(\eta=1)$,0.5356497092899943,3.0,40.0,1.0,0.45929444965397004,0.002184594,0.0120755,0.57130100439808,0.74,0.1597953949501889,0.1597953949501889,0.0,2943.52466835185,1.0,0.59739799120384,Cambodia,-0.25,-0.25,0.2,0.642295989990234,15135169.0,0.2,0.0,5.29,5.29,1.5739206678138076,0.3,0.08990000000000001,0.08990000000000001,0.0,0.02478883990859972,0.028243106138826062,0.0030000001192092896,0.24476278848761043,0.2179012345679012
Cambodia $(\eta=2)$,0.5356497092899943,3.0,40.0,1.0,0.45929444965397004,0.002184594,0.0120755,0.57130100439808,0.74,0.1597953949501889,0.1597953949501889,0.0,2943.52466835185,2.0,0.59739799120384,Cambodia,-0.25,-0.25,0.2,0.642295989990234,15135169.0,0.2,0.0,5.29,5.29,1.5739206678138076,0.3,0.08990000000000001,0.08990000000000001,0.0,0.02478883990859972,0.028243106138826062,0.0030000001192092896,0.24476278848761043,0.2179012345679012
Cameroon $(\eta=1)$,0.5356497092899943,3.0,40.0,1.0,0.41973757460294764,0.09631175,0.1015309,0.5105816275800514,0.636,0.03702171514027235,0.03702171514027235,0.0,2739.34394480018,1.0,0.6148367448398971,Cameroon,0.38,0.38,0.2,0.6975482177734379,22253959.0,0.2,0.0,6.73,6.73,2.2680720591950805,0.3,0.0635,0.0635,0.0,0.149924286778418,0.029862131888120688,0.04,0.16982489674254475,0.13
Cameroon $(\eta=2)$,0.5356497092899943,3.0,40.0,1.0,0.41973757460294764,0.09631175,0.1015309,0.5105816275800514,0.636,0.03702171514027235,0.03702171514027235,0.0,2739.34394480018,2.0,0.6148367448398971,Cameroon,0.38,0.38,0.2,0.6975482177734379,22253959.0,0.2,0.0,6.73,6.73,2.2680720591950805,0.3,0.0635,0.0635,0.0,0.149924286778418,0.029862131888120688,0.04,0.16982489674254475,0.13
Canada $(\eta=1)$,0.5356497092899943,3.0,40.0,1.0,0.3354838938558465,0.3688955,0.6416324999999999,0.9243911986027191,1.0,0.03686313445856925,0.03686313445856925,0.6,41898.8823594636,1.0,0.15121760279456198,Canada,0.1679728080635645,0.1679728080635645,0.2,0.998382568359375,35154279.0,0.2,0.8666666666666666,84.08,84.08,0.8395411375641271,1.0,0.071,0.071,0.8,0.631,0.14,0.07099999904632573,0.13862152620172682,0.1277777777777778
Canada $(\eta=2)$,0.5356497092899943,3.0,40.0,1.0,0.3354838938558465,0.3688955,0.6416324999999999,0.9243911986027191,1.0,0.03686313445856925,0.03686313445856925,0.6,41898.8823594636,2.0,0.15121760279456198,Canada,0.1679728080635645,0.1679728080635645,0.2,0.998382568359375,35154279.0,0.2,0.8666666666666666,84.08,84.08,0.8395411375641271,1.0,0.071,0.071,0.8,0.631,0.14,0.07099999904632573,0.13862152620172682,0.1277777777777778
Colombia $(\eta=1)$,0.5356497092899943,3.0,40.0,1.0,0.2797792564799715,0.02795298,0.1365075,0.9256254004451591,0.9905,0.03419750354611952,0.03419750354611952,0.8,12025.385371844199,1.0,0.139249199109682,Colombia,1.19,1.19,0.2,0.8471189117431641,48321405.0,0.2,0.7333333333333333,19.71,19.71,1.274835560047963,0.6,0.033,0.033,0.8,0.12269429867232788,0.08732756485972662,0.105,0.27694309472932493,0.23938271604938266
Colombia $(\eta=2)$,0.5356497092899943,3.0,40.0,1.0,0.2797792564799715,0.02795298,0.1365075,0.9256254004451591,0.9905,0.03419750354611952,0.03419750354611952,0.8,12025.385371844199,2.0,0.139249199109682,Colombia,1.19,1.19,0.2,0.8471189117431641,48321405.0,0.2,0.7333333333333333,19.71,19.71,1.274835560047963,0.6,0.033,0.033,0.8,0.12269429867232788,0.08732756485972662,0.105,0.27694309472932493,0.23938271604938266
"Congo, Dem. Rep. $(\eta=1)$",0.5356497092899943,3.0,40.0,1.0,0.23705600185809048,0.008708673000000002,0.01915755,0.7369766046686604,0.8009999999999999,0.036329393275439416,0.036329393275439416,0.0,783.259253578526,1.0,0.32704679066267894,"Congo, Dem. Rep.",-0.09,-0.09,0.2,0.7072544860839841,67513677.0,0.2,0.0,2.04,2.04,0.23258230992116702,0.25,0.0547,0.0547,0.0,0.012981287634021592,0.030175238221482683,0.08,0.5111220524009413,0.5050000000000002
"Congo, Dem. Rep. $(\eta=2)$",0.5356497092899943,3.0,40.0,1.0,0.23705600185809048,0.008708673000000002,0.01915755,0.7369766046686604,0.8009999999999999,0.036329393275439416,0.036329393275439416,0.0,783.259253578526,2.0,0.32704679066267894,"Congo, Dem. Rep.",-0.09,-0.09,0.2,0.7072544860839841,67513677.0,0.2,0.0,2.04,2.04,0.23258230992116702,0.25,0.0547,0.0547,0.0,0.012981287634021592,0.030175238221482683,0.08,0.5111220524009413,0.5050000000000002
"Congo, Rep. $(\eta=1)$",0.5356497092899943,3.0,40.0,1.0,0.37275342390232385,0.017709810000000003,0.08744304,0.8542364258822975,0.925,0.0348527324926088,0.0348527324926088,0.0,5680.2299827443285,1.0,0.21652714823540506,"Congo, Rep.",0.1679728080635645,0.1679728080635645,0.2,0.7029091644287111,4447632.0,0.2,0.0,3.43,3.43,2.4968341791012727,0.35,0.0561,0.0561,0.0,0.1719690500661691,0.1521444160488617,0.065,0.15871498949448087,0.13000000000000003
"Congo, Rep. $(\eta=2)$",0.5356497092899943,3.0,40.0,1.0,0.37275342390232385,0.017709810000000003,0.08744304,0.8542364258822975,0.925,0.0348527324926088,0.0348527324926088,0.0,5680.2299827443285,2.0,0.21652714823540506,"Congo, Rep.",0.1679728080635645,0.1679728080635645,0.2,0.7029091644287111,4447632.0,0.2,0.0,3.43,3.43,2.4968341791012727,0.35,0.0561,0.0561,0.0,0.1719690500661691,0.1521444160488617,0.065,0.15871498949448087,0.13000000000000003
Costa Rica $(\eta=1)$,0.5356497092899943,3.0,40.0,1.0,0.48189675491736383,0.07918306,0.2792255,0.8787732278882769,0.991,0.02002755712618558,0.02002755712618558,1.0,13430.743207071202,1.0,0.233453544223446,Costa Rica,0.1679728080635645,0.1679728080635645,0.2,0.877201766967773,4872166.0,0.2,0.9333333333333333,17.02,17.02,2.516460095766059,0.48333333333333334,0.0421,0.0421,1.0,0.4696688141506717,0.20280860501907427,0.0759999990463257,0.17915744323632224,0.15499999999999994
Costa Rica $(\eta=2)$,0.5356497092899943,3.0,40.0,1.0,0.48189675491736383,0.07918306,0.2792255,0.8787732278882769,0.991,0.02002755712618558,0.02002755712618558,1.0,13430.743207071202,2.0,0.233453544223446,Costa Rica,0.1679728080635645,0.1679728080635645,0.2,0.877201766967773,4872166.0,0.2,0.9333333333333333,17.02,17.02,2.516460095766059,0.48333333333333334,0.0421,0.0421,1.0,0.4696688141506717,0.20280860501907427,0.0759999990463257,0.17915744323632224,0.15499999999999994
Croatia $(\eta=1)$,0.5356497092899943,3.0,40.0,1.0,0.23052247153165525,0.07799293,0.1524273,0.93768535409831,1.0,0.10140820045641144,0.10140820045641144,0.8,20048.9871590995,1.0,0.12462929180338,Croatia,0.1679728080635645,0.1679728080635645,0.2,0.994395370483398,4255700.0,0.2,0.8,179.79,179.79,0.6339137970636073,0.4666666666666666,0.0801,0.0801,0.8,0.549424,0.270493,0.17700000762939497,0.38557725697169964,0.35962962962962963
Croatia $(\eta=2)$,0.5356497092899943,3.0,40.0,1.0,0.23052247153165525,0.07799293,0.1524273,0.93768535409831,1.0,0.10140820045641144,0.10140820045641144,0.8,20048.9871590995,2.0,0.12462929180338,Croatia,0.1679728080635645,0.1679728080635645,0.2,0.994395370483398,4255700.0,0.2,0.8,179.79,179.79,0.6339137970636073,0.4666666666666666,0.0801,0.0801,0.8,0.549424,0.270493,0.17700000762939497,0.38557725697169964,0.35962962962962963
Czech Republic $(\eta=1)$,0.5356497092899943,3.0,40.0,1.0,0.23979983157078164,0.2615189,0.4178777,0.9209612045242804,0.999,0.0690777073710352,0.0690777073710352,1.0,28124.4644802821,1.0,0.157077590951439,Czech Republic,0.1679728080635645,0.1679728080635645,0.2,0.992513885498047,10514272.0,0.2,0.5333333333333333,86.78,86.78,0.614984306578787,0.8166666666666668,0.0933,0.0933,1.0,0.40579885,0.45011736799999996,0.06900000095367427,0.3900966699389196,0.3599999999999998
Czech Republic $(\eta=2)$,0.5356497092899943,3.0,40.0,1.0,0.23979983157078164,0.2615189,0.4178777,0.9209612045242804,0.999,0.0690777073710352,0.0690777073710352,1.0,28124.4644802821,2.0,0.157077590951439,Czech Republic,0.1679728080635645,0.1679728080635645,0.2,0.992513885498047,10514272.0,0.2,0.5333333333333333,86.78,86.78,0.614984306578787,0.8166666666666668,0.0933,0.0933,1.0,0.40579885,0.45011736799999996,0.06900000095367427,0.3900966699389196,0.3599999999999998
Denmark $(\eta=1)$,0.5356497092899943,3.0,40.0,1.0,0.23010606402758518,0.4418965999999999,0.6474435000000001,0.9360383848336016,1.0,0.006072226335407568,0.006072226335407568,0.0,42482.7324552521,1.0,0.127923230332797,Denmark,0.1679728080635645,0.1679728080635645,0.2,0.98886833190918,5614932.0,0.2,0.0,25.74,25.74,0.03548006548636251,1.0,0.0913,0.0913,0.0,0.67680752,0.35351148299999996,0.07,0.12554563272923977,0.12500000000000003
Denmark $(\eta=2)$,0.5356497092899943,3.0,40.0,1.0,0.23010606402758518,0.4418965999999999,0.6474435000000001,0.9360383848336016,1.0,0.006072226335407568,0.006072226335407568,0.0,42482.7324552521,2.0,0.127923230332797,Denmark,0.1679728080635645,0.1679728080635645,0.2,0.98886833190918,5614932.0,0.2,0.0,25.74,25.74,0.03548006548636251,1.0,0.0913,0.0913,0.0,0.67680752,0.35351148299999996,0.07,0.12554563272923977,0.12500000000000003
Dominican Republic $(\eta=1)$,0.5356497092899943,3.0,40.0,1.0,0.3771503990888722,0.05700692,0.2295297,0.7979250825008954,0.986,0.03484973710414988,0.03484973710414988,0.6,11795.4705790204,1.0,0.39014983499820893,Dominican Republic,-0.4,-0.4,0.2,0.911387329101563,10403761.0,0.2,0.6666666666666667,76.96,76.96,0.3698817315827294,0.35,0.0501,0.0501,0.8,0.1917471414625228,0.11760695886439584,0.14899999618530302,0.13139820456765433,0.13
Dominican Republic $(\eta=2)$,0.5356497092899943,3.0,40.0,1.0,0.3771503990888722,0.05700692,0.2295297,0.7979250825008954,0.986,0.03484973710414988,0.03484973710414988,0.6,11795.4705790204,2.0,0.39014983499820893,Dominican Republic,-0.4,-0.4,0.2,0.911387329101563,10403761.0,0.2,0.6666666666666667,76.96,76.96,0.3698817315827294,0.35,0.0501,0.0501,0.8,0.1917471414625228,0.11760695886439584,0.14899999618530302,0.13139820456765433,0.13
Ecuador $(\eta=1)$,0.5356497092899943,3.0,40.0,1.0,0.25747347179967145,0.09387966,0.17696589999999998,0.7325310595278779,0.905,0.06925596070902182,0.06925596070902182,0.8,10540.6573666533,1.0,0.43993788094424396,Ecuador,0.1679728080635645,0.1679728080635645,0.2,0.8890049743652341,15737878.0,0.2,0.8,18.4,18.4,0.049347718601538304,0.3,0.043,0.043,0.6000000000000001,0.2792929608576753,0.17364544512629726,0.041999998092651404,0.6003729639204807,0.5987500000000001
Ecuador $(\eta=2)$,0.5356497092899943,3.0,40.0,1.0,0.25747347179967145,0.09387966,0.17696589999999998,0.7325310595278779,0.905,0.06925596070902182,0.06925596070902182,0.8,10540.6573666533,2.0,0.43993788094424396,Ecuador,0.1679728080635645,0.1679728080635645,0.2,0.8890049743652341,15737878.0,0.2,0.8,18.4,18.4,0.049347718601538304,0.3,0.043,0.043,0.6000000000000001,0.2792929608576753,0.17364544512629726,0.041999998092651404,0.6003729639204807,0.5987500000000001
"Egypt, Arab Rep. $(\eta=1)$",0.5356497092899943,3.0,40.0,1.0,0.4927783418827425,0.002091735,0.01016893,0.6046551882587154,0.789,0.2004021134886876,0.2004021134886876,0.6,10733.488722812801,1.0,0.5796896234825689,"Egypt, Arab Rep.",0.58,0.58,0.2,0.9609768676757808,82056378.0,0.2,0.6666666666666667,31.41,31.41,0.3341256794421712,0.26666666666666666,0.0925,0.0925,0.6000000000000001,0.10013164023017088,0.11927926539328736,0.126999998092651,0.4722193791093337,0.4425
"Egypt, Arab Rep. $(\eta=2)$",0.5356497092899943,3.0,40.0,1.0,0.4927783418827425,0.002091735,0.01016893,0.6046551882587154,0.789,0.2004021134886876,0.2004021134886876,0.6,10733.488722812801,2.0,0.5796896234825689,"Egypt, Arab Rep.",0.58,0.58,0.2,0.9609768676757808,82056378.0,0.2,0.6666666666666667,31.41,31.41,0.3341256794421712,0.26666666666666666,0.0925,0.0925,0.6000000000000001,0.10013164023017088,0.11927926539328736,0.126999998092651,0.4722193791093337,0.4425
El Salvador $(\eta=1)$,0.5356497092899943,3.0,40.0,1.0,0.13424357530792413,0.04984934,0.1816167,0.85531317705195,0.995,0.00899717179647867,0.00899717179647867,0.6,7515.082656377621,1.0,0.2843736458961,El Salvador,0.1679728080635645,0.1679728080635645,0.2,0.837892837524414,6340454.0,0.2,0.6666666666666667,6.82,6.82,0.9248016619480344,0.38333333333333336,0.057,0.057,0.6000000000000001,0.18429042105884488,0.1773739959750223,0.06300000190734861,0.3273064505578179,0.30500000000000005
El Salvador $(\eta=2)$,0.5356497092899943,3.0,40.0,1.0,0.13424357530792413,0.04984934,0.1816167,0.85531317705195,0.995,0.00899717179647867,0.00899717179647867,0.6,7515.082656377621,2.0,0.2843736458961,El Salvador,0.1679728080635645,0.1679728080635645,0.2,0.837892837524414,6340454.0,0.2,0.6666666666666667,6.82,6.82,0.9248016619480344,0.38333333333333336,0.057,0.057,0.6000000000000001,0.18429042105884488,0.1773739959750223,0.06300000190734861,0.3273064505578179,0.30500000000000005
Estonia $(\eta=1)$,0.5356497092899943,3.0,40.0,1.0,0.2800603915970392,0.18928570000000003,0.3582999,0.9045642850580224,0.998,0.01820620931891829,0.01820620931891829,0.0,25253.7672011471,1.0,0.18887142988395497,Estonia,0.1679728080635645,0.1679728080635645,0.2,0.969785385131836,1317997.0,0.2,0.0,46.5,46.5,1.3595050266517807,0.8166666666666668,0.0717,0.0717,0.0,0.51851898,0.34896655,0.0880000019073486,0.1292643993358241,0.11271604938271605
Estonia $(\eta=2)$,0.5356497092899943,3.0,40.0,1.0,0.2800603915970392,0.18928570000000003,0.3582999,0.9045642850580224,0.998,0.01820620931891829,0.01820620931891829,0.0,25253.7672011471,2.0,0.18887142988395497,Estonia,0.1679728080635645,0.1679728080635645,0.2,0.969785385131836,1317997.0,0.2,0.0,46.5,46.5,1.3595050266517807,0.8166666666666668,0.0717,0.0717,0.0,0.51851898,0.34896655,0.0880000019073486,0.1292643993358241,0.11271604938271605
Finland $(\eta=1)$,0.5356497092899943,3.0,40.0,1.0,0.21799096857432496,0.4118611,0.6638473000000001,0.90679842701573,0.999,0.02965226992345247,0.02965226992345247,0.8,38820.8218247281,1.0,0.18540314596854002,Finland,0.1679728080635645,0.1679728080635645,0.2,0.9955172729492192,5438972.0,0.2,0.8666666666666666,48.24,48.24,0.7938034245204821,0.9833333333333333,0.0918,0.0918,0.8,0.57169229,0.33561739799999996,0.08199999809265139,0.1421560448119706,0.12824999999999998
Finland $(\eta=2)$,0.5356497092899943,3.0,40.0,1.0,0.21799096857432496,0.4118611,0.6638473000000001,0.90679842701573,0.999,0.02965226992345247,0.02965226992345247,0.8,38820.8218247281,2.0,0.18540314596854002,Finland,0.1679728080635645,0.1679728080635645,0.2,0.9955172729492192,5438972.0,0.2,0.8666666666666666,48.24,48.24,0.7938034245204821,0.9833333333333333,0.0918,0.0918,0.8,0.57169229,0.33561739799999996,0.08199999809265139,0.1421560448119706,0.12824999999999998
France $(\eta=1)$,0.5356497092899943,3.0,40.0,1.0,0.2234491797478895,0.4022605,0.5575401999999999,0.9630068481843562,1.0,0.0714014429531207,0.0714014429531207,1.0,37216.8018998205,1.0,0.0739863036312876,France,0.1679728080635645,0.1679728080635645,0.2,0.998382568359375,65939866.0,0.2,0.7333333333333333,122.61,122.61,2.050973286195859,0.9166666666666667,0.0781,0.0781,1.0,0.49639142,0.37605085,0.10399999618530302,0.15732684457506135,0.12400000000000003
France $(\eta=2)$,0.5356497092899943,3.0,40.0,1.0,0.2234491797478895,0.4022605,0.5575401999999999,0.9630068481843562,1.0,0.0714014429531207,0.0714014429531207,1.0,37216.8018998205,2.0,0.0739863036312876,France,0.1679728080635645,0.1679728080635645,0.2,0.998382568359375,65939866.0,0.2,0.7333333333333333,122.61,122.61,2.050973286195859,0.9166666666666667,0.0781,0.0781,1.0,0.49639142,0.37605085,0.10399999618530302,0.15732684457506135,0.12400000000000003
Gabon $(\eta=1)$,0.5356497092899943,3.0,40.0,1.0,0.3299123735952057,0.01964613,0.13129620000000003,0.7519965602970635,0.893,0.09396234844893878,0.09396234844893878,0.0,18646.3698144321,1.0,0.389006879405873,Gabon,0.72,0.72,0.2,0.598094902038574,1671711.0,0.2,0.0,16.85,16.85,1.9249874618018858,0.38333333333333336,0.05860000000000001,0.05860000000000001,0.0,0.22083996445867293,0.12165273695354185,0.196000003814697,0.2153855386483947,0.16124999999999998
Gabon $(\eta=2)$,0.5356497092899943,3.0,40.0,1.0,0.3299123735952057,0.01964613,0.13129620000000003,0.7519965602970635,0.893,0.09396234844893878,0.09396234844893878,0.0,18646.3698144321,2.0,0.389006879405873,Gabon,0.72,0.72,0.2,0.598094902038574,1671711.0,0.2,0.0,16.85,16.85,1.9249874618018858,0.38333333333333336,0.05860000000000001,0.05860000000000001,0.0,0.22083996445867293,0.12165273695354185,0.196000003814697,0.2153855386483947,0.16124999999999998
Georgia $(\eta=1)$,0.5356497092899943,3.0,40.0,1.0,0.3632651483124993,0.0015679239999999998,0.01637902,0.6894645776374,0.998,0.08371570212028312,0.08371570212028312,0.8,6930.291380152889,1.0,0.6190708447251999,Georgia,0.1679728080635645,0.1679728080635645,0.2,0.998204498291016,4487200.0,0.2,0.6666666666666667,23.4,23.4,3.0393522513372417,0.4,0.0528,0.0528,0.4,0.9832011784414144,0.5428108927360503,0.14300000190734902,0.15596560062109865,0.12375
Georgia $(\eta=2)$,0.5356497092899943,3.0,40.0,1.0,0.3632651483124993,0.0015679239999999998,0.01637902,0.6894645776374,0.998,0.08371570212028312,0.08371570212028312,0.8,6930.291380152889,2.0,0.6190708447251999,Georgia,0.1679728080635645,0.1679728080635645,0.2,0.998204498291016,4487200.0,0.2,0.6666666666666667,23.4,23.4,3.0393522513372417,0.4,0.0528,0.0528,0.4,0.9832011784414144,0.5428108927360503,0.14300000190734902,0.15596560062109865,0.12375
Germany $(\eta=1)$,0.5356497092899943,3.0,40.0,1.0,0.27301744639675013,0.5698233,0.5140285,0.9355745104632816,1.0,0.0720767912654576,0.0720767912654576,0.8,42883.6868079517,1.0,0.128850979073437,Germany,0.1679728080635645,0.1679728080635645,0.2,0.962423629760742,80651873.0,0.2,0.7333333333333333,106.88,106.88,0.5368282392603201,1.0,0.08289999999999999,0.08289999999999999,0.8,0.64378774,0.383320503,0.053000001907348604,0.1333916144712874,0.12549999999999997
Germany $(\eta=2)$,0.5356497092899943,3.0,40.0,1.0,0.27301744639675013,0.5698233,0.5140285,0.9355745104632816,1.0,0.0720767912654576,0.0720767912654576,0.8,42883.6868079517,2.0,0.128850979073437,Germany,0.1679728080635645,0.1679728080635645,0.2,0.962423629760742,80651873.0,0.2,0.7333333333333333,106.88,106.88,0.5368282392603201,1.0,0.08289999999999999,0.08289999999999999,0.8,0.64378774,0.383320503,0.053000001907348604,0.1333916144712874,0.12549999999999997
Greece $(\eta=1)$,0.5356497092899943,3.0,40.0,1.0,0.23679175031633581,0.12937169999999998,0.24796239999999997,0.8680662708400585,1.0,0.017597576249905544,0.017597576249905544,0.8,24305.0596068933,1.0,0.263867458319883,Greece,0.1679728080635645,0.1679728080635645,0.2,0.9441726684570309,11027549.0,0.2,0.8666666666666666,25.34,25.34,2.6000668156234674,0.2,0.0645,0.0645,0.8,0.38459209,0.49652266799999994,0.272999992370605,0.17499675207858476,0.13675000000000007
Greece $(\eta=2)$,0.5356497092899943,3.0,40.0,1.0,0.23679175031633581,0.12937169999999998,0.24796239999999997,0.8680662708400585,1.0,0.017597576249905544,0.017597576249905544,0.8,24305.0596068933,2.0,0.263867458319883,Greece,0.1679728080635645,0.1679728080635645,0.2,0.9441726684570309,11027549.0,0.2,0.8666666666666666,25.34,25.34,2.6000668156234674,0.2,0.0645,0.0645,0.8,0.38459209,0.49652266799999994,0.272999992370605,0.17499675207858476,0.13675000000000007
Guatemala $(\eta=1)$,0.5356497092899943,3.0,40.0,1.0,0.6475627728005022,0.05336335,0.1347752,0.507374574551696,0.523,0.032325331712589875,0.032325331712589875,0.6,7062.530674821691,1.0,0.5082508508966079,Guatemala,0.1679728080635645,0.1679728080635645,0.2,0.667277297973633,15468203.0,0.2,0.6,8.04,8.04,3.211802577325731,0.4666666666666666,0.0387,0.0387,0.8,0.21925287935117188,0.10471864953838116,0.0279999995231628,0.13177255814122119,0.11099999999999999
Guatemala $(\eta=2)$,0.5356497092899943,3.0,40.0,1.0,0.6475627728005022,0.05336335,0.1347752,0.507374574551696,0.523,0.032325331712589875,0.032325331712589875,0.6,7062.530674821691,2.0,0.5082508508966079,Guatemala,0.1679728080635645,0.1679728080635645,0.2,0.667277297973633,15468203.0,0.2,0.6,8.04,8.04,3.211802577325731,0.4666666666666666,0.0387,0.0387,0.8,0.21925287935117188,0.10471864953838116,0.0279999995231628,0.13177255814122119,0.11099999999999999
Honduras $(\eta=1)$,0.5356497092899943,3.0,40.0,1.0,0.3635926941047578,0.0431121,0.118058,0.6852110017437136,0.8290000000000001,0.04325052661464394,0.04325052661464394,0.8,4445.2710541232,1.0,0.458577996512573,Honduras,-0.66,-0.66,0.2,0.696548690795898,8097688.0,0.2,0.33333333333333337,7.2,7.2,1.5661158258481294,0.275,0.0261,0.0261,0.4,0.2579741926798659,0.13477151366151952,0.041999998092651404,0.24550723457378548,0.24250000000000002
Honduras $(\eta=2)$,0.5356497092899943,3.0,40.0,1.0,0.3635926941047578,0.0431121,0.118058,0.6852110017437136,0.8290000000000001,0.04325052661464394,0.04325052661464394,0.8,4445.2710541232,2.0,0.458577996512573,Honduras,-0.66,-0.66,0.2,0.696548690795898,8097688.0,0.2,0.33333333333333337,7.2,7.2,1.5661158258481294,0.275,0.0261,0.0261,0.4,0.2579741926798659,0.13477151366151952,0.041999998092651404,0.24550723457378548,0.24250000000000002
Hungary $(\eta=1)$,0.5356497092899943,3.0,40.0,1.0,0.22126941170098394,0.0918939,0.2239262,0.858033552540175,0.991,0.09877804612886447,0.09877804612886447,0.8,22706.6118964343,1.0,0.27493289491964995,Hungary,0.1679728080635645,0.1679728080635645,0.2,0.980723037719727,9893899.0,0.2,1.0,100.0,100.0,0.6436419073800641,0.5,0.0825,0.0825,1.0,0.912333,0.525706,0.101999998092651,0.3832951673787685,0.3562499999999999
Hungary $(\eta=2)$,0.5356497092899943,3.0,40.0,1.0,0.22126941170098394,0.0918939,0.2239262,0.858033552540175,0.991,0.09877804612886447,0.09877804612886447,0.8,22706.6118964343,2.0,0.27493289491964995,Hungary,0.1679728080635645,0.1679728080635645,0.2,0.980723037719727,9893899.0,0.2,1.0,100.0,100.0,0.6436419073800641,0.5,0.0825,0.0825,1.0,0.912333,0.525706,0.101999998092651,0.3832951673787685,0.3562499999999999
Ireland $(\eta=1)$,0.5356497092899943,3.0,40.0,1.0,0.31125054927451323,0.4951397,0.5241702,0.9158073174763509,1.0,0.03555792087175875,0.03555792087175875,0.0,44647.2359111421,1.0,0.16838536504729798,Ireland,0.1679728080635645,0.1679728080635645,0.2,0.998382568359375,4597558.0,0.2,0.0,200.0,200.0,0.01778431882639997,0.7,0.0762,0.0762,0.0,0.78696066,0.48333248799999995,0.13100000381469698,0.12772843675750684,0.12750000000000003
Ireland $(\eta=2)$,0.5356497092899943,3.0,40.0,1.0,0.31125054927451323,0.4951397,0.5241702,0.9158073174763509,1.0,0.03555792087175875,0.03555792087175875,0.0,44647.2359111421,2.0,0.16838536504729798,Ireland,0.1679728080635645,0.1679728080635645,0.2,0.998382568359375,4597558.0,0.2,0.0,200.0,200.0,0.01778431882639997,0.7,0.0762,0.0762,0.0,0.78696066,0.48333248799999995,0.13100000381469698,0.12772843675750684,0.12750000000000003
Italy $(\eta=1)$,0.5356497092899943,3.0,40.0,1.0,0.2046119687179293,0.11888060000000003,0.17877559999999998,0.9049598082075868,0.99,0.04766468506187956,0.04766468506187956,0.8,33923.5598171182,1.0,0.18008038358482603,Italy,0.1679728080635645,0.1679728080635645,0.2,0.993345489501953,60233948.0,0.2,0.8666666666666666,62.59,62.59,2.2000129022330914,0.6,0.0607,0.0607,1.0,0.43236375,0.413812555,0.121999998092651,0.14999939521026234,0.12400000000000003
Italy $(\eta=2)$,0.5356497092899943,3.0,40.0,1.0,0.2046119687179293,0.11888060000000003,0.17877559999999998,0.9049598082075868,0.99,0.04766468506187956,0.04766468506187956,0.8,33923.5598171182,2.0,0.18008038358482603,Italy,0.1679728080635645,0.1679728080635645,0.2,0.993345489501953,60233948.0,0.2,0.8666666666666666,62.59,62.59,2.2000129022330914,0.6,0.0607,0.0607,1.0,0.43236375,0.413812555,0.121999998092651,0.14999939521026234,0.12400000000000003
Jamaica $(\eta=1)$,0.5356497092899943,3.0,40.0,1.0,0.38100911347268046,0.2945098,0.3105106,0.868674343480182,0.991,0.0005963410341568684,0.0005963410341568684,0.6,8607.498562766179,1.0,0.253651313039636,Jamaica,0.1679728080635645,0.1679728080635645,0.2,0.860790634155273,2714734.0,0.2,0.6,0.5,0.5,1.3552988277589448,0.2,0.0535,0.0535,0.8,0.26651858938195394,0.1474314747293658,0.15,0.26748198257264955,0.24250000000000005
Jamaica $(\eta=2)$,0.5356497092899943,3.0,40.0,1.0,0.38100911347268046,0.2945098,0.3105106,0.868674343480182,0.991,0.0005963410341568684,0.0005963410341568684,0.6,8607.498562766179,2.0,0.253651313039636,Jamaica,0.1679728080635645,0.1679728080635645,0.2,0.860790634155273,2714734.0,0.2,0.6,0.5,0.5,1.3552988277589448,0.2,0.0535,0.0535,0.8,0.26651858938195394,0.1474314747293658,0.15,0.26748198257264955,0.24250000000000005
Jordan $(\eta=1)$,0.5356497092899943,3.0,40.0,1.0,0.17572272222131016,0.01290732,0.1260008,0.8804392635280485,0.996,0.003988062543257742,0.003988062543257742,0.6,11404.7388595369,1.0,0.23512147294390304,Jordan,1.55,1.55,0.2,0.9789906311035159,6460000.0,0.2,0.4,16.64,16.64,0.276663040360529,0.375,0.0823,0.0823,0.6000000000000001,0.24754125076743594,0.20254922683467025,0.12600000381469698,0.49347398654392655,0.44250000000000006
Jordan $(\eta=2)$,0.5356497092899943,3.0,40.0,1.0,0.17572272222131016,0.01290732,0.1260008,0.8804392635280485,0.996,0.003988062543257742,0.003988062543257742,0.6,11404.7388595369,2.0,0.23512147294390304,Jordan,1.55,1.55,0.2,0.9789906311035159,6460000.0,0.2,0.4,16.64,16.64,0.276663040360529,0.375,0.0823,0.0823,0.6000000000000001,0.24754125076743594,0.20254922683467025,0.12600000381469698,0.49347398654392655,0.44250000000000006
Kenya $(\eta=1)$,0.5356497092899943,3.0,40.0,1.0,0.46296027315172006,0.10053339999999998,0.3215924000000001,0.4957872418037821,0.438,0.018816828448511267,0.018816828448511267,0.4,2705.3232181398107,1.0,0.44642551639243605,Kenya,0.64,0.64,0.2,0.7763126373291019,44353691.0,0.2,0.4666666666666667,2.1,2.1,0.2202410709326219,0.35,0.0484,0.0484,0.8,0.05486851859573319,0.07183448406098354,0.0919999980926514,0.5162914238892937,0.5050000000000002
Kenya $(\eta=2)$,0.5356497092899943,3.0,40.0,1.0,0.46296027315172006,0.10053339999999998,0.3215924000000001,0.4957872418037821,0.438,0.018816828448511267,0.018816828448511267,0.4,2705.3232181398107,2.0,0.44642551639243605,Kenya,0.64,0.64,0.2,0.7763126373291019,44353691.0,0.2,0.4666666666666667,2.1,2.1,0.2202410709326219,0.35,0.0484,0.0484,0.8,0.05486851859573319,0.07183448406098354,0.0919999980926514,0.5162914238892937,0.5050000000000002
Kyrgyz Republic $(\eta=1)$,0.5356497092899943,3.0,40.0,1.0,0.5202256666410198,0.001899116,0.01364074,0.813675456860572,0.991,0.05226313149431831,0.05226313149431831,0.6,3109.8128288413104,1.0,0.3636490862788561,Kyrgyz Republic,0.17,0.17,0.2,0.970536422729492,5719600.0,0.2,0.6,3.11,3.11,1.9403469968965603,0.0,0.0768,0.0768,0.6000000000000001,0.7217599301569062,0.4621961027620737,0.08,0.21426042595140787,0.17200000000000001
Kyrgyz Republic $(\eta=2)$,0.5356497092899943,3.0,40.0,1.0,0.5202256666410198,0.001899116,0.01364074,0.813675456860572,0.991,0.05226313149431831,0.05226313149431831,0.6,3109.8128288413104,2.0,0.3636490862788561,Kyrgyz Republic,0.17,0.17,0.2,0.970536422729492,5719600.0,0.2,0.6,3.11,3.11,1.9403469968965603,0.0,0.0768,0.0768,0.6000000000000001,0.7217599301569062,0.4621961027620737,0.08,0.21426042595140787,0.17200000000000001
Lao PDR $(\eta=1)$,0.5356497092899943,3.0,40.0,1.0,0.2472988860728427,0.13250879999999998,0.2385275,0.5075484803171695,0.415,0.1858338961143098,0.1858338961143098,0.0,4667.34005886512,1.0,0.399903039365661,Lao PDR,0.1679728080635645,0.1679728080635645,0.2,0.7333741760253909,6769727.0,0.2,0.0,6.82,6.82,0.8031161511617066,0.0,0.0762,0.0762,0.0,0.03728431799420904,0.13347582175320616,0.0139999997615814,0.14142183787534118,0.13
Lao PDR $(\eta=2)$,0.5356497092899943,3.0,40.0,1.0,0.2472988860728427,0.13250879999999998,0.2385275,0.5075484803171695,0.415,0.1858338961143098,0.1858338961143098,0.0,4667.34005886512,2.0,0.399903039365661,Lao PDR,0.1679728080635645,0.1679728080635645,0.2,0.7333741760253909,6769727.0,0.2,0.0,6.82,6.82,0.8031161511617066,0.0,0.0762,0.0762,0.0,0.03728431799420904,0.13347582175320616,0.0139999997615814,0.14142183787534118,0.13
Latvia $(\eta=1)$,0.5356497092899943,3.0,40.0,1.0,0.2393699080806075,0.08001866999999999,0.1686562,0.8175805127509069,1.0,0.05813304985866859,0.05813304985866859,0.0,21832.5707415661,1.0,0.36483897449818603,Latvia,0.1679728080635645,0.1679728080635645,0.2,0.9028720855712892,2012647.0,0.2,0.0,59.74,59.74,1.3987997566705022,0.7,0.0624,0.0624,0.0,0.616317,0.230291,0.11100000381469699,0.1271469196842572,0.11271604938271611
Latvia $(\eta=2)$,0.5356497092899943,3.0,40.0,1.0,0.2393699080806075,0.08001866999999999,0.1686562,0.8175805127509069,1.0,0.05813304985866859,0.05813304985866859,0.0,21832.5707415661,2.0,0.36483897449818603,Latvia,0.1679728080635645,0.1679728080635645,0.2,0.9028720855712892,2012647.0,0.2,0.0,59.74,59.74,1.3987997566705022,0.7,0.0624,0.0624,0.0,0.616317,0.230291,0.11100000381469699,0.1271469196842572,0.11271604938271611
Liberia $(\eta=1)$,0.5356497092899943,3.0,40.0,1.0,0.4725120712732518,0.0449625,0.2007491,0.67530796339129,0.611,0.06371096829492359,0.06371096829492359,0.0,849.830924236094,1.0,0.26038407321742,Liberia,-0.43,-0.43,0.2,0.677655029296875,4294077.0,0.2,0.0,6.06,6.06,0.05031650131471177,0.0,0.0644,0.0644,0.0,0.04503793391523511,0.12573070699110653,0.0370000004768372,0.5998191966054143,0.5987499999999999
Liberia $(\eta=2)$,0.5356497092899943,3.0,40.0,1.0,0.4725120712732518,0.0449625,0.2007491,0.67530796339129,0.611,0.06371096829492359,0.06371096829492359,0.0,849.830924236094,2.0,0.26038407321742,Liberia,-0.43,-0.43,0.2,0.677655029296875,4294077.0,0.2,0.0,6.06,6.06,0.05031650131471177,0.0,0.0644,0.0644,0.0,0.04503793391523511,0.12573070699110653,0.0370000004768372,0.5998191966054143,0.5987499999999999
Lithuania $(\eta=1)$,0.5356497092899943,3.0,40.0,1.0,0.3129644244946807,0.13165970000000002,0.2553146,0.8368384861501265,1.0,0.08022328388743118,0.08022328388743118,0.0,24469.622500843598,1.0,0.326323027699747,Lithuania,0.1679728080635645,0.1679728080635645,0.2,0.9749952697753912,2957689.0,0.2,0.0,49.75,49.75,1.8140577922754901,0.6833333333333332,0.0703,0.0703,0.0,0.810897,0.314705,0.118000001907349,0.15280425340955606,0.12725
Lithuania $(\eta=2)$,0.5356497092899943,3.0,40.0,1.0,0.3129644244946807,0.13165970000000002,0.2553146,0.8368384861501265,1.0,0.08022328388743118,0.08022328388743118,0.0,24469.622500843598,2.0,0.326323027699747,Lithuania,0.1679728080635645,0.1679728080635645,0.2,0.9749952697753912,2957689.0,0.2,0.0,49.75,49.75,1.8140577922754901,0.6833333333333332,0.0703,0.0703,0.0,0.810897,0.314705,0.118000001907349,0.15280425340955606,0.12725
Madagascar $(\eta=1)$,0.5356497092899943,3.0,40.0,1.0,0.2940729838426214,0.00467687,0.01990471,0.5712228074613175,0.443,0.05063647963397895,0.05063647963397895,0.4,1368.63241207592,1.0,0.300554385077365,Madagascar,-0.16,-0.16,0.2,0.3796979904174799,22924851.0,0.2,0.6666666666666667,2.18,2.18,0.9548311076197966,0.0,0.065,0.065,0.8,0.07554764626798254,0.1054161434005338,0.0359999990463257,0.3222784810126581,0.3049999999999999
Madagascar $(\eta=2)$,0.5356497092899943,3.0,40.0,1.0,0.2940729838426214,0.00467687,0.01990471,0.5712228074613175,0.443,0.05063647963397895,0.05063647963397895,0.4,1368.63241207592,2.0,0.300554385077365,Madagascar,-0.16,-0.16,0.2,0.3796979904174799,22924851.0,0.2,0.6666666666666667,2.18,2.18,0.9548311076197966,0.0,0.065,0.065,0.8,0.07554764626798254,0.1054161434005338,0.0359999990463257,0.3222784810126581,0.3049999999999999
Malawi $(H=65\%)$,0.65,3.0,40.0,1.0,0.25307656921941635,0.05031624,0.10417769999999997,0.7985994897582119,0.7140000000000001,0.02283077842331048,0.02283077842331048,0.6,754.981975267971,1.5,0.116801020483576,Malawi,0.1,0.1,0.2,0.597333717346191,16362567.0,0.2,0.6666666666666667,2.84,2.84,0.9402523658192716,0.0,0.0541,0.0541,0.8,0.03189209342110269,0.03962894099199903,0.0759999990463257,0.32470002928406816,0.30499999999999994
Malawi $(\alpha=-70\%)$,0.5356497092899943,3.0,40.0,-0.7,0.25307656921941635,0.05031624,0.10417769999999997,0.7985994897582119,0.7140000000000001,0.02283077842331048,0.02283077842331048,0.6,754.981975267971,1.5,0.116801020483576,Malawi,0.1,0.1,0.2,0.597333717346191,16362567.0,0.2,0.6666666666666667,2.84,2.84,0.9402523658192716,0.0,0.0541,0.0541,0.8,0.03189209342110269,0.03962894099199903,0.0759999990463257,0.32470002928406816,0.30499999999999994
Malawi $(\eta=1)$,0.5356497092899943,3.0,40.0,1.0,0.25307656921941635,0.05031624,0.10417769999999997,0.7985994897582119,0.7140000000000001,0.02283077842331048,0.02283077842331048,0.6,754.981975267971,1.0,0.116801020483576,Malawi,0.1,0.1,0.2,0.597333717346191,16362567.0,0.2,0.6666666666666667,2.84,2.84,0.9402523658192716,0.0,0.0541,0.0541,0.8,0.03189209342110269,0.03962894099199903,0.0759999990463257,0.32470002928406816,0.30499999999999994
Malawi $(\eta=2)$,0.5356497092899943,3.0,40.0,1.0,0.25307656921941635,0.05031624,0.10417769999999997,0.7985994897582119,0.7140000000000001,0.02283077842331048,0.02283077842331048,0.6,754.981975267971,2.0,0.116801020483576,Malawi,0.1,0.1,0.2,0.597333717346191,16362567.0,0.2,0.6666666666666667,2.84,2.84,0.9402523658192716,0.0,0.0541,0.0541,0.8,0.03189209342110269,0.03962894099199903,0.0759999990463257,0.32470002928406816,0.30499999999999994
Malawi $(\pi=40\%)$,0.5356497092899943,3.0,40.0,1.0,0.25307656921941635,0.05031624,0.10417769999999997,0.7985994897582119,0.7140000000000001,0.02283077842331048,0.02283077842331048,0.6,754.981975267971,1.5,0.116801020483576,Malawi,0.1,0.1,0.4,0.597333717346191,16362567.0,0.2,0.6666666666666667,2.84,2.84,0.9402523658192716,0.0,0.0541,0.0541,0.8,0.03189209342110269,0.03962894099199903,0.0759999990463257,0.32470002928406816,0.30499999999999994
Malawi $(fa= 1\%)$,0.5356497092899943,3.0,40.0,1.0,0.25307656921941635,0.05031624,0.10417769999999997,0.7985994897582119,0.7140000000000001,0.01141538921165,0.01141538921165,0.6,754.981975267971,1.5,0.116801020483576,Malawi,0.1,0.1,0.2,0.597333717346191,16362567.0,0.2,0.6666666666666667,2.84,2.84,0.9402523658192716,0.0,0.0541,0.0541,0.8,0.03189209342110269,0.03962894099199903,0.0759999990463257,0.32470002928406816,0.3049999999999999
Malawi $(pe= 0\%)$,0.5356497092899943,3.0,40.0,1.0,0.25307656921941635,0.05031624,0.10417769999999997,0.7985994897582119,0.7140000000000001,0.02283077842331048,0.02283077842331048,0.6,754.981975267971,1.5,0.116801020483576,Malawi,0.0,0.0,0.2,0.597333717346191,16362567.0,0.2,0.6666666666666667,2.84,2.84,0.9402523658192716,0.0,0.0541,0.0541,0.8,0.03189209342110269,0.03962894099199903,0.0759999990463257,0.32470002928406816,0.30723863969137133
Malawi $(protection= 1yr)$,0.5356497092899943,3.0,40.0,1.0,0.25307656921941635,0.05031624,0.10417769999999997,0.7985994897582119,0.7140000000000001,0.02283077842331048,0.02283077842331048,0.6,754.981975267971,1.5,0.116801020483576,Malawi,0.1,0.1,0.2,0.597333717346191,16362567.0,0.2,0.6666666666666667,1.42,1.42,0.9402523658192716,0.0,0.0541,0.0541,0.8,0.03189209342110269,0.03962894099199903,0.0759999990463257,0.32470002928406816,0.30499999999999994
Malawi $(pv= 0\%)$,0.5356497092899943,3.0,40.0,1.0,0.25307656921941635,0.05031624,0.10417769999999997,0.7985994897582119,0.7140000000000001,0.02283077842331048,0.02283077842331048,0.6,754.981975267971,1.5,0.116801020483576,Malawi,0.1,0.1,0.2,0.597333717346191,16362567.0,0.2,0.6666666666666667,2.84,2.84,0.0,0.0,0.0541,0.0541,0.8,0.03189209342110269,0.03962894099199903,0.0759999990463257,0.32470002928406816,0.3247000292840681
Malawi $(v=16\%)$,0.5356497092899943,3.0,40.0,1.0,0.25307656921941635,0.05031624,0.10417769999999997,0.7985994897582119,0.7140000000000001,0.02283077842331048,0.02283077842331048,0.6,754.981975267971,1.5,0.116801020483576,Malawi,0.1,0.1,0.2,0.597333717346191,16362567.0,0.2,0.6666666666666667,2.84,2.84,0.9402523658192716,0.0,0.0541,0.0541,0.8,0.03189209342110269,0.03962894099199903,0.0759999990463257,0.162350014642,0.15249999999996797
Malaysia $(\eta=1)$,0.5356497092899943,3.0,40.0,1.0,0.2505940745612133,0.2476379,0.4278625,0.8128363650267786,0.9868,0.10812063479528926,0.10812063479528926,0.8,22589.3714474966,1.0,0.36112726994644295,Malaysia,0.1679728080635645,0.1679728080635645,0.2,0.991196517944336,29716965.0,0.2,0.8,34.87,34.87,0.9687264249363288,0.7,0.0454,0.0454,1.0,0.1471422500216373,0.05773081708127114,0.032000000476837195,0.12952536054279207,0.12224999999999996
Malaysia $(\eta=2)$,0.5356497092899943,3.0,40.0,1.0,0.2505940745612133,0.2476379,0.4278625,0.8128363650267786,0.9868,0.10812063479528926,0.10812063479528926,0.8,22589.3714474966,2.0,0.36112726994644295,Malaysia,0.1679728080635645,0.1679728080635645,0.2,0.991196517944336,29716965.0,0.2,0.8,34.87,34.87,0.9687264249363288,0.7,0.0454,0.0454,1.0,0.1471422500216373,0.05773081708127114,0.032000000476837195,0.12952536054279207,0.12224999999999996
Mali $(\eta=1)$,0.5356497092899943,3.0,40.0,1.0,0.6438448659589122,0.026048720000000004,0.05730599,0.4931061192465186,0.5870000000000001,0.09112497029457714,0.09112497029457714,0.4,1589.1673480781,1.0,0.600787761506963,Mali,-0.39,-0.39,0.2,0.6159251022338871,15301650.0,0.2,0.6,6.97,6.97,3.1377910930383486,0.0,0.0797,0.0797,0.6000000000000001,0.024631705730870014,0.05299713321707195,0.08199999809265139,0.15225514914466012,0.1292592592592592
Mali $(\eta=2)$,0.5356497092899943,3.0,40.0,1.0,0.6438448659589122,0.026048720000000004,0.05730599,0.4931061192465186,0.5870000000000001,0.09112497029457714,0.09112497029457714,0.4,1589.1673480781,2.0,0.600787761506963,Mali,-0.39,-0.39,0.2,0.6159251022338871,15301650.0,0.2,0.6,6.97,6.97,3.1377910930383486,0.0,0.0797,0.0797,0.6000000000000001,0.024631705730870014,0.05299713321707195,0.08199999809265139,0.15225514914466012,0.1292592592592592
Mexico $(\eta=1)$,0.5356497092899943,3.0,40.0,1.0,0.36826304497677287,0.028012490000000004,0.09345214,0.7592632535619399,0.96,0.06110303858742192,0.06110303858742192,0.8,16290.8128214269,1.0,0.44147349287612,Mexico,0.1679728080635645,0.1679728080635645,0.2,0.9575267028808591,122332399.0,0.2,0.8,39.44,39.44,0.5991846184184213,0.6666666666666667,0.0486,0.0486,0.8,0.5340229455306378,0.2547689062898621,0.0490000009536743,0.393950762622432,0.3792500000000001
Mexico $(\eta=2)$,0.5356497092899943,3.0,40.0,1.0,0.36826304497677287,0.028012490000000004,0.09345214,0.7592632535619399,0.96,0.06110303858742192,0.06110303858742192,0.8,16290.8128214269,2.0,0.44147349287612,Mexico,0.1679728080635645,0.1679728080635645,0.2,0.9575267028808591,122332399.0,0.2,0.8,39.44,39.44,0.5991846184184213,0.6666666666666667,0.0486,0.0486,0.8,0.5340229455306378,0.2547689062898621,0.0490000009536743,0.393950762622432,0.3792500000000001
Moldova $(\eta=1)$,0.5356497092899943,3.0,40.0,1.0,0.25670477375728673,0.0071581230000000015,0.05443321,0.773105694487987,0.992,0.06282175635919181,0.06282175635919181,0.4,4521.084844788111,1.0,0.44578861102402595,Moldova,-0.52,-0.52,0.2,0.946174697875977,3558566.0,0.2,0.6,10.45,10.45,0.6286093080247948,0.25,0.0849,0.0849,0.6000000000000001,0.4658781844872598,0.33756533499209274,0.05099999904632569,0.38683310779064306,0.3772500000000001
Moldova $(\eta=2)$,0.5356497092899943,3.0,40.0,1.0,0.25670477375728673,0.0071581230000000015,0.05443321,0.773105694487987,0.992,0.06282175635919181,0.06282175635919181,0.4,4521.084844788111,2.0,0.44578861102402595,Moldova,-0.52,-0.52,0.2,0.946174697875977,3558566.0,0.2,0.6,10.45,10.45,0.6286093080247948,0.25,0.0849,0.0849,0.6000000000000001,0.4658781844872598,0.33756533499209274,0.05099999904632569,0.38683310779064306,0.3772500000000001
Mongolia $(\eta=1)$,0.5356497092899943,3.0,40.0,1.0,0.20767487925071607,0.1190915,0.3040792,0.8089340496694675,0.988,0.047108300155032784,0.047108300155032784,0.8,9132.30570379131,1.0,0.37013190066106505,Mongolia,0.1679728080635645,0.1679728080635645,0.2,0.9089742279052729,2839073.0,0.2,0.5333333333333333,6.34,6.34,1.3624124236151816,0.33333333333333337,0.071,0.071,0.4,0.32451319459176803,0.18658999698714795,0.0490000009536743,0.12910531495311936,0.112716049382716
Mongolia $(\eta=2)$,0.5356497092899943,3.0,40.0,1.0,0.20767487925071607,0.1190915,0.3040792,0.8089340496694675,0.988,0.047108300155032784,0.047108300155032784,0.8,9132.30570379131,2.0,0.37013190066106505,Mongolia,0.1679728080635645,0.1679728080635645,0.2,0.9089742279052729,2839073.0,0.2,0.5333333333333333,6.34,6.34,1.3624124236151816,0.33333333333333337,0.071,0.071,0.4,0.32451319459176803,0.18658999698714795,0.0490000009536743,0.12910531495311936,0.112716049382716
Nepal $(\eta=1)$,0.5356497092899943,3.0,40.0,1.0,0.2701993002713125,0.05736111,0.1267821,0.4492261487415475,0.36,0.05837973990653034,0.05837973990653034,0.6,2172.79039161762,1.0,0.46154770251690497,Nepal,-0.61,-0.61,0.2,0.6036014175415041,27797457.0,0.2,0.4666666666666667,2.33,2.33,0.8395472139706888,0.0,0.0827,0.0827,0.6000000000000001,0.1957230900073423,0.3589367106901816,0.0270000004768372,0.34247558052078264,0.3337037037037038
Nepal $(\eta=2)$,0.5356497092899943,3.0,40.0,1.0,0.2701993002713125,0.05736111,0.1267821,0.4492261487415475,0.36,0.05837973990653034,0.05837973990653034,0.6,2172.79039161762,2.0,0.46154770251690497,Nepal,-0.61,-0.61,0.2,0.6036014175415041,27797457.0,0.2,0.4666666666666667,2.33,2.33,0.8395472139706888,0.0,0.0827,0.0827,0.6000000000000001,0.1957230900073423,0.3589367106901816,0.0270000004768372,0.34247558052078264,0.3337037037037038
Netherlands $(\eta=1)$,0.5356497092899943,3.0,40.0,1.0,0.25251989485705195,0.5146725000000001,0.6205978000000001,0.9730281833115684,1.0,0.32301091253359776,0.32301091253359776,1.0,45021.1574077338,1.0,0.05394363337686309,Netherlands,0.1679728080635645,0.1679728080635645,0.2,0.9821536254882808,16804432.0,0.2,0.6666666666666667,4489.59,4489.59,0.013856088123219257,0.9833333333333333,0.084,0.084,1.0,0.43784579999999995,0.331487095,0.06699999809265139,0.12822332629145333,0.1280246913580247
Netherlands $(\eta=2)$,0.5356497092899943,3.0,40.0,1.0,0.25251989485705195,0.5146725000000001,0.6205978000000001,0.9730281833115684,1.0,0.32301091253359776,0.32301091253359776,1.0,45021.1574077338,2.0,0.05394363337686309,Netherlands,0.1679728080635645,0.1679728080635645,0.2,0.9821536254882808,16804432.0,0.2,0.6666666666666667,4489.59,4489.59,0.013856088123219257,0.9833333333333333,0.084,0.084,1.0,0.43784579999999995,0.331487095,0.06699999809265139,0.12822332629145333,0.1280246913580247
Niger $(\eta=1)$,0.5356497092899943,3.0,40.0,1.0,0.23359231685535525,0.002041873,0.0181079,0.3811190029265136,0.293,0.0402116515457816,0.0402116515457816,0.6,886.809611289333,1.0,0.5307619941469729,Niger,-0.39,-0.39,0.2,0.6932961273193361,17831270.0,0.2,0.7333333333333333,2.45,2.45,3.058493849860228,0.0,0.08960000000000001,0.08960000000000001,0.6000000000000001,0.05921709568758075,0.06195777077582978,0.05099999904632569,0.15522999992267988,0.12925925925925924
Niger $(\eta=2)$,0.5356497092899943,3.0,40.0,1.0,0.23359231685535525,0.002041873,0.0181079,0.3811190029265136,0.293,0.0402116515457816,0.0402116515457816,0.6,886.809611289333,2.0,0.5307619941469729,Niger,-0.39,-0.39,0.2,0.6932961273193361,17831270.0,0.2,0.7333333333333333,2.45,2.45,3.058493849860228,0.0,0.08960000000000001,0.08960000000000001,0.6000000000000001,0.05921709568758075,0.06195777077582978,0.05099999904632569,0.15522999992267988,0.12925925925925924
Nigeria $(\eta=1)$,0.5356497092899943,3.0,40.0,1.0,0.8736444729486806,0.08466024000000001,0.33685740000000003,0.3437507857328435,0.381,0.03767008873400431,0.03767008873400431,0.8,5422.6933427295,1.0,0.693498428534313,Nigeria,0.52,0.52,0.2,0.7933840942382809,173615345.0,0.2,0.8,7.04,7.04,0.04724418370269623,0.38333333333333336,0.0539,0.0539,0.8,0.004318494866955536,0.0078094642485003855,0.075,0.6015788961200397,0.59875
Nigeria $(\eta=2)$,0.5356497092899943,3.0,40.0,1.0,0.8736444729486806,0.08466024000000001,0.33685740000000003,0.3437507857328435,0.381,0.03767008873400431,0.03767008873400431,0.8,5422.6933427295,2.0,0.693498428534313,Nigeria,0.52,0.52,0.2,0.7933840942382809,173615345.0,0.2,0.8,7.04,7.04,0.04724418370269623,0.38333333333333336,0.0539,0.0539,0.8,0.004318494866955536,0.0078094642485003855,0.075,0.6015788961200397,0.59875
Pakistan $(\eta=1)$,0.5356497092899943,3.0,40.0,1.0,0.3767173581299691,0.01097432,0.01669716,0.486129857395863,0.521,0.07858921320019564,0.07858921320019564,0.8,4454.07482878434,1.0,0.548740285208274,Pakistan,0.1679728080635645,0.1679728080635645,0.2,0.6219412994384771,182142594.0,0.2,0.7333333333333333,7.2,7.2,0.26715504537769763,0.225,0.0959,0.0959,0.6000000000000001,0.06627475544327993,0.1375627297173065,0.05099999904632569,0.49717672852907874,0.48000000000000015
Pakistan $(\eta=2)$,0.5356497092899943,3.0,40.0,1.0,0.3767173581299691,0.01097432,0.01669716,0.486129857395863,0.521,0.07858921320019564,0.07858921320019564,0.8,4454.07482878434,2.0,0.548740285208274,Pakistan,0.1679728080635645,0.1679728080635645,0.2,0.6219412994384771,182142594.0,0.2,0.7333333333333333,7.2,7.2,0.26715504537769763,0.225,0.0959,0.0959,0.6000000000000001,0.06627475544327993,0.1375627297173065,0.05099999904632569,0.49717672852907874,0.48000000000000015
Panama $(\eta=1)$,0.5356497092899943,3.0,40.0,1.0,0.5402427160644628,0.1099336,0.13441370000000002,0.8429451842008371,0.935,0.018588993329232188,0.018588993329232188,0.8,18793.3933318045,1.0,0.249109631598326,Panama,0.1679728080635645,0.1679728080635645,0.2,0.916096420288086,3864170.0,0.2,0.6666666666666667,14.34,14.34,0.05006881689515108,0.6,0.032,0.032,0.6000000000000001,0.13708015804999846,0.19584232441457688,0.040999999046325696,0.5999606786370318,0.5987500000000001
Panama $(\eta=2)$,0.5356497092899943,3.0,40.0,1.0,0.5402427160644628,0.1099336,0.13441370000000002,0.8429451842008371,0.935,0.018588993329232188,0.018588993329232188,0.8,18793.3933318045,2.0,0.249109631598326,Panama,0.1679728080635645,0.1679728080635645,0.2,0.916096420288086,3864170.0,0.2,0.6666666666666667,14.34,14.34,0.05006881689515108,0.6,0.032,0.032,0.6000000000000001,0.13708015804999846,0.19584232441457688,0.040999999046325696,0.5999606786370318,0.5987500000000001
Paraguay $(\eta=1)$,0.5356497092899943,3.0,40.0,1.0,0.3682732130696673,0.02127697,0.14778729999999998,0.6958376675315219,0.958,0.02750425862617814,0.02750425862617814,0.6,7833.074001567579,1.0,0.566324664936956,Paraguay,0.1679728080635645,0.1679728080635645,0.2,0.8011572265625,6802295.0,0.2,0.6,20.13,20.13,0.9629527885753799,0.4666666666666666,0.0406,0.0406,0.8,0.2225409228619448,0.18271037767433415,0.051999998092651385,0.3209450597419741,0.30499999999999994
Paraguay $(\eta=2)$,0.5356497092899943,3.0,40.0,1.0,0.3682732130696673,0.02127697,0.14778729999999998,0.6958376675315219,0.958,0.02750425862617814,0.02750425862617814,0.6,7833.074001567579,2.0,0.566324664936956,Paraguay,0.1679728080635645,0.1679728080635645,0.2,0.8011572265625,6802295.0,0.2,0.6,20.13,20.13,0.9629527885753799,0.4666666666666666,0.0406,0.0406,0.8,0.2225409228619448,0.18271037767433415,0.051999998092651385,0.3209450597419741,0.30499999999999994
Peru $(\eta=1)$,0.5356497092899943,3.0,40.0,1.0,0.27019867536419195,0.01947264,0.1296312,0.758889785485297,0.867,0.06888750343228058,0.06888750343228058,0.8,11396.493020613101,1.0,0.34922042902940603,Peru,-0.49,-0.49,0.2,0.738851318359375,30375603.0,0.2,0.6,93.09,93.09,1.0945004427103342,0.6666666666666667,0.0422,0.0422,0.6000000000000001,0.17809290377262527,0.1438275088967906,0.03900000095367431,0.3007877139356269,0.29419753086419753
Peru $(\eta=2)$,0.5356497092899943,3.0,40.0,1.0,0.27019867536419195,0.01947264,0.1296312,0.758889785485297,0.867,0.06888750343228058,0.06888750343228058,0.8,11396.493020613101,2.0,0.34922042902940603,Peru,-0.49,-0.49,0.2,0.738851318359375,30375603.0,0.2,0.6,93.09,93.09,1.0945004427103342,0.6666666666666667,0.0422,0.0422,0.6000000000000001,0.17809290377262527,0.1438275088967906,0.03900000095367431,0.3007877139356269,0.29419753086419753
Philippines $(\eta=1)$,0.5356497092899943,3.0,40.0,1.0,0.27365718828027585,0.0353108,0.22188520000000003,0.5806354667831989,0.728,0.053936886408158594,0.053936886408158594,0.8,6326.2164238939795,1.0,0.5667290664336021,Philippines,-0.12,-0.12,0.2,0.757798385620117,98393574.0,0.2,0.6,8.32,8.32,0.0599838995594022,0.5833333333333334,0.0589,0.0589,0.6000000000000001,0.1881751680446434,0.2282986677130677,0.07099999904632573,0.12264337227578306,0.12225000000000001
Philippines $(\eta=2)$,0.5356497092899943,3.0,40.0,1.0,0.27365718828027585,0.0353108,0.22188520000000003,0.5806354667831989,0.728,0.053936886408158594,0.053936886408158594,0.8,6326.2164238939795,2.0,0.5667290664336021,Philippines,-0.12,-0.12,0.2,0.757798385620117,98393574.0,0.2,0.6,8.32,8.32,0.0599838995594022,0.5833333333333334,0.0589,0.0589,0.6000000000000001,0.1881751680446434,0.2282986677130677,0.07099999904632573,0.12264337227578306,0.12225000000000001
Poland $(\eta=1)$,0.5356497092899943,3.0,40.0,1.0,0.41320263199936846,0.1469539,0.2018166,0.8854321189153955,0.999,0.057824445643935886,0.057824445643935886,0.8,22835.2204608088,1.0,0.22813576216920897,Poland,0.1679728080635645,0.1679728080635645,0.2,0.9853228759765628,38514479.0,0.2,0.5333333333333333,200.0,200.0,1.3300601057060764,0.7166666666666667,0.0789,0.0789,1.0,0.593962,0.488281,0.10399999618530302,0.1308979108534954,0.11271604938271608
Poland $(\eta=2)$,0.5356497092899943,3.0,40.0,1.0,0.41320263199936846,0.1469539,0.2018166,0.8854321189153955,0.999,0.057824445643935886,0.057824445643935886,0.8,22835.2204608088,2.0,0.22813576216920897,Poland,0.1679728080635645,0.1679728080635645,0.2,0.9853228759765628,38514479.0,0.2,0.5333333333333333,200.0,200.0,1.3300601057060764,0.7166666666666667,0.0789,0.0789,1.0,0.593962,0.488281,0.10399999618530302,0.1308979108534954,0.11271604938271608
Romania $(\eta=1)$,0.5356497092899943,3.0,40.0,1.0,0.2677480378213938,0.054767480000000014,0.1082912,0.8940749863957924,0.985,0.07368380748817263,0.07368380748817263,0.8,18184.1097333037,1.0,0.19685002720841502,Romania,0.1679728080635645,0.1679728080635645,0.2,0.940499420166016,19981358.0,0.2,0.6666666666666667,50.0,50.0,0.39593790942397455,0.55,0.0891,0.0891,0.8,0.563182,0.40970500000000004,0.07300000190734861,0.45130947139329836,0.43
Romania $(\eta=2)$,0.5356497092899943,3.0,40.0,1.0,0.2677480378213938,0.054767480000000014,0.1082912,0.8940749863957924,0.985,0.07368380748817263,0.07368380748817263,0.8,18184.1097333037,2.0,0.19685002720841502,Romania,0.1679728080635645,0.1679728080635645,0.2,0.940499420166016,19981358.0,0.2,0.6666666666666667,50.0,50.0,0.39593790942397455,0.55,0.0891,0.0891,0.8,0.563182,0.40970500000000004,0.07300000190734861,0.45130947139329836,0.43
Rwanda $(\eta=1)$,0.5356497092899943,3.0,40.0,1.0,0.712577817249879,0.1784206,0.1783742,0.7530298675092365,0.69,0.039113916642515366,0.039113916642515366,0.6,1426.36628762623,1.0,0.183940264981527,Rwanda,-0.78,-0.78,0.2,0.347474708557129,11776522.0,0.2,0.6,2.2,2.2,0.04037048935530119,0.35,0.0516,0.0516,0.8,0.03711900809696269,0.022847104782541428,0.006000000238418579,0.6055535085298311,0.6053086419753086
Rwanda $(\eta=2)$,0.5356497092899943,3.0,40.0,1.0,0.712577817249879,0.1784206,0.1783742,0.7530298675092365,0.69,0.039113916642515366,0.039113916642515366,0.6,1426.36628762623,2.0,0.183940264981527,Rwanda,-0.78,-0.78,0.2,0.347474708557129,11776522.0,0.2,0.6,2.2,2.2,0.04037048935530119,0.35,0.0516,0.0516,0.8,0.03711900809696269,0.022847104782541428,0.006000000238418579,0.6055535085298311,0.6053086419753086
Senegal $(\eta=1)$,0.5356497092899943,3.0,40.0,1.0,0.22621011201636318,0.02342184,0.04644672,0.6408918628638225,0.6509999999999999,0.02929216907597723,0.02929216907597723,0.8,2170.07720699017,1.0,0.369216274272355,Senegal,-0.25,-0.25,0.2,0.6136690902709959,14133280.0,0.2,0.8,5.17,5.17,0.020136716438543978,0.35,0.0604,0.0604,0.8,0.11367795298178585,0.2177170059081968,0.103000001907349,0.6175642831476824,0.617
Senegal $(\eta=2)$,0.5356497092899943,3.0,40.0,1.0,0.22621011201636318,0.02342184,0.04644672,0.6408918628638225,0.6509999999999999,0.02929216907597723,0.02929216907597723,0.8,2170.07720699017,2.0,0.369216274272355,Senegal,-0.25,-0.25,0.2,0.6136690902709959,14133280.0,0.2,0.8,5.17,5.17,0.020136716438543978,0.35,0.0604,0.0604,0.8,0.11367795298178585,0.2177170059081968,0.103000001907349,0.6175642831476824,0.617
Serbia $(\eta=1)$,0.5356497092899943,3.0,40.0,1.0,0.2201204533701086,0.014522389999999996,0.04309804,0.8089947448034844,0.997,0.10955615626018066,0.10955615626018066,0.6,12892.4963006621,1.0,0.3790105103930311,Serbia,0.1679728080635645,0.1679728080635645,0.2,0.9921752166748052,7164132.0,0.2,0.6,20.46,20.46,0.6290753868356762,0.36666666666666664,0.0837,0.0837,0.4,0.3637292364118171,0.2908204681208248,0.22200000762939495,0.38672243475712625,0.3596296296296297
Serbia $(\eta=2)$,0.5356497092899943,3.0,40.0,1.0,0.2201204533701086,0.014522389999999996,0.04309804,0.8089947448034844,0.997,0.10955615626018066,0.10955615626018066,0.6,12892.4963006621,2.0,0.3790105103930311,Serbia,0.1679728080635645,0.1679728080635645,0.2,0.9921752166748052,7164132.0,0.2,0.6,20.46,20.46,0.6290753868356762,0.36666666666666664,0.0837,0.0837,0.4,0.3637292364118171,0.2908204681208248,0.22200000762939495,0.38672243475712625,0.3596296296296297
Sierra Leone $(\eta=1)$,0.5356497092899943,3.0,40.0,1.0,0.4068659912801502,0.04347975,0.2132186,0.4918871600841955,0.597,0.051476908048758346,0.051476908048758346,0.6,1494.64854833896,1.0,0.6132256798316089,Sierra Leone,0.69,0.69,0.2,0.477517204284668,6092075.0,0.2,0.7333333333333333,1.82,1.82,0.04415400961337035,0.0,0.0781,0.0781,0.8,0.02410150585142099,0.039565497283954115,0.032000000476837195,0.6033592690347247,0.5987500000000001
Sierra Leone $(\eta=2)$,0.5356497092899943,3.0,40.0,1.0,0.4068659912801502,0.04347975,0.2132186,0.4918871600841955,0.597,0.051476908048758346,0.051476908048758346,0.6,1494.64854833896,2.0,0.6132256798316089,Sierra Leone,0.69,0.69,0.2,0.477517204284668,6092075.0,0.2,0.7333333333333333,1.82,1.82,0.04415400961337035,0.0,0.0781,0.0781,0.8,0.02410150585142099,0.039565497283954115,0.032000000476837195,0.6033592690347247,0.5987500000000001
Slovak Republic $(\eta=1)$,0.5356497092899943,3.0,40.0,1.0,0.30590188604179597,0.29756340000000003,0.4171376,0.88528785511383,0.992,0.14760856848130152,0.14760856848130152,0.0,25758.862634894904,1.0,0.22142428977234,Slovak Republic,0.1679728080635645,0.1679728080635645,0.2,0.979527893066406,5413393.0,0.2,0.0,100.0,100.0,0.6256033892276134,0.7666666666666667,0.0863,0.0863,0.0,0.43040267,0.389464188,0.141999998092651,0.3875484045953775,0.35962962962962974
Slovak Republic $(\eta=2)$,0.5356497092899943,3.0,40.0,1.0,0.30590188604179597,0.29756340000000003,0.4171376,0.88528785511383,0.992,0.14760856848130152,0.14760856848130152,0.0,25758.862634894904,2.0,0.22142428977234,Slovak Republic,0.1679728080635645,0.1679728080635645,0.2,0.979527893066406,5413393.0,0.2,0.0,100.0,100.0,0.6256033892276134,0.7666666666666667,0.0863,0.0863,0.0,0.43040267,0.389464188,0.141999998092651,0.3875484045953775,0.35962962962962974
Slovenia $(\eta=1)$,0.5356497092899943,3.0,40.0,1.0,0.2213378830398852,0.200224,0.3523933,0.9389559502673716,0.999,0.1094184334155629,0.1094184334155629,0.8,27368.1720259118,1.0,0.121088099465257,Slovenia,0.1679728080635645,0.1679728080635645,0.2,0.9882528686523442,2059953.0,0.2,0.0,56.56,56.56,0.7110224584806875,0.6333333333333333,0.0973,0.0973,1.0,0.62540764,0.33581189,0.101999998092651,0.36820089466237177,0.33379746835443036
Slovenia $(\eta=2)$,0.5356497092899943,3.0,40.0,1.0,0.2213378830398852,0.200224,0.3523933,0.9389559502673716,0.999,0.1094184334155629,0.1094184334155629,0.8,27368.1720259118,2.0,0.121088099465257,Slovenia,0.1679728080635645,0.1679728080635645,0.2,0.9882528686523442,2059953.0,0.2,0.0,56.56,56.56,0.7110224584806875,0.6333333333333333,0.0973,0.0973,1.0,0.62540764,0.33581189,0.101999998092651,0.36820089466237177,0.33379746835443036
South Africa $(\eta=1)$,0.5356497092899943,3.0,40.0,1.0,0.41221819094326817,0.13653189999999998,0.27751079999999995,0.9204691677899646,0.912,0.01739097661390025,0.01739097661390025,0.0,12454.1909220073,1.0,0.07106166442007099,South Africa,0.1679728080635645,0.1679728080635645,0.2,0.7698593139648441,53157490.0,0.2,0.0,100.0,100.0,0.1305959264570402,0.5833333333333334,0.0245,0.0245,0.0,0.7327359555846154,0.09087076465545328,0.24899999618530305,0.5572282592369119,0.5549999999999998
South Africa $(\eta=2)$,0.5356497092899943,3.0,40.0,1.0,0.41221819094326817,0.13653189999999998,0.27751079999999995,0.9204691677899646,0.912,0.01739097661390025,0.01739097661390025,0.0,12454.1909220073,2.0,0.07106166442007099,South Africa,0.1679728080635645,0.1679728080635645,0.2,0.7698593139648441,53157490.0,0.2,0.0,100.0,100.0,0.1305959264570402,0.5833333333333334,0.0245,0.0245,0.0,0.7327359555846154,0.09087076465545328,0.24899999618530305,0.5572282592369119,0.5549999999999998
Spain $(\eta=1)$,0.5356497092899943,3.0,40.0,1.0,0.18299929671374224,0.2691136,0.4078074,0.8860230573311625,1.0,0.044690329736260935,0.044690329736260935,0.0,31682.6447411771,1.0,0.227953885337675,Spain,0.1679728080635645,0.1679728080635645,0.2,0.971474380493164,46617825.0,0.2,0.0,98.21,98.21,0.008493292616213122,0.6166666666666667,0.0541,0.0541,0.0,0.52520472,0.428425678,0.26600000381469696,0.110065184183869,0.11000000000000001
Spain $(\eta=2)$,0.5356497092899943,3.0,40.0,1.0,0.18299929671374224,0.2691136,0.4078074,0.8860230573311625,1.0,0.044690329736260935,0.044690329736260935,0.0,31682.6447411771,2.0,0.227953885337675,Spain,0.1679728080635645,0.1679728080635645,0.2,0.971474380493164,46617825.0,0.2,0.0,98.21,98.21,0.008493292616213122,0.6166666666666667,0.0541,0.0541,0.0,0.52520472,0.428425678,0.26600000381469696,0.110065184183869,0.11000000000000001
Sri Lanka $(\eta=1)$,0.5356497092899943,3.0,40.0,1.0,0.33796080258900235,0.21014090000000002,0.32752829999999994,0.7603122736663375,0.986,0.06235160323157399,0.06235160323157399,0.6,9425.73738258594,1.0,0.465375452667325,Sri Lanka,0.1679728080635645,0.1679728080635645,0.2,0.965749130249023,20483000.0,0.2,0.6666666666666667,6.42,6.42,0.038518720709401544,0.36666666666666664,0.07719999999999999,0.07719999999999999,0.8,0.08488117518313967,0.08099955002727935,0.041999998092651404,0.6066332627780204,0.6042500000000002
Sri Lanka $(\eta=2)$,0.5356497092899943,3.0,40.0,1.0,0.33796080258900235,0.21014090000000002,0.32752829999999994,0.7603122736663375,0.986,0.06235160323157399,0.06235160323157399,0.6,9425.73738258594,2.0,0.465375452667325,Sri Lanka,0.1679728080635645,0.1679728080635645,0.2,0.965749130249023,20483000.0,0.2,0.6666666666666667,6.42,6.42,0.038518720709401544,0.36666666666666664,0.07719999999999999,0.07719999999999999,0.8,0.08488117518313967,0.08099955002727935,0.041999998092651404,0.6066332627780204,0.6042500000000002
Sweden $(H=65\%)$,0.65,3.0,40.0,1.0,0.357367643802592,0.5881995,0.6711391999999999,0.918391956299133,1.0,0.03404651566690384,0.03404651566690384,0.8,43540.494391932596,1.5,0.16321608740173402,Sweden,0.1679728080635645,0.1679728080635645,0.2,0.955790405273438,9600379.0,0.2,0.7333333333333333,53.62,53.62,0.013650996706374263,1.0,0.0952,0.0952,0.8,0.45691392,0.347844955,0.0810000038146973,0.12824926964251512,0.1280246913580247
Sweden $(\alpha=-70\%)$,0.5356497092899943,3.0,40.0,-0.7,0.357367643802592,0.5881995,0.6711391999999999,0.918391956299133,1.0,0.03404651566690384,0.03404651566690384,0.8,43540.494391932596,1.5,0.16321608740173402,Sweden,0.1679728080635645,0.1679728080635645,0.2,0.955790405273438,9600379.0,0.2,0.7333333333333333,53.62,53.62,0.013650996706374263,1.0,0.0952,0.0952,0.8,0.45691392,0.347844955,0.0810000038146973,0.12824926964251512,0.1280246913580247
Sweden $(\eta=1)$,0.5356497092899943,3.0,40.0,1.0,0.357367643802592,0.5881995,0.6711391999999999,0.918391956299133,1.0,0.03404651566690384,0.03404651566690384,0.8,43540.494391932596,1.0,0.16321608740173402,Sweden,0.1679728080635645,0.1679728080635645,0.2,0.955790405273438,9600379.0,0.2,0.7333333333333333,53.62,53.62,0.013650996706374263,1.0,0.0952,0.0952,0.8,0.45691392,0.347844955,0.0810000038146973,0.12824926964251512,0.1280246913580247
Sweden $(\eta=2)$,0.5356497092899943,3.0,40.0,1.0,0.357367643802592,0.5881995,0.6711391999999999,0.918391956299133,1.0,0.03404651566690384,0.03404651566690384,0.8,43540.494391932596,2.0,0.16321608740173402,Sweden,0.1679728080635645,0.1679728080635645,0.2,0.955790405273438,9600379.0,0.2,0.7333333333333333,53.62,53.62,0.013650996706374263,1.0,0.0952,0.0952,0.8,0.45691392,0.347844955,0.0810000038146973,0.12824926964251512,0.1280246913580247
Sweden $(\pi=40\%)$,0.5356497092899943,3.0,40.0,1.0,0.357367643802592,0.5881995,0.6711391999999999,0.918391956299133,1.0,0.03404651566690384,0.03404651566690384,0.8,43540.494391932596,1.5,0.16321608740173402,Sweden,0.1679728080635645,0.1679728080635645,0.4,0.955790405273438,9600379.0,0.2,0.7333333333333333,53.62,53.62,0.013650996706374263,1.0,0.0952,0.0952,0.8,0.45691392,0.347844955,0.0810000038146973,0.12824926964251512,0.1280246913580247
Sweden $(fa= 2\%)$,0.5356497092899943,3.0,40.0,1.0,0.357367643802592,0.5881995,0.6711391999999999,0.918391956299133,1.0,0.01702325783345,0.01702325783345,0.8,43540.494391932596,1.5,0.16321608740173402,Sweden,0.1679728080635645,0.1679728080635645,0.2,0.955790405273438,9600379.0,0.2,0.7333333333333333,53.62,53.62,0.013650996706374263,1.0,0.0952,0.0952,0.8,0.45691392,0.347844955,0.0810000038146973,0.12824926964251512,0.1280246913580247
Sweden $(pe= 0\%)$,0.5356497092899943,3.0,40.0,1.0,0.357367643802592,0.5881995,0.6711391999999999,0.918391956299133,1.0,0.03404651566690384,0.03404651566690384,0.8,43540.494391932596,1.5,0.16321608740173402,Sweden,0.0,0.0,0.2,0.955790405273438,9600379.0,0.2,0.7333333333333333,53.62,53.62,0.013650996706374263,1.0,0.0952,0.0952,0.8,0.45691392,0.347844955,0.0810000038146973,0.12824926964251512,0.12806506370746587
Sweden $(protection=27yr)$,0.5356497092899943,3.0,40.0,1.0,0.357367643802592,0.5881995,0.6711391999999999,0.918391956299133,1.0,0.03404651566690384,0.03404651566690384,0.8,43540.494391932596,1.5,0.16321608740173402,Sweden,0.1679728080635645,0.1679728080635645,0.2,0.955790405273438,9600379.0,0.2,0.7333333333333333,26.81,26.81,0.013650996706374263,1.0,0.0952,0.0952,0.8,0.45691392,0.347844955,0.0810000038146973,0.12824926964251512,0.1280246913580247
Sweden $(pv= 0\%)$,0.5356497092899943,3.0,40.0,1.0,0.357367643802592,0.5881995,0.6711391999999999,0.918391956299133,1.0,0.03404651566690384,0.03404651566690384,0.8,43540.494391932596,1.5,0.16321608740173402,Sweden,0.1679728080635645,0.1679728080635645,0.2,0.955790405273438,9600379.0,0.2,0.7333333333333333,53.62,53.62,0.0,1.0,0.0952,0.0952,0.8,0.45691392,0.347844955,0.0810000038146973,0.12824926964251512,0.12824926964251512
Sweden $(v= 6\%)$,0.5356497092899943,3.0,40.0,1.0,0.357367643802592,0.5881995,0.6711391999999999,0.918391956299133,1.0,0.03404651566690384,0.03404651566690384,0.8,43540.494391932596,1.5,0.16321608740173402,Sweden,0.1679728080635645,0.1679728080635645,0.2,0.955790405273438,9600379.0,0.2,0.7333333333333333,53.62,53.62,0.013650996706374263,1.0,0.0952,0.0952,0.8,0.45691392,0.347844955,0.0810000038146973,0.0641246348215,0.06401234567925436
Syrian Arab Republic $(\eta=1)$,0.5356497092899943,3.0,40.0,1.0,0.270750756517352,0.04674114,0.05367074,0.7113091862287106,0.962,0.05528907896355716,0.05528907896355716,0.6,4959.392523364486,1.0,0.5393816275425789,Syrian Arab Republic,0.1679728080635645,0.1679728080635645,0.2,0.9316371154785159,22845550.0,0.2,0.6666666666666667,9.03,9.03,0.5631956465110188,0.0,0.0768,0.0768,0.6000000000000001,0.0449077463751928,0.12255292524153776,0.108000001907349,0.4030205696939671,0.38
Syrian Arab Republic $(\eta=2)$,0.5356497092899943,3.0,40.0,1.0,0.270750756517352,0.04674114,0.05367074,0.7113091862287106,0.962,0.05528907896355716,0.05528907896355716,0.6,4959.392523364486,2.0,0.5393816275425789,Syrian Arab Republic,0.1679728080635645,0.1679728080635645,0.2,0.9316371154785159,22845550.0,0.2,0.6666666666666667,9.03,9.03,0.5631956465110188,0.0,0.0768,0.0768,0.6000000000000001,0.0449077463751928,0.12255292524153776,0.108000001907349,0.4030205696939671,0.38
Tanzania $(\eta=1)$,0.5356497092899943,3.0,40.0,1.0,0.41320436712274966,0.0399119,0.17232039999999998,0.5784213020502971,0.489,0.01994023261418108,0.01994023261418108,0.6,2364.7027567607893,1.0,0.332157395899406,Tanzania,-0.1,-0.1,0.2,0.6665309906005861,49253126.0,0.2,0.6666666666666667,1.97,1.97,0.9308550450867878,0.0,0.0739,0.0739,0.6000000000000001,0.04670887958789026,0.055755721231879295,0.035,0.32628031897220067,0.305
Tanzania $(\eta=2)$,0.5356497092899943,3.0,40.0,1.0,0.41320436712274966,0.0399119,0.17232039999999998,0.5784213020502971,0.489,0.01994023261418108,0.01994023261418108,0.6,2364.7027567607893,2.0,0.332157395899406,Tanzania,-0.1,-0.1,0.2,0.6665309906005861,49253126.0,0.2,0.6666666666666667,1.97,1.97,0.9308550450867878,0.0,0.0739,0.0739,0.6000000000000001,0.04670887958789026,0.055755721231879295,0.035,0.32628031897220067,0.305
Thailand $(\eta=1)$,0.5356497092899943,3.0,40.0,1.0,0.24033636299972685,0.35081870000000004,0.47387429999999997,0.9416603803118336,0.996,0.17032805698914133,0.17032805698914133,1.0,13931.811471326699,1.0,0.112679239376333,Thailand,0.1679728080635645,0.1679728080635645,0.2,0.936392364501953,67010502.0,0.2,0.6666666666666667,22.49,22.49,1.5062770294185137,0.65,0.0676,0.0676,0.6000000000000001,0.29254505240321776,0.5114841293292219,0.00699999988079071,0.25136886010808135,0.21790123456790111
Thailand $(\eta=2)$,0.5356497092899943,3.0,40.0,1.0,0.24033636299972685,0.35081870000000004,0.47387429999999997,0.9416603803118336,0.996,0.17032805698914133,0.17032805698914133,1.0,13931.811471326699,2.0,0.112679239376333,Thailand,0.1679728080635645,0.1679728080635645,0.2,0.936392364501953,67010502.0,0.2,0.6666666666666667,22.49,22.49,1.5062770294185137,0.65,0.0676,0.0676,0.6000000000000001,0.29254505240321776,0.5114841293292219,0.00699999988079071,0.25136886010808135,0.21790123456790111
Turkey $(\eta=1)$,0.5356497092899943,3.0,40.0,1.0,0.4121669094199699,0.02105567,0.05568721,0.9000892289772195,0.95,0.029053408461022487,0.029053408461022487,0.8,18567.1347101229,1.0,0.149821542045561,Turkey,0.1679728080635645,0.1679728080635645,0.2,0.9002465057373051,74932641.0,0.2,0.8,18.17,18.17,0.9426145348942243,0.5333333333333333,0.058,0.058,0.6000000000000001,0.2914336039117214,0.2039548719407596,0.1,0.3243052024390951,0.30135802469135803
Turkey $(\eta=2)$,0.5356497092899943,3.0,40.0,1.0,0.4121669094199699,0.02105567,0.05568721,0.9000892289772195,0.95,0.029053408461022487,0.029053408461022487,0.8,18567.1347101229,2.0,0.149821542045561,Turkey,0.1679728080635645,0.1679728080635645,0.2,0.9002465057373051,74932641.0,0.2,0.8,18.17,18.17,0.9426145348942243,0.5333333333333333,0.058,0.058,0.6000000000000001,0.2914336039117214,0.2039548719407596,0.1,0.3243052024390951,0.30135802469135803
Uganda $(\eta=1)$,0.5356497092899943,3.0,40.0,1.0,0.5735745521051661,0.086366,0.2165355,0.5950257511946815,0.574,0.005528611190306575,0.005528611190306575,0.0,1620.57693909325,1.0,0.38394849761063693,Uganda,0.65,0.65,0.2,0.24837799072265598,37578876.0,0.2,0.0,1.5,1.5,1.3047948506883111,0.33333333333333337,0.0581,0.0581,0.0,0.4820507960439505,0.11868131619167735,0.0379999995231628,0.2733432000734707,0.22999999999999998
Uganda $(\eta=2)$,0.5356497092899943,3.0,40.0,1.0,0.5735745521051661,0.086366,0.2165355,0.5950257511946815,0.574,0.005528611190306575,0.005528611190306575,0.0,1620.57693909325,2.0,0.38394849761063693,Uganda,0.65,0.65,0.2,0.24837799072265598,37578876.0,0.2,0.0,1.5,1.5,1.3047948506883111,0.33333333333333337,0.0581,0.0581,0.0,0.4820507960439505,0.11868131619167735,0.0379999995231628,0.2733432000734707,0.22999999999999998
Ukraine $(\eta=1)$,0.5356497092899943,3.0,40.0,1.0,0.2458541924399426,0.014264940000000004,0.08083077000000001,0.7809615380284765,0.99,0.03942413210103664,0.03942413210103664,0.0,8508.01478731021,1.0,0.4280769239430471,Ukraine,0.1679728080635645,0.1679728080635645,0.2,0.993542861938477,45489600.0,0.2,0.0,9.34,9.34,0.5440305937644718,0.06666666666666667,0.1021,0.1021,0.0,0.4945787511353011,0.3007949956438002,0.0790000009536743,0.4080230032644683,0.37725000000000003
Ukraine $(\eta=2)$,0.5356497092899943,3.0,40.0,1.0,0.2458541924399426,0.014264940000000004,0.08083077000000001,0.7809615380284765,0.99,0.03942413210103664,0.03942413210103664,0.0,8508.01478731021,2.0,0.4280769239430471,Ukraine,0.1679728080635645,0.1679728080635645,0.2,0.993542861938477,45489600.0,0.2,0.0,9.34,9.34,0.5440305937644718,0.06666666666666667,0.1021,0.1021,0.0,0.4945787511353011,0.3007949956438002,0.0790000009536743,0.4080230032644683,0.37725000000000003
United Kingdom $(\eta=1)$,0.5356497092899943,3.0,40.0,1.0,0.30312817474804055,0.4119409000000001,0.49589160000000004,0.953556069853622,1.0,0.03970236878830578,0.03970236878830578,0.8,36931.4742257195,1.0,0.092887860292756,United Kingdom,0.1679728080635645,0.1679728080635645,0.2,0.998382568359375,64106779.0,0.2,0.8,225.69,225.69,0.01434192641370946,0.9666666666666667,0.0577,0.0577,1.0,0.68410164,0.41424028799999996,0.075,0.12816191129910784,0.1280246913580247
United Kingdom $(\eta=2)$,0.5356497092899943,3.0,40.0,1.0,0.30312817474804055,0.4119409000000001,0.49589160000000004,0.953556069853622,1.0,0.03970236878830578,0.03970236878830578,0.8,36931.4742257195,2.0,0.092887860292756,United Kingdom,0.1679728080635645,0.1679728080635645,0.2,0.998382568359375,64106779.0,0.2,0.8,225.69,225.69,0.01434192641370946,0.9666666666666667,0.0577,0.0577,1.0,0.68410164,0.41424028799999996,0.075,0.12816191129910784,0.1280246913580247
United States $(\eta=1)$,0.5356497092899943,3.0,40.0,1.0,0.3187368533465751,0.33614190000000005,0.6209439999999999,0.9374166756312924,0.993,0.03695696893703195,0.03695696893703195,0.8,51340.4876279117,1.0,0.118166648737415,United States,0.1679728080635645,0.1679728080635645,0.2,0.998382568359375,316128839.0,0.2,0.7333333333333333,460.2,460.2,0.8889811420192579,0.9833333333333333,0.047,0.047,0.8,0.63,0.09,0.07400000095367429,0.1349934069365105,0.1277777777777778
United States $(\eta=2)$,0.5356497092899943,3.0,40.0,1.0,0.3187368533465751,0.33614190000000005,0.6209439999999999,0.9374166756312924,0.993,0.03695696893703195,0.03695696893703195,0.8,51340.4876279117,2.0,0.118166648737415,United States,0.1679728080635645,0.1679728080635645,0.2,0.998382568359375,316128839.0,0.2,0.7333333333333333,460.2,460.2,0.8889811420192579,0.9833333333333333,0.047,0.047,0.8,0.63,0.09,0.07400000095367429,0.1349934069365105,0.1277777777777778
Uruguay $(\eta=1)$,0.5356497092899943,3.0,40.0,1.0,0.29188665397068997,0.01661895,0.08380116000000001,0.9125362844095894,0.995,0.017541884117561222,0.017541884117561222,0.6,18965.8165353822,1.0,0.169927431180821,Uruguay,0.1679728080635645,0.1679728080635645,0.2,0.9474363708496091,3407062.0,0.2,0.6666666666666667,46.9,46.9,0.935555281571921,0.5666666666666667,0.052300000000000006,0.052300000000000006,0.6000000000000001,0.23173998070470125,0.2115162775501324,0.06599999904632571,0.3254879909647213,0.30499999999999994
Uruguay $(\eta=2)$,0.5356497092899943,3.0,40.0,1.0,0.29188665397068997,0.01661895,0.08380116000000001,0.9125362844095894,0.995,0.017541884117561222,0.017541884117561222,0.6,18965.8165353822,2.0,0.169927431180821,Uruguay,0.1679728080635645,0.1679728080635645,0.2,0.9474363708496091,3407062.0,0.2,0.6666666666666667,46.9,46.9,0.935555281571921,0.5666666666666667,0.052300000000000006,0.052300000000000006,0.6000000000000001,0.23173998070470125,0.2115162775501324,0.06599999904632571,0.3254879909647213,0.30499999999999994
Vietnam $(\eta=1)$,0.5356497092899943,3.0,40.0,1.0,0.2697045509948559,0.03995232,0.10271140000000001,0.7174536252778836,0.929,0.21090055076081826,0.21090055076081826,0.8,5124.60351980227,1.0,0.4940927494442329,Vietnam,0.1679728080635645,0.1679728080635645,0.2,0.9449783325195308,89708900.0,0.2,0.5333333333333333,17.58,17.58,0.036500479483159154,0.38333333333333336,0.0703,0.0703,0.8,0.2442000471920311,0.2475653833673597,0.02,0.12542203556415452,0.125
Vietnam $(\eta=2)$,0.5356497092899943,3.0,40.0,1.0,0.2697045509948559,0.03995232,0.10271140000000001,0.7174536252778836,0.929,0.21090055076081826,0.21090055076081826,0.8,5124.60351980227,2.0,0.4940927494442329,Vietnam,0.1679728080635645,0.1679728080635645,0.2,0.9449783325195308,89708900.0,0.2,0.5333333333333333,17.58,17.58,0.036500479483159154,0.38333333333333336,0.0703,0.0703,0.8,0.2442000471920311,0.2475653833673597,0.02,0.12542203556415452,0.125
"Yemen, Rep. $(\eta=1)$",0.5356497092899943,3.0,40.0,1.0,0.2191314756601725,0.0,0.016879240000000004,0.3082166371688615,0.35700000000000004,0.01983274670164713,0.01983274670164713,0.2,3832.28473991896,1.0,0.740566725662277,"Yemen, Rep.",0.1679728080635645,0.1679728080635645,0.2,0.5949760818481451,24407381.0,0.2,0.26666666666666666,6.43,6.43,0.0,0.0,0.0784,0.0784,0.2,0.10970581006083203,0.07832728932803425,0.173999996185303,0.13,0.13
"Yemen, Rep. $(\eta=2)$",0.5356497092899943,3.0,40.0,1.0,0.2191314756601725,0.0,0.016879240000000004,0.3082166371688615,0.35700000000000004,0.01983274670164713,0.01983274670164713,0.2,3832.28473991896,2.0,0.740566725662277,"Yemen, Rep.",0.1679728080635645,0.1679728080635645,0.2,0.5949760818481451,24407381.0,0.2,0.26666666666666666,6.43,6.43,0.0,0.0,0.0784,0.0784,0.2,0.10970581006083203,0.07832728932803425,0.173999996185303,0.13,0.13
Zambia $(\eta=1)$,0.5356497092899943,3.0,40.0,1.0,0.425750249346411,0.02737125,0.17678870000000002,0.593454548423604,0.465,0.01859221189872716,0.01859221189872716,0.8,3799.54043558048,1.0,0.27809090315279195,Zambia,0.68,0.68,0.2,0.5548900985717771,14538640.0,0.2,0.8666666666666666,6.53,6.53,0.9223875483880921,0.33333333333333337,0.0358,0.0358,0.8,0.14486472615327964,0.1068065684921182,0.133000001907349,0.32771747847006727,0.30500000000000005
Zambia $(\eta=2)$,0.5356497092899943,3.0,40.0,1.0,0.425750249346411,0.02737125,0.17678870000000002,0.593454548423604,0.465,0.01859221189872716,0.01859221189872716,0.8,3799.54043558048,2.0,0.27809090315279195,Zambia,0.68,0.68,0.2,0.5548900985717771,14538640.0,0.2,0.8666666666666666,6.53,6.53,0.9223875483880921,0.33333333333333337,0.0358,0.0358,0.8,0.14486472615327964,0.1068065684921182,0.133000001907349,0.32771747847006727,0.30500000000000005
