country	H	alpha	avg_prod_k	bashs	finance_pre	loan40	loan60	ophe	pe	plgp	prepare_scaleup	pv	rating	saved40	saved60	share1	shew	social_p	social_r	unemp	v
Afghanistan																					
Albania	1.8797907159121963	-105128.52437364397	-10.50762094900112	4.717154141327156	inf	63.09108956202799	33.0682230701935	-8.966443114359851	-4.660609464986299	2.3709117425316673	455684.41789217765	-5.7575208398675395	inf	252.72589391262278	59.87176972586479	9.077369000300076	48055.83572603067	8.836956145935728	14.264223903822979	-3.659467581371358	103.60271125832965
Algeria																					
American Samoa																					
Andorra																					
Angola																					
Antigua and Barbuda																					
Arab World																					
Argentina	2.6367759541498614	-72358.44092568311	-7.233431555854349	3.960699350184831	65.79522254666774	165.7653260451149	61.45483999662521	-19.136439413271944	-2.9350791161288394	2.0659134917287028	56.390923410241285	-4.025730030787338	394.19834226409785	1600.053716523913	185.20457775654268	15.89971015798117	4.779481437014593	9.798632323584107	25.144174894009545	-6.412308348900202	-139.0606016636604
Armenia																					
Aruba																					
Australia	5.504462839057849	-60992.58346666632	-6.097295316410787	7.831318502860066	21.678865364693333	305.4937841048652	20.38922743540351	-42.298529760413956	-6.12755889252555	3.9955700716435087	9.634005148347962	-8.165227333893407	17.341733567092643	210.00786980637025	14.91395309250585	-134.0870110066075	3.5500375386418925	4.8810249521360465	12.144362685852297	-17.173680262004698	-56.93645783369925
Austria	5.18077974472792	-58954.571823446444	-5.893250551667562	5.802122691182419	inf	291.331603028339	94.90564443595812	-37.40910377544983	-5.056928739910512	2.850499997441482	134201.85554162614	-6.560734654826488	inf	96.24993073670866	32.82396688913047	13.139042805829224	44651.30324111019	4.516789904819566	13.242990126813517	-14.505048184974806	-59.554934094984304
Azerbaijan	3.746415053983636	-33852.45907996315	-3.3847472683623803	5.595090684921386	inf	40.38376629572946	18.541797510788108	-8.060272703094563	-4.112703365367524	2.8321220517228984	368129.022926833	-5.330872438856404	inf	7809.922758850374	354.5269780225129	9.161445565139342	40829.74838933957	10.287564453988724	28.285814444783572	-12.639621858953193	80.65255992201986
Bahamas, The																					
Bahrain																					
Bangladesh	1.6400722846066216	-83741.04085416801	-8.371459648907242	18.904823760596493	43.40952557311769	23.531395866037187	17.78927107640774	-9.46044644756928	-3.5816474417316937	4.526247039528599	28.936297540669518	-4.789185280336277	86.79924810310567	65.94805575250702	33.838321034425	7.032554502199652	4.78012846948956	25.615934566521933	12.262852017603448	-17.420690138275493	-58.48729412485451
Barbados																					
Belarus																					
Belgium	2.818650969989334	-67796.2777159999	-6.776861833308559	6.072385817413605	inf	200.91390136422763	58.95090777522283	-30.243870699725125	-6.6330053622221845	3.1883955078116943	120087.1007346821	-8.274573037586826	inf	94.15137316908293	23.056691693610325	23.332018896959582	44568.0796087853	3.2366215920211268	7.393883569121966	-8.855480058480376	-28.018806789432055
Belize																					
Benin	3.128769855105599	-58080.54540368786	-5.80649914272636	5.805791914725361	inf	53.79694371668358	17.90540311932806	-11.031045960431337	-2.9329214508741943	4.119611673694523	inf	-4.050626975356213	inf	645.980842887176	74.72832312670873	9.967260154366844	46480.04403293008	55.93288506975438	69.08979805403192	-61.027469852438	22.157117232671045
Bermuda																					
Bhutan																					
Bolivia	3.502672802543675	-46801.25720081275	-4.679153540059476	6.712281336221863	165.8297133435502	99.04266074532809	39.44658556029619	-20.54494097906149	-2.5094879953675457	2.768784607454657	81.20620013584158	-3.61163757928656	159.16604970034433	236.8405610504571	49.024882852799294	19.674592332869654	6.341718656434246	14.244044087715586	36.186537996528656	-22.94357868355448	177.266575949713
Bosnia and Herzegovina																					
Botswana	2.1416101623020443	-79036.40769376972	-7.901086422091903	5.8525093769834	34.19509632382605	33.10148698650052	10.326909789947852	-100.19018908857714	-2.8812426162784677	2.9774908717215087	19.820156693898078	-3.8195329309947263	47.159960054567634	197.67981374809898	23.357834368582864	41.717370871597986	3.6592287085544966	7.616350245805666	34.88264874758723	-3.7611812209594113	-126.95083104585085
Brazil	2.003622628437964	-73211.22368397069	-7.318643137294103	5.46646667125658	29.588000100633845	80.32083018170763	27.744187032391167	-17.131484486002524	-2.911520354562494	4.936334407231732	15.000672027583995	-3.928105845727246	30.42899880859451	273.98884997308187	55.43729573797498	25.643505259096735	21.81263866936837	6.377218386239951	11.01144814251353	-11.233892333951733	-90.6173618585237
Brunei Darussalam																					
Bulgaria	1.7173489337745915	-58703.55730216419	-5.868748743865245	7.5706958383683025	13.689063162210454	158.93488875225037	30.400605521507867	-17.808489033901772	-7.210231461968372	3.885365207102334	8.110901780660637	-9.865077932154417	19.908111659489762	5792.819410788079	132.14921696920752	74.71992080918079	4.343343115625373	2.7585001813578263	4.191288432282453	-7.299225537932741	-11.304184784137336
Burkina Faso	1.8818349996203831	-50355.415550116755	-5.034447028474521	9.740383333193028	14.146925410497428	126.48701178282155	18.293477319753208	-17.653156786514973	-6.553545003684739	4.653711729313649	10.777427625906865	-8.105012944057203	45.25287631433856	1224.7187014188514	62.86276967103642	42.54734386593849	6.077215868612319	3.2990825316789425	6.951073072972728	-25.881953665840573	-17.38988176791943
Burundi																					
Cabo Verde																					
Cambodia	3.3340794314044198	-44807.757988131925	-4.479918132802727	7.350340753706264	inf	23.51067846230916	12.326565224270148	-8.812136447204733	-3.7234639211257146	4.1238582458768835	4945722.297668806	-4.971833730241162	inf	7511.013252743819	536.7825965403013	6.1288725864782325	44387.51102027317	128.88733919401784	162.42684170646663	-226.56065866147765	22.58933508506815
Cameroon	3.045523423511428	-50701.26923884122	-5.069057494893269	9.047835003777283	inf	25.417364657128	12.724973334677879	-9.185172880957664	-3.1641383446462448	4.124749275270794	6099745.931914867	-4.311445771613302	inf	135.09414813449962	60.798006688451	9.872159359208924	45812.65705721347	129.87641979214845	276.91725024516927	-17.982178934622493	17.705422818747994
Canada	4.974908155117781	-50574.44778242297	-5.0561357378776375	7.5335523851311486	26.198674537552673	322.3634258563408	22.328739417963323	-50.24424141621652	-7.021745975725035	3.843648588251597	9.823632309966248	-9.449533791690696	15.71810663204061	321.38977310645583	15.594296389790241	-63.024879214540434	4.530821123573947	4.760094501485275	11.010064171623526	-13.263138938506266	-57.30167199701564
Caribbean small states																					
Cayman Islands																					
Central African Republic																					
Central Europe and the Baltics																					
Chad																					
Channel Islands																					
Chile																					
China																					
Colombia	2.360513268186103	-70551.37225638838	-7.052873779517752	5.132677247735572	27.42939786174289	67.30542609222825	22.15457551860102	-34.53186358382021	-2.6206560034804114	3.0082829125482973	15.67224063274894	-3.639291616851376	36.56718909864843	464.0186851935467	63.68095654633605	22.60762574010801	4.706787280961936	8.114529593424711	15.21134684851038	-6.067516785972187	-49.0651191601303
Comoros	2.214067122534468	-111835.76975414145	-11.17833533027953	6.219213200875453	1440.0025982797042	40.76883021550769	14.19198096390546	-11.588101420747766	-2.4608772072418956	4.613312129774455	1439.7144223307307	-3.432143720454899	2880292.158561838	407.6838095270672	37.6675394552534	27.96002032120424	7.284371360563539	65.75333164688047	141.19315073522404	-9.831018890391121	23.098984881623633
Congo, Dem. Rep.	2.6474554219991027	-82914.154194935	-8.288240938839095	5.860589712763637	inf	45.08194041687904	17.756128194939016	-14.505885383930787	-2.971166004331944	3.3311292641011048	2030671.8922627792	-4.09201902474795	inf	1519.7059558564133	325.9930504079716	11.99834099686351	49211.1056038619	61.828167931538204	82.79251388794913	-7.362297016151904	17.23528925419382
Congo, Rep.	2.989745236032924	-52195.80768682751	-5.218349095893521	5.184801622789139	inf	56.52056073340259	24.063738819438413	-19.361202214443253	-3.0628202816096444	3.45206151662175	1093821.769779781	-4.186446187812621	inf	914.2893071629954	96.58610797606599	12.047682834775078	45158.18379617162	16.982235092391743	38.0765883411255	-9.332526619094109	31.092652863118037
Costa Rica	2.413238010801685	-44333.6799031637	-4.432555689246321	5.749356067410275	9.770543562072586	390.7534407146712	36.13484299830295	-24.67870575644379	-4.960007753508483	3.2205539493017987	6.586273944544529	-6.611417621286297	20.210982662186556	553.6733236865707	36.13973694585381	139.73120420856196	3.272405990871315	3.328083370326799	10.152433717390998	-9.370973211683243	-22.040460864057607
Cote d'Ivoire																					
Croatia	1.6841746107214126	-82521.17144829816	-8.24887260414407	6.19006910216952	13.859588795287056	90.58967082761696	17.73114091609111	-44.56997619380585	-6.954623047199316	3.1124782279962515	8.752439329684218	-8.54732260304017	23.75462618981014	329.32816015956587	51.07258907517813	24.563099171397123	4.574443548577555	3.6494935242445026	6.194054506063467	-4.37150356855177	-13.633258110396453
Cuba																					
Curacao																					
Cyprus																					
Czech Republic	4.005530268716143	-67263.57631774379	-6.723870694834803	9.302576383265837	13.312546474969638	164.66201193431067	96.15849952239714	-65.62669951350519	-5.873287298506032	4.681683928577457	7.327216665980931	-7.188611718276909	16.299321456929267	152.50521698745533	75.23630930869389	15.631378690707857	3.5259852582370574	4.394839566823433	9.16405507975821	-16.83542989951646	-24.283694380214435
Denmark	4.770695367078476	-59638.67426624887	-5.961611198698991	7.17310380765395	inf	222.97786626101012	34.97216146549014	-55.73508166565037	-7.080378085510142	3.5543867662414135	134776.72111072933	-8.688709261637674	inf	128.6434672578605	18.58453807757637	28.473710039676508	44595.69249821697	3.5340942225142857	11.347701570446732	-12.552781220670148	-50.31690388981701
Djibouti																					
Dominica																					
Dominican Republic	1.9212606707496416	-63469.859861433695	-6.345468655359108	5.978136617792034	40.94156039484569	48.667422447355754	13.713541749817493	-15.102310453134073	-3.001946414275105	3.6924529316486816	25.85532969364689	-3.888896284802451	70.16754243705032	213.36120176898126	26.89219937189819	15.783193998149468	4.660947762176807	9.412188426926486	21.195200325889857	-4.90486031612095	-101.44204251813203
East Asia & Pacific (all income levels)																					
East Asia & Pacific (developing only)																					
Ecuador	2.7050044836198084	-70309.18448821502	-7.028477051478773	4.607180174455873	23.503250751183046	113.98311151394714	29.744105813275894	-8.805127520275619	-3.1302334598446406	2.4761864027771776	17.091438862060514	-4.234353666335535	62.65570415122269	255.7466586653151	52.2311207665942	20.57650872954451	6.629060935902305	6.188759800337794	18.33076282639909	-13.464753061712006	-69.35565733385272
Egypt, Arab Rep.	2.418252535090205	-47137.4070088088	-4.712887240956007	6.742372792756298	inf	41.297489009374665	25.208052128513614	-8.927781770488352	-4.040470719217025	2.7678773237169803	1395192.2825860488	-5.36796211946549	inf	4698.5674372283465	727.3333922643529	6.650341444838279	44321.888141940755	30.766578388543525	31.2927149226497	-5.235931173142894	27.399104542101313
El Salvador	2.4278701424842	-137645.22217154416	-13.754920890198703	4.004707192802407	80.115533530148	231.9996999949671	51.0497659873826	-11.806688925107515	-3.001881086987789	2.2787946793473024	48.87818889262712	-4.011920274335206	125.36943855288511	423.670669744981	34.953810313483714	12.042746171649224	7.223300415335472	16.379532349834417	36.85662578294908	-7.5881895907784065	80.5297622380949
Equatorial Guinea																					
Eritrea																					
Estonia	3.4013662696463545	-54707.87738954076	-5.469091978873643	5.790092471336339	inf	91.69433807885034	28.13144761659585	-31.36323372009126	-4.547834724202423	2.9792731024576655	139752.37915378326	-5.856941116672974	inf	138.95042611092717	32.41422968404491	16.288540718812644	43819.45178412719	4.0912864716005615	11.303719800464938	-8.208041594844397	-49.74216887340333
Ethiopia																					
Euro area																					
Europe & Central Asia (all income levels)																					
Europe & Central Asia (developing only)																					
European Union																					
Faeroe Islands																					
Fiji																					
Finland	4.352741625822624	-70155.11119410011	-7.012652907491133	10.793487388092858	18.47762645005515	155.414400838097	26.98249471018088	-57.9799522741888	-8.712894026941242	5.415623048279027	8.288101001051066	-11.138964410137056	15.031421730200636	147.33040392969517	21.662921946446847	73.17393070200819	4.688085203558656	4.21349116317816	9.625622514231017	-16.436863499546053	-28.455834507608127
Fragile and conflict affected situations																					
France	2.964666653048267	-73847.83245042419	-7.38182719203317	9.206931149774233	11.856398893394552	202.2950270814399	59.233506511347805	-122.02772134275247	-6.308385201526844	4.603465064503561	6.185192254411081	-8.028469653548592	12.933020732915669	121.00692975241888	26.898563253551547	32.882055256858166	3.519127613037857	3.6069480906900044	7.278377619539965	-10.844620558973615	-18.24875051206531
French Polynesia																					
Gabon	1.8164292945165208	-74862.63962068822	-7.4841985315786355	7.0192206343419405	inf	39.89285803923395	14.484646821136616	-15.136404043252261	-3.485168339519525	5.240104510287416	461100.5680230945	-4.409003181059449	inf	573.1845220166842	37.80617464839543	14.499919590356406	47450.924987397026	11.081608621946085	22.378939818953246	-3.9975433347693707	24.97175541106649
Gambia, The																					
Georgia																					
Germany	5.229415249674862	-57065.964844301314	-5.704773234399008	10.219523888958733	18.29592489273922	591.2246834819828	88.9006940011239	-84.74834522563151	-10.144387571120081	5.309264281191329	8.130620508592296	-14.231786217879401	14.635580017704886	272.9254384908477	36.4613874429298	-99.11499723005839	4.577022099223131	4.022353502253877	8.92828831775865	-24.102240363211415	-32.49478244479242
Ghana	2.1113555451167665	-53589.00591597438	-5.357732349750992	8.302530840947686	26.835678147736846	49.69768736394413	24.70552284872733	-19.775914472891618	-3.477926436047303	3.9311314208703894	18.226217256969267	-4.522301018650039	56.81000794899459	386.0141463388563	27.984833773413452	17.840934449090714	4.4815368478858755	5.676596555423881	13.51789170918952	-15.431589840260886	-32.56539868060265
Greece	1.3140872277161433	-83354.27052054401	-8.33223056307692	9.062375927602321	9.326397653388938	38.11519580102965	33.80408871230725	-29.92840102956345	-3.3653049958376187	4.780394017420025	6.99407021300814	-4.118112024465973	27.96910633998541	81.2248422863799	40.963374672334545	15.584413897755876	4.428061076151735	3.5703747832381114	3.2670094336914826	inf	-9.009264052671075
Greenland																					
Grenada																					
Guam																					
Guatemala	2.055702130466479	-41728.7929928904	-4.172289417913514	11.074318896728032	41.205841849821184	89.33147673204301	26.269124285103544	-10.693351148528757	-3.180967580972209	4.020544224826863	23.17542804936599	-4.155018991718823	52.96915343067913	365.3831376055779	49.45570794246507	25.83670100985243	4.348005636303396	6.8568664745526	23.143829585262353	-25.460226444507487	-95.95457751220172
Guinea																					
Guinea-Bissau																					
Guyana																					
Haiti																					
Heavily indebted poor countries (HIPC)																					
High income																					
High income: OECD																					
High income: nonOECD																					
Honduras	2.1649090373834246	-57905.24254174927	-5.789107091523631	6.094518884116149	24.10802719976665	130.8662177091045	32.06461458873279	-11.09109350495436	-2.8529734432780054	3.6317849372983337	17.938717636709804	-3.8735708822620794	70.10835097618089	385.5373292725286	69.40606310615742	34.95711373205689	10.157245318710725	6.222054574631057	15.881921422303057	-15.036461866853537	-156.45958552542308
Hong Kong SAR, China																					
Hungary	2.3293564336768497	-77546.82234065047	-7.75153096229042	8.029561667115594	inf	3221.3539512320976	52.75757678378803	-29.394856897036323	-20.07541678617134	4.056851181611368	92305.4292871226	-73.78911932940696	inf	4615.057111475201	51.55318540490375	-31.90404238268136	3.4951324833493196	2.2945952147772095	3.630099263026552	-9.751513197054473	-14.94229894779826
Iceland																					
India																					
Indonesia																					
Iran, Islamic Rep.																					
Iraq																					
Ireland	3.027777008403862	-48713.372478443256	-4.869993878501509	9.160458547957191	inf	269.60298267691195	29.37319222145293	-61.02070568201576	-8.869483428671048	4.673702732630573	156477.6715442636	-11.546757572372076	inf	142.05469762557775	17.463377829759963	546.4595356474265	42240.74007426424	2.292918260613895	5.759195646609129	-8.740845904758991	-23.56456357053793
Isle of Man																					
Israel																					
Italy	1.865865851855734	-86757.84221124026	-8.671934716719788	6.7014134108068175	10.21671090584145	301.64080958526796	114.22707503556748	-32.79096158800212	-4.208504143924096	3.333273865265352	5.837549557749811	-5.3225814519528605	13.620220399080313	287.4628061280927	69.98114955047843	22.351106327482448	3.4781374744940945	3.320905575033316	5.009117681267012	-6.7975007111699846	-11.916454528308584
Jamaica	2.0318843047429267	-61678.41564229223	-6.16638559000235	5.737316492712771	37.95652472765467	47.68208866835181	21.018975385365255	-19.494759080567544	-3.51206774751806	3.443117697855232	28.464949484738973	-4.545517560059066	113.81598142369425	49.33689702162332	19.559213440011874	16.59524563923144	4.658343776719397	8.829807639541503	24.663033159072125	-4.699799375275529	-147.41611294643016
Japan																					
Jordan	2.0443811758635033	-106170.60912523989	-10.611491220712546	4.530846304904751	43.57656095594343	44.263616977064096	29.05306821437131	-15.836637871313966	-4.032653951816496	2.304783029258045	26.812586789765156	-5.169260876188715	69.70596546552626	896.2887216415979	66.6398277516713	9.045735632139612	6.848509271031575	8.758493425887705	12.881897954632478	-4.476885415654626	-44.191736808059304
Kazakhstan																					
Kenya	2.6373294999646504	-50782.79879028871	-5.077299177291134	17.092887467214233	344.3251538842138	17.432300268123647	7.285223191379273	-15.728683363527113	-2.5840839851013415	4.821956493710556	183.60307689367815	-3.530646321783612	393.42143804661356	112.15712230373533	15.324609834067246	13.141773481922234	4.619794719648308	34.07858771929725	68.77421405346811	-10.172051074398526	60.88857692133457
Kiribati																					
Korea, Dem. Rep.																					
Korea, Rep.																					
Kosovo																					
Kuwait																					
Kyrgyz Republic	3.74280706252019	-37625.74239337687	-3.761943326792596	4.772181126664722	inf	61.36777174628126	31.501214946255686	-13.581890994209447	-3.614009065862549	2.4364003233808673	inf	-4.82591036504022	inf	6493.998193102995	864.1684665083383	8.330110693620409	42046.67005106221	15.082176135601307	37.129332012368984	-7.389353369205019	52.232112663032005
Lao PDR	2.6791024720667647	-75172.56662252461	-7.514522391463292	12.30221894832171	inf	38.497529408621105	21.44033365933736	-13.370091863462363	-3.2455486028614033	3.6494764501498853	inf	-4.448892717783098	inf	97.37268978827464	28.847101380805313	7.895983387647923	47779.55590635581	50.34935087647455	29.41608444684772	-45.58104998024748	27.090043887953822
Latin America & Caribbean (all income levels)																					
Latin America & Caribbean (developing only)																					
Latvia	2.210140653903172	-71863.48571525313	-7.183665262207217	5.009435659898744	inf	103.13182134607858	22.908443177755736	-13.396695266273696	-5.439622644716737	2.690710920951093	153611.6319284506	-6.484474676857292	inf	400.3019068447283	39.23112035625289	32.55003480874189	45338.515904216205	3.345199938540891	10.142567979647977	-5.641221131616388	-58.88404675957411
Least developed countries: UN classification																					
Lebanon																					
Lesotho																					
Liberia	3.3240170142358663	-42926.314936180825	-4.291834826811538	13.320171048951552	inf	28.322603426208136	14.380173479400844	-29.065966726707323	-2.91146951426884	4.550429358844874	inf	-4.053242596028531	inf	276.60981955912484	37.99476087252333	9.121577660529743	43681.25399619246	56.76993187762627	41.39554529696046	-20.83477958423844	28.914710208195586
Libya																					
Liechtenstein																					
Lithuania	2.6094764004561846	-52871.140123431374	-5.285644641066005	6.195509166635094	inf	213.1392442164118	21.930112889654588	-21.711308954538435	-9.941287856027982	3.1771989098814064	167125.17735597346	-12.87395691039653	inf	639.2192874384496	29.1337251852232	-162.42382900966857	43196.738857664954	2.4836219600959297	6.920387866335104	-6.56299975125342	-36.91333036847551
Low & middle income																					
Low income																					
Lower middle income																					
Luxembourg																					
Macao SAR, China																					
Macedonia, FYR																					
Madagascar	1.853414238684621	-82465.09360850135	-8.243946045050905	13.805100835645774	107.26416661675526	14.636597687419158	9.115488434093539	-19.26542766158523	-3.2098129993048863	7.452841011273417	107.25602168408793	-4.317768197827087	429077.040651754	10462.468256502925	213.5514537858994	10.059533875309297	4.873033672585356	29.831203687646425	25.40021140477551	-21.04268710255976	179.84722845929196
Malawi	2.121518246565925	-91365.68349890126	-9.133254597379624	7.595604100354342	214.45888948076674	22.20755805541376	10.652997448088787	-43.11797676963007	-2.8677998825977977	5.520841063033265	214.43665707371477	-3.8896160137457656	1286795.1447493485	254.14510405849313	50.01199873730796	11.958239885908776	5.018055463139983	70.6434482650248	80.79214399500724	-8.919747760856435	41.46917531753376
Malaysia	4.604197978423509	-70239.58739014315	-7.021455866584066	4.409731862695675	54.39352252594837	93.6889936427917	37.60167052553334	-12.219649979704526	-2.7656819781604196	2.1904147873169753	29.006511492403476	-3.8975865096615157	62.15657306854708	130.8604614056076	28.522239377025862	15.303672707328106	3.6574946682917613	11.95561786933876	55.95342049021098	-16.98215674916083	-416.3500197438633
Maldives																					
Mali	1.9970707793236802	-46145.56526867969	-4.613895227809494	10.987201282184367	261.5591028682212	53.58806376101772	18.44669449239748	-10.14892908671835	-3.270146327045684	5.003708973789396	261.53278112787035	-4.380397486778626	1046287.3645894916	970.7976708222018	92.07359782860493	7.748890271616657	6.374303558767607	123.08517738090947	37.95296616006781	-9.395983058102336	36.88545585295641
Malta																					
Marshall Islands																					
Mauritania																					
Mauritius	2.69978998132866	-66979.67045718059	-6.695934994123517	4.852372007155791	60.50545880276646	74.62575206534062	28.94589054471807	-10.293690669466248	-3.3668346882692326	2.472573625777802	29.03982318248988	-4.41253257692268	55.844310409701485	84.6891592534113	22.30946580380764	8.863833999287225	4.73861620307562	13.540484386690977	28.86657492783452	-7.249260209522546	-172.66422064774446
Mexico	2.642226781328062	-52083.1276495789	-5.207070355928146	5.3261894243111945	18.582913059104666	122.33290461995193	36.67306431152493	-11.600177717880008	-3.489372616178134	2.6699729821658154	10.134994936855103	-4.694233430916119	22.296572912685512	1099.5100475252332	129.92784473164807	20.65404159435743	4.457329474019182	4.720503513758813	11.66613977275693	-13.043499314107377	-27.162904377713716
Micronesia, Fed. Sts.																					
Middle East & North Africa (all income levels)																					
Middle East & North Africa (developing only)																					
Middle income																					
Moldova	2.6271480521186605	-64597.34439042376	-6.457508452682228	6.012190096271475	42.56731522265972	68.82585396699776	27.499428715965774	-13.156617233925843	-5.843613195502467	3.1133509442022427	26.19206669471524	-7.422013743026529	68.08352634667239	2981.417205206811	244.42473237243024	16.90234717048078	6.386171500111803	3.9031316266159526	7.437369015634537	-14.61762440730182	-20.604245776760635
Monaco																					
Mongolia	3.4320088122032084	-75096.5084545196	-7.506417862765603	5.298525262706566	24.506118776537186	64.92038901217612	20.33738685155418	-15.121801478386717	-4.064510574736637	2.813055837826342	17.296371392713954	-5.244412473612824	58.79823444086525	210.77578307170387	31.450396201561265	13.674102834253198	10.518122693447054	5.733470949470719	16.690572164162383	-13.354210003319963	-59.57974612830239
Montenegro																					
Morocco																					
Mozambique	1.7930017846598691	-48976.01132987785	-4.8968204567756715	12.69980952298999	28.5319841572702	34.29349786022461	11.982376019290946	-136.8590592831186	-3.329996310224014	11.277813065327942	20.138283934269506	-4.19938664078518	68.45764185024488	140.72804798287166	22.40090868105672	16.945735632297616	4.4694762629299145	8.462441442079664	22.579901120412277	-10.385444313085646	-101.73518733311616
Myanmar																					
Namibia																					
Nepal	1.7052594411973432	-77875.63120825119	-7.784952029160226	18.794024550520245	35.78574900676403	18.154296539347527	12.955201993657003	-13.741829705850034	-3.4475890914442697	6.121641047613421	35.78081123036875	-4.556326810227069	214720.64819344284	164.36147523415914	56.68665622166631	8.253944350527469	6.537992134645394	10.52279901044116	7.259154076486847	-31.322342280850297	-27.05520267821519
Netherlands	5.295085151014673	-55867.41764288208	-5.584826134615864	5.594993208210812	inf	172.00526714215755	80.17635972242523	-100.26283232932666	-4.531893017427881	2.848328462389699	147197.2077812596	-5.90821305309946	inf	76.18090395248792	23.776774519980012	10.70376886258326	44515.70480517947	5.6481809838130514	17.282658570427365	-10.438291895539525	-100.66232381991603
New Caledonia																					
New Zealand																					
Nicaragua																					
Niger	1.875689407903243	-102695.61949636677	-10.265495425607677	17.975005419714744	186.97276535667052	23.28032506530186	10.365423055549432	-9.926662417497386	-3.7444648368426123	3.7982948152129556	186.95078875528768	-4.915155350020238	1121872.845905867	5298.347477115438	281.1447102019656	6.99936427482842	7.117197489226021	67.73018735267891	54.26583361045643	-12.908334294302737	33.68139786885503
Nigeria	2.8419036215955114	-33383.35752614575	-3.3379681416871536	15.35269806698858	653.3849522492375	28.985355738365545	12.740614014540109	-11.348815252297591	-2.6570781420980008	4.711947778623281	435.5462376617263	-3.658295464062139	1306.4756290215887	130.00041649476583	19.728020588842966	11.013506929210351	4.265484971358049	321.99276269940225	244.77290057574103	-12.461147716587215	40.98239148306864
North America																					
Northern Mariana Islands																					
Norway																					
OECD members																					
Oman																					
Other small states																					
Pacific island small states																					
Pakistan	1.6758188311196234	-69590.96429453309	-6.957415027640843	11.181595845940523	59.19669579713196	32.078923604344865	24.777616539056428	-8.857791779173484	-3.9701285025747746	4.491562547029587	46.19633872887226	-5.31143044773999	210.3883896935012	2403.598604082761	306.54245867280866	6.515392049497137	6.652912438191712	33.56057930293834	16.477557317495737	-13.428663783026684	269.04825018283293
Palau																					
Panama	3.923267722581846	-36747.78666488168	-3.674183669786105	6.242337825452524	36.56187030981134	123.74883129299477	53.022482154550204	-22.2760280074768	-2.4666683997376313	3.0152220818594997	20.8900196309591	-3.6177926803186313	48.742090134884286	272.40490944521963	115.22910400019772	20.267876887598607	5.972956829633299	10.166648959035015	18.886733528054254	-16.842529288145315	-91.56899925998528
Papua New Guinea																					
Paraguay	1.9189183633960925	-59928.57359420185	-5.991402006450009	6.351939229840815	30.79959035677984	69.233269823388	25.91447907828395	-9.754871977183669	-3.645608707756621	3.2467018252419004	17.88108259927591	-4.698324053365951	42.63696026897333	1784.479184368768	45.83030996109674	30.757150708072363	4.538014923587415	4.441544466693298	12.681428984518927	-12.505177237588969	-29.153804712045787
Peru	2.400258175709181	-72790.38924040555	-7.276615960841755	5.363498070399148	35.32159028681937	78.95878394591017	23.438895398810907	-13.017610919536677	-2.8899851253133795	3.146878740830159	19.264027299230577	-3.9133606307796818	42.38046482472637	655.8126666192641	60.366330783660636	18.30843300881126	6.702257496118467	8.985825848051938	21.763246534805933	-14.903999506656389	-279.61933660305374
Philippines	2.2103039485043046	-71183.21930201518	-7.115987021915048	9.280866304974676	30.172266477126158	19.956080252438777	12.945947304316046	-12.885191133187627	-2.8034497592187404	4.421218698559301	17.447133076375255	-3.8196999680072588	41.37287184842953	380.9575898632107	31.190072637265175	11.27071421320021	6.5946831911726145	12.183163718646588	11.134378640500445	-11.797023711785897	-52.92789092500341
Poland	2.591487329601723	-45263.603187814595	-4.525407127922345	9.858999240196026	15.980056840374466	206.55936330240348	69.74421495599242	-43.186000891141674	-6.727924352695264	4.997924587024557	8.427872739718564	-8.549722016961379	17.836066537264507	571.8374224067455	78.76229345613429	40.308763821898864	3.2426606865740912	3.1582363785468925	5.459351609614847	-11.837818211008146	-15.160722351010454
Portugal																					
Puerto Rico																					
Qatar																					
Romania	2.4755484782114947	-62971.29580269094	-6.295051955342791	7.031841382543601	14.324249010243202	196.54718181662443	59.16570326019734	-31.80116082076658	-7.380211636857382	3.682279028388466	8.487491149234215	-9.374630018256129	20.831867288779502	951.0914809796648	150.35533688180067	28.13599560130265	4.494803874808503	3.6744585844513757	5.935935522762642	-11.860076593694819	-15.749255126634184
Russian Federation																					
Rwanda	2.6198018384950155	-38118.28976778988	-3.8113344465978405	8.989217069097165	169.0825093593116	39.67281567600202	17.93509914185408	-29.41676811035527	-2.837341858889778	8.710615200922776	109.66218956280578	-3.8952691946061826	312.06640641939345	90.52838896234644	37.40587616323188	12.261242052531772	4.3689611741512655	35.171286011100065	87.10704953290163	-129.19883191663004	59.58195693747883
Samoa																					
San Marino																					
Sao Tome and Principe																					
Saudi Arabia																					
Senegal	1.4970835416963564	-103582.1321429008	-10.353978130174427	8.885571569017845	22.428791237969012	37.71803271060626	20.371496908147236	-16.941861063739626	-2.8577772270819675	4.713049385768131	15.601241319200048	-3.8226874556019395	51.252154943837155	809.6731549315041	114.82679725207697	11.676157776633907	4.804753800126045	13.513854107566173	8.161176787890176	-7.019986293628635	-29.412735512614194
Serbia																					
Seychelles																					
Sierra Leone																					
Singapore																					
Sint Maarten (Dutch part)																					
Slovak Republic	2.64803412141586	-54157.35751217201	-5.414192741897387	6.728629662433327	inf	55.94182384769908	24.149407798571392	-29.24134697627759	-4.459810617292299	3.4071513054598257	147088.6919015078	-5.64889469725715	inf	61.198898997677595	21.477679790494882	10.344624745647375	43406.527703044776	5.238901057953489	8.889742246495066	-5.875677314379424	-39.063609338905614
Slovenia	2.798688529273161	-75362.88086609813	-7.5332363839534615	8.148089802767116	13.088870963673395	282.70880787264076	36.295192054409846	-68.16234828507969	-11.495330917194382	4.118348968324988	7.390745245833276	-15.933225705166604	16.97773328414923	417.2244948824473	37.33400614928665	156.44097399193024	3.5218006471533583	4.204227204213914	6.5176148994596	-9.975342166295961	-17.85608362698422
Small states																					
Solomon Islands																					
Somalia																					
South Africa	2.4622262194414004	-55152.27953538057	-5.514032894406978	7.560681921940247	inf	33.05119313852254	9.697125275649551	-96.03472916578258	-2.79745690174058	4.47831150231081	399633.20181877806	-3.726356327400395	inf	83.16758485867815	17.383581593625472	53.054551340819266	46108.737253203304	11.130556101126546	53.35459950958632	-3.461511490235039	19.616006524342602
South Asia																					
South Sudan																					
Spain	1.6255304611842585	-94684.69757791604	-9.463744742916568	7.3323274186817695	inf	57.13953596550037	20.71898880019667	-35.46201423972753	-3.8044074014382825	3.698337187955345	123053.97853719775	-4.695271441256759	inf	56.429483450565314	13.12377036026031	21.869995931101048	45070.244263522356	3.1524204340405424	5.057310400396543	inf	-18.41918128481764
Sri Lanka	3.6247094591872324	-56532.99779589075	-5.6518233408440635	4.654272942617187	135.38516555791136	51.71267146337902	34.816527053403945	-9.19019997975173	-3.2934523582493687	2.3759338875338614	84.0207869500746	-4.418571751085329	221.4860685079609	106.08246805717117	28.384588938791804	7.338788754753935	4.674713375001574	26.2072650825094	57.12209258984442	-13.657790851061376	274.6147027024667
St. Kitts and Nevis																					
St. Lucia																					
St. Martin (French part)																					
St. Vincent and the Grenadines																					
Sub-Saharan Africa (all income levels)																					
Sub-Saharan Africa (developing only)																					
Sudan																					
Suriname																					
Swaziland																					
Sweden	4.456550759015868	-46978.93780763484	-4.696759339269237	12.00116879208938	17.948639404966436	118.73881750309182	33.8915468598346	-72.92582726434007	-6.898651388606682	6.152574932237019	7.976348876339989	-8.48319421448376	14.357755487112671	80.5283346758699	22.28210606024201	21.384607371115276	4.414098776347186	4.498728539179673	11.067068405465857	-18.14972325995513	-29.08602746598352
Switzerland																					
Syrian Arab Republic	2.5757165987161357	-73620.6447176846	-7.359615589844106	5.578539407607788	124.335727977024	20.89856042519395	10.769564795464518	-9.949469068997661	-3.207553895511148	2.880173904552993	124.32104377181402	-4.348885946627176	746037.9968979821	244.23339368189775	139.1555070794168	7.517954556288517	6.806141944131056	49.90094699401337	31.663681136395798	-6.211249656450579	82.09418902385528
Taiwan, China																					
Tajikistan																					
Tanzania	3.5668857795494726	-46902.91028204349	-4.689298177457427	11.181576128917271	inf	30.12014815352028	14.137265181909198	-17.22066920597051	-3.1910161024866244	3.358888087394623	inf	-4.3365442850127245	inf	387.4969989155564	43.459821756746024	7.812145625479879	44699.605399486885	60.43684875580592	108.18484888480835	-19.527338172214662	24.586889974368596
Thailand	8.499581934622894	-61677.23709442626	-6.16547444068036	4.508938445249615	29.24748654410187	172.69127338195153	113.1787600690567	-34.14003558548061	-3.5232784890797646	2.395572877054983	17.723763728224114	-4.876606195711537	44.98997553903139	157.4233469096064	57.54980499728325	10.602236196688954	6.625743327016384	8.191675970275215	36.54003351532266	-80.10297348737403	-181.00597854017408
Timor-Leste																					
Togo																					
Tonga																					
Trinidad and Tobago																					
Tunisia																					
Turkey	3.7264179705295777	-48743.25261692458	-4.873285524555713	5.592593788994017	263.11100727593254	29.19422033691487	11.524817866116374	-31.581034014238167	-2.7695333201836374	2.9508377922382762	157.85068031742162	-3.8437698630599493	394.60219929408703	901.1506292788316	139.06377408337738	9.81879706234005	6.474353511723952	76.79355010465252	185.40956228765842	-6.641156951558849	45.388355471956366
Turkmenistan																					
Turks and Caicos Islands																					
Tuvalu																					
Uganda																					
Ukraine																					
United Arab Emirates																					
United Kingdom	4.257086272705891	-54958.91546957973	-5.4943089039327635	11.444730114763583	13.941984285281556	728.0015539771919	67.62235184758873	-112.79816514485297	-9.563931168338053	5.72236455433493	6.312707834785909	-14.770432795117348	11.537230796898585	469.50992071944364	46.05672454682938	-56.46127982451503	3.4314628979360515	3.286531929373925	7.086326732140495	-18.692844041300667	-25.214790635692697
United States	10.712427421772759	-42724.010800724514	-4.271274755465896	23.920458313397795	inf	96.5183021729769	607.703827437298	-213.78305537805494	-4.253544301343882	12.118884598464124	122880.73623581075	-5.6928686281768135	inf	135.66146163931506	403.9537288836691	33.72653054050695	42511.90691627829	2.3512489637844807	12.215452371723115	-40.12284924766205	-72.5385479402582
Upper middle income																					
Uruguay	3.165561170147732	-60078.86471658356	-6.006071397910698	4.332678252046315	39.276104779216325	126.17111512978896	52.61556736077784	-26.13224692745767	-3.131128101563634	2.2796669997804058	20.196625113017067	-4.3125923299606725	41.580344184843	1285.6812957289292	169.68495451312756	14.431761179174456	6.486232872336645	7.127585686433083	16.281982667743534	-8.181113946319218	-57.19028663694557
Uzbekistan																					
Vanuatu																					
Venezuela, RB																					
Vietnam	4.2961494966432126	-56716.64898932666	-5.669833436379565	4.876413911776718	inf	58.0384249880455	30.003393883787588	-9.276742279968332	-3.4092722873532018	2.3237759578341644	485628.9971039073	-4.646652534657524	inf	671.4336630781673	120.43196843211446	9.382287032834672	44997.2349457742	10.066059167879377	23.21291110948154	-28.312349387227073	270.7982465000149
Virgin Islands (U.S.)																					
West Bank and Gaza																					
World																					
Yemen, Rep.																					
Zambia	1.729413284390232	-63407.01983732345	-6.339347880411482	14.875751395479181	34.796987288955194	22.66458404898903	10.482345683913033	-28.91093802407295	-2.74530075808449	6.51068016113884	24.560237207715502	-3.6491293113046144	83.48951027868618	346.7988630602382	27.31179650431716	21.824754105718817	4.678815819324046	12.268774943738181	20.78443178335037	-6.501124223922377	-538.6018140657811
Zimbabwe																					
Mumbai																					
